Order ID,Workflow ID,Store Name,Store ID,Shop ID,Order Date,Order Accept Time,Dining Mode,Payment Mode,Order Channel,Item Name,External ID ,External Data,Item Priced By,Unit Sold By,Estimated Average Weight,Requested Weight,Final Weight,Requested Count,Final Count,Requested Quantity,Final Quantity,Unit price,Customer Uber-Membership Status,Sales (excl. VAT),VAT1 on Sales,VAT2 on Sales,VAT3 on Sales,Sales (incl. VAT),Order Error Adjustments (excl. VAT),VAT 1 on order error adjustments,VAT 2 on order error adjustments,VAT 3 on order error adjustments,Order Error Adjustments (incl. VAT),Offers on items (excl. VAT),VAT 1 on offers on items,VAT 2 on offers on items,VAT 3 on offers on items,Offers on items (incl. VAT),Offer Redemption Fee,VAT On Offer Redemption Fee,Marketing Adjustment (incl. VAT),Meal Voucher,Meal Voucher provider,Price Adjustments (excl. VAT),VAT on Price Adjustments,Price Adjustments (incl. VAT),Delivery Fee (excl VAT),VAT1 on Delivery Fee,VAT2 on Delivery Fee,VAT3 on Delivery Fee,Delivery Fee (incl VAT),Pick and Pack Fee,VAT On Pick And Pack Fee,Bag Fee,Delivery Offer Redemptions (excl. VAT),VAT on Delivery Offer Redemptions,Delivery Offer Redemptions (incl. VAT),Total Order (incl VAT),Merchant to Customer Invoice Link,Cost of Delivery (excl VAT),VAT on cost of delivery,Cost of Delivery (incl VAT),Courier to Merchant Invoice Link,Marketplace Fee before discount (excl VAT),Marketplace Fee discount (excl VAT),Marketplace Fee after discount (excl VAT),VAT on Marketplace fee after discount ,Marketplace Fee after discount (incl VAT),Uber to Merchant Invoice Link,VAT Adjustment,Profit on Delivery Fee,Tips,Other payments description,Other payments (incl VAT),Total payout ,Payout Date,Order Status,Retailer Loyalty ID,Payout reference ID
#3C8BC,1f7be2df-0c20-49e3-bb2f-c0eb45e3c8bc,GULA - Cartagena,,742103f3-6a55-5738-86dd-9901b0f26beb,5/1/26,2:12 PM,Delivery - Partner Using Uber App,Unknown,iOS,,,,,,,,,,,,,,Uber One member,38,0,3.8,0,41.8,0,0,0,0,0,-9.35,0,-0.94,0,-10.29,0,0,0,0,,0,0,0,0,0,0,0,0,0,0,0,0,0,0,31.51,https://restaurant.uber.com/manager/payments/invoices/order/2916e278-bff9-5d83-a111-49895a5efa46?invoiceType=restaurant_to_customer,0,0,0,,-6.14,0,-6.14,-1.29,-7.43,https://restaurant.uber.com/manager/payments/download-invoice?invoiceUUID=d32b6d13-9ede-5beb-973f-c375e9594017,0,0,0,,0,24.08,5/4/26,Completed,,0A2KV5VLQ9BN
,1f7be2df-0c20-49e3-bb2f-c0eb45e3c8bc,,,742103f3-6a55-5738-86dd-9901b0f26beb,5/1/26,2:12 PM,Delivery - Partner Using Uber App,,iOS,Spicy V,Que_Chille,,Count,Count,0,0,0,1,1,1,1,13.9,,12.64,0,1.26,0,13.9,0,0,0,0,0,,,,,,,,,,,,,,,,,,,,,,,,,,,,,,,,,,,,,,,,,,,,,,
,1f7be2df-0c20-49e3-bb2f-c0eb45e3c8bc,,,742103f3-6a55-5738-86dd-9901b0f26beb,5/1/26,2:12 PM,Delivery - Partner Using Uber App,,iOS,Fritas Buffalo Ranch,Fritas_Buffalo_Ranch,,Count,Count,0,0,0,1,1,1,1,7.5,,6.81,0,0.69,0,7.5,0,0,0,0,0,,,,,,,,,,,,,,,,,,,,,,,,,,,,,,,,,,,,,,,,,,,,,,
,1f7be2df-0c20-49e3-bb2f-c0eb45e3c8bc,,,742103f3-6a55-5738-86dd-9901b0f26beb,5/1/26,2:12 PM,Delivery - Partner Using Uber App,,iOS,The Trufa Corp Chicken,The_Trufada_Corp_Chi,,Count,Count,0,0,0,1,1,1,1,13.9,,12.64,0,1.26,0,13.9,0,0,0,0,0,,,,,,,,,,,,,,,,,,,,,,,,,,,,,,,,,,,,,,,,,,,,,,
,1f7be2df-0c20-49e3-bb2f-c0eb45e3c8bc,,,742103f3-6a55-5738-86dd-9901b0f26beb,5/1/26,2:12 PM,Delivery - Partner Using Uber App,,iOS,Fritas Trufadas,Fritas_Trufadas,,Count,Count,0,0,0,1,1,1,1,6.5,,5.91,0,0.59,0,6.5,0,0,0,0,0,,,,,,,,,,,,,,,,,,,,,,,,,,,,,,,,,,,,,,,,,,,,,,
#AA50A,8a2a5996-5b70-4c7e-be56-d7bb312aa50a,GULA - Cartagena,,742103f3-6a55-5738-86dd-9901b0f26beb,5/1/26,1:49 PM,Delivery - Partner Using Uber App,Unknown,iOS,,,,,,,,,,,,,,Uber One member,18.55,0,1.85,0,20.4,0,0,0,0,0,-5.57,0,-0.55,0,-6.12,0,0,0,0,,0,0,0,0,0,0,0,0,0,0,0,0,0,0,14.28,https://restaurant.uber.com/manager/payments/invoices/order/e9853e55-bb68-5b67-9ed3-009f77ba0485?invoiceType=restaurant_to_customer,0,0,0,,-2.78,0,-2.78,-0.58,-3.36,https://restaurant.uber.com/manager/payments/download-invoice?invoiceUUID=d32b6d13-9ede-5beb-973f-c375e9594017,0,0,0,,0,10.92,5/4/26,Completed,,0A2KV5VLQ9BN
,8a2a5996-5b70-4c7e-be56-d7bb312aa50a,,,742103f3-6a55-5738-86dd-9901b0f26beb,5/1/26,1:49 PM,Delivery - Partner Using Uber App,,iOS,Fritas Trufadas,Fritas_Trufadas,,Count,Count,0,0,0,1,1,1,1,6.5,,5.91,0,0.59,0,6.5,0,0,0,0,0,,,,,,,,,,,,,,,,,,,,,,,,,,,,,,,,,,,,,,,,,,,,,,
,8a2a5996-5b70-4c7e-be56-d7bb312aa50a,,,742103f3-6a55-5738-86dd-9901b0f26beb,5/1/26,1:49 PM,Delivery - Partner Using Uber App,,iOS,The Pope' s Burger,The_Pope'_s_Burger,,Count,Count,0,0,0,1,1,1,1,13.9,,12.64,0,1.26,0,13.9,0,0,0,0,0,,,,,,,,,,,,,,,,,,,,,,,,,,,,,,,,,,,,,,,,,,,,,,
#F69C1,4f380e4a-4bca-4608-a7b6-e17869df69c1,GULA - Cartagena,,742103f3-6a55-5738-86dd-9901b0f26beb,5/1/26,2:05 PM,Delivery - Partner Using Uber App,Unknown,Unknown,,,,,,,,,,,,,,Non-member,30.73,0,3.07,0,33.8,0,0,0,0,0,0,0,0,0,0,0,0,0,0,,0,0,0,0,0,0,0,0,0,0,0,0,0,0,33.8,https://restaurant.uber.com/manager/payments/invoices/order/bd91fe02-f5ac-5384-aee5-fb76a1d0fbb9?invoiceType=restaurant_to_customer,0,0,0,,-6.08,0,-6.08,-1.28,-7.36,https://restaurant.uber.com/manager/payments/download-invoice?invoiceUUID=d32b6d13-9ede-5beb-973f-c375e9594017,0,0,0,,0,26.44,5/4/26,Completed,,0A2KV5VLQ9BN
,4f380e4a-4bca-4608-a7b6-e17869df69c1,,,742103f3-6a55-5738-86dd-9901b0f26beb,5/1/26,2:05 PM,Delivery - Partner Using Uber App,,Unknown,The Sinner Combo,The_Sinner_Combo,,Count,Count,0,0,0,1,1,1,1,14.9,,15.36,0,1.54,0,16.9,0,0,0,0,0,,,,,,,,,,,,,,,,,,,,,,,,,,,,,,,,,,,,,,,,,,,,,,
,4f380e4a-4bca-4608-a7b6-e17869df69c1,,,742103f3-6a55-5738-86dd-9901b0f26beb,5/1/26,2:05 PM,Delivery - Partner Using Uber App,,Unknown,The Sinner Combo,The_Sinner_Combo,,Count,Count,0,0,0,1,1,1,1,14.9,,15.37,0,1.53,0,16.9,0,0,0,0,0,,,,,,,,,,,,,,,,,,,,,,,,,,,,,,,,,,,,,,,,,,,,,,
#F9884,c5ba97f5-672f-424a-bda3-f509ed8f9884,GULA - Cartagena,,742103f3-6a55-5738-86dd-9901b0f26beb,5/1/26,3:23 PM,Delivery - Partner Using Uber App,Unknown,iOS,,,,,,,,,,,,,,Non-member,38.91,0,3.89,0,42.8,0,0,0,0,0,-8.13,0,-0.81,0,-8.94,0,0,0,0,,0,0,0,0,0,0,0,0,0,0,0,0,0,0,33.86,https://restaurant.uber.com/manager/payments/invoices/order/babef0d1-edd5-5095-800a-78c6375dfcd7?invoiceType=restaurant_to_customer,0,0,0,,-6.09,0,-6.09,-1.28,-7.37,https://restaurant.uber.com/manager/payments/download-invoice?invoiceUUID=d32b6d13-9ede-5beb-973f-c375e9594017,0,0,0,,0,26.49,5/4/26,Completed,,0A2KV5VLQ9BN
,c5ba97f5-672f-424a-bda3-f509ed8f9884,,,742103f3-6a55-5738-86dd-9901b0f26beb,5/1/26,3:23 PM,Delivery - Partner Using Uber App,,iOS,The Trufa Corp,The_Trufa_Corp,,Count,Count,0,0,0,1,1,1,1,14.9,,19.46,0,1.94,0,21.4,0,0,0,0,0,,,,,,,,,,,,,,,,,,,,,,,,,,,,,,,,,,,,,,,,,,,,,,
,c5ba97f5-672f-424a-bda3-f509ed8f9884,,,742103f3-6a55-5738-86dd-9901b0f26beb,5/1/26,3:23 PM,Delivery - Partner Using Uber App,,iOS,The Trufa Corp,The_Trufa_Corp,,Count,Count,0,0,0,1,1,1,1,14.9,,19.45,0,1.95,0,21.4,0,0,0,0,0,,,,,,,,,,,,,,,,,,,,,,,,,,,,,,,,,,,,,,,,,,,,,,
#F9884,c5ba97f5-672f-424a-bda3-f509ed8f9884,GULA - Cartagena,,742103f3-6a55-5738-86dd-9901b0f26beb,5/1/26,3:23 PM,,,Unknown,,,,,,,,,,,,,,Non-member,0,0,0,0,0,-9.34,0,-0.94,0,-10.28,0,0,0,0,0,0,0,,0,,0,0,0,0,0,0,0,0,0,0,0,0,0,0,-10.28,,0,0,0,,0,0,0,0,0,,0,0,0,,0,-10.28,5/4/26,Refund,,0A2KV5VLQ9BN
,c5ba97f5-672f-424a-bda3-f509ed8f9884,,,742103f3-6a55-5738-86dd-9901b0f26beb,5/1/26,3:23 PM,,,Unknown,The Trufa Corp,The_Trufa_Corp,,Count,Count,0,0,0,1,1,1,1,14.9,,0,0,0,0,0,-21.4,0,1.95,0,-21.4,,,,,,,,,,,,,,,,,,,,,,,,,,,,,,,,,,,,,,,,,,,,,,
,c5ba97f5-672f-424a-bda3-f509ed8f9884,,,742103f3-6a55-5738-86dd-9901b0f26beb,5/1/26,3:23 PM,,,Unknown,The Trufa Corp,The_Trufa_Corp,,Count,Count,0,0,0,1,1,1,1,14.9,,0,0,0,0,0,-21.4,0,1.95,0,-21.4,,,,,,,,,,,,,,,,,,,,,,,,,,,,,,,,,,,,,,,,,,,,,,
#863FA,481ffa19-67c9-4c52-abd4-41cfbe7863fa,GULA - Cartagena,,742103f3-6a55-5738-86dd-9901b0f26beb,5/1/26,3:11 PM,Delivery - Partner Using Uber App,Unknown,Android,,,,,,,,,,,,,,Uber One member,13.55,0,1.35,0,14.9,0,0,0,0,0,0,0,0,0,0,0,0,0,0,,0,0,0,0,0,0,0,0,0,0,0,0,0,0,14.9,https://restaurant.uber.com/manager/payments/invoices/order/9ac67ef2-88aa-5dd8-9235-bbc2545f4583?invoiceType=restaurant_to_customer,0,0,0,,-2.91,0,-2.91,-0.61,-3.52,https://restaurant.uber.com/manager/payments/download-invoice?invoiceUUID=d32b6d13-9ede-5beb-973f-c375e9594017,0,0,0,,0,11.38,5/4/26,Completed,,0A2KV5VLQ9BN
,481ffa19-67c9-4c52-abd4-41cfbe7863fa,,,742103f3-6a55-5738-86dd-9901b0f26beb,5/1/26,3:11 PM,Delivery - Partner Using Uber App,,Android,The Sinner Combo,The_Sinner_Combo,,Count,Count,0,0,0,1,1,1,1,14.9,,13.55,0,1.35,0,14.9,0,0,0,0,0,,,,,,,,,,,,,,,,,,,,,,,,,,,,,,,,,,,,,,,,,,,,,,
#97140,411e15e3-2b06-4bde-b479-420ddc297140,GULA - Cartagena,,742103f3-6a55-5738-86dd-9901b0f26beb,5/1/26,11:26 PM,Delivery - Partner Using Uber App,Unknown,iOS,,,,,,,,,,,,,,Non-member,30.82,0,3.08,0,33.9,0,0,0,0,0,0,0,0,0,0,0,0,0,0,,0,0,0,0,0,0,0,0,0,0,0,0,0,0,33.9,https://restaurant.uber.com/manager/payments/invoices/order/2747f4b3-8b84-5935-a254-d4a107c179bd?invoiceType=restaurant_to_customer,0,0,0,,-6.1,0,-6.1,-1.28,-7.38,https://restaurant.uber.com/manager/payments/download-invoice?invoiceUUID=d32b6d13-9ede-5beb-973f-c375e9594017,0,0,0,,0,26.52,5/4/26,Completed,,0A2KV5VLQ9BN
,411e15e3-2b06-4bde-b479-420ddc297140,,,742103f3-6a55-5738-86dd-9901b0f26beb,5/1/26,11:26 PM,Delivery - Partner Using Uber App,,iOS,Pleasure for 2,Pleasure_for_2,,Count,Count,0,0,0,1,1,1,1,31.9,,30.82,0,3.08,0,33.9,0,0,0,0,0,,,,,,,,,,,,,,,,,,,,,,,,,,,,,,,,,,,,,,,,,,,,,,
#9AC7E,57a489eb-41c3-4198-8a2f-fc326069ac7e,GULA - Cartagena,,742103f3-6a55-5738-86dd-9901b0f26beb,5/2/26,3:41 PM,Delivery - Partner Using Uber App,Unknown,iOS,,,,,,,,,,,,,,Non-member,39.64,0,3.96,0,43.6,0,0,0,0,0,-7.86,0,-0.78,0,-8.64,0,0,0,0,,0,0,0,0,0,0,0,0,0,0,0,0,0,0,34.96,https://restaurant.uber.com/manager/payments/invoices/order/b5f53c00-cf1e-53f2-802b-054fa9249172?invoiceType=restaurant_to_customer,0,0,0,,-6.29,0,-6.29,-1.32,-7.61,https://restaurant.uber.com/manager/payments/download-invoice?invoiceUUID=d32b6d13-9ede-5beb-973f-c375e9594017,0,0,0,,0,27.35,5/4/26,Completed,,0A2KV5VLQ9BN
,57a489eb-41c3-4198-8a2f-fc326069ac7e,,,742103f3-6a55-5738-86dd-9901b0f26beb,5/2/26,3:41 PM,Delivery - Partner Using Uber App,,iOS,Spicy V,Que_Chille,,Count,Count,0,0,0,1,1,1,1,13.9,,14,0,1.4,0,15.4,0,0,0,0,0,,,,,,,,,,,,,,,,,,,,,,,,,,,,,,,,,,,,,,,,,,,,,,
,57a489eb-41c3-4198-8a2f-fc326069ac7e,,,742103f3-6a55-5738-86dd-9901b0f26beb,5/2/26,3:41 PM,Delivery - Partner Using Uber App,,iOS,Agua 50cl,Agua_Solán_de_Cabras,,Count,Count,0,0,0,1,1,1,1,2,,1.82,0,0.18,0,2,0,0,0,0,0,,,,,,,,,,,,,,,,,,,,,,,,,,,,,,,,,,,,,,,,,,,,,,
,57a489eb-41c3-4198-8a2f-fc326069ac7e,,,742103f3-6a55-5738-86dd-9901b0f26beb,5/2/26,3:41 PM,Delivery - Partner Using Uber App,,iOS,Fanta Naranja lata 330ml.,Fanta_Naranja_lata_3,,Count,Count,0,0,0,1,1,1,1,2.8,,2.55,0,0.25,0,2.8,0,0,0,0,0,,,,,,,,,,,,,,,,,,,,,,,,,,,,,,,,,,,,,,,,,,,,,,
,57a489eb-41c3-4198-8a2f-fc326069ac7e,,,742103f3-6a55-5738-86dd-9901b0f26beb,5/2/26,3:41 PM,Delivery - Partner Using Uber App,,iOS,The Trufa Corp,The_Trufa_Corp,,Count,Count,0,0,0,1,1,1,1,14.9,,21.27,0,2.13,0,23.4,0,0,0,0,0,,,,,,,,,,,,,,,,,,,,,,,,,,,,,,,,,,,,,,,,,,,,,,
#DBEF3,d4832ef6-f885-437d-bf03-70e12aadbef3,GULA - Cartagena,,742103f3-6a55-5738-86dd-9901b0f26beb,5/2/26,9:29 PM,Delivery - Partner Using Uber App,Unknown,iOS,,,,,,,,,,,,,,Uber One member,32.64,0,3.26,0,35.9,0,0,0,0,0,-8.7,0,-0.87,0,-9.57,0,0,0,0,,0,0,0,0,0,0,0,0,0,0,0,0,0,0,26.33,https://restaurant.uber.com/manager/payments/invoices/order/e796aac9-c38d-5dd1-8500-d34c5359c3ce?invoiceType=restaurant_to_customer,0,0,0,,-5.13,0,-5.13,-1.08,-6.21,https://restaurant.uber.com/manager/payments/download-invoice?invoiceUUID=d32b6d13-9ede-5beb-973f-c375e9594017,0,0,0,,0,20.12,5/4/26,Completed,,0A2KV5VLQ9BN
,d4832ef6-f885-437d-bf03-70e12aadbef3,,,742103f3-6a55-5738-86dd-9901b0f26beb,5/2/26,9:29 PM,Delivery - Partner Using Uber App,,iOS,Pleasure for 2,Pleasure_for_2,,Count,Count,0,0,0,1,1,1,1,31.9,,32.64,0,3.26,0,35.9,0,0,0,0,0,,,,,,,,,,,,,,,,,,,,,,,,,,,,,,,,,,,,,,,,,,,,,,
#5724D,fee65e89-7fec-48c2-ada0-ccdbdc45724d,GULA - Cartagena,,742103f3-6a55-5738-86dd-9901b0f26beb,5/2/26,10:48 PM,Delivery - Partner Using Uber App,Unknown,Android,,,,,,,,,,,,,,Uber One member,36.73,0,3.67,0,40.4,0,0,0,0,0,-10.48,0,-1.04,0,-11.52,0,0,0,0,,0,0,0,0,0,0,0,0,0,0,0,0,0,0,28.88,https://restaurant.uber.com/manager/payments/invoices/order/d2231fe5-8666-5a89-bf6c-de0c33c3321e?invoiceType=restaurant_to_customer,0,0,0,,-5.63,0,-5.63,-1.18,-6.81,https://restaurant.uber.com/manager/payments/download-invoice?invoiceUUID=d32b6d13-9ede-5beb-973f-c375e9594017,0,0,0,,0,22.07,5/4/26,Completed,,0A2KV5VLQ9BN
,fee65e89-7fec-48c2-ada0-ccdbdc45724d,,,742103f3-6a55-5738-86dd-9901b0f26beb,5/2/26,10:48 PM,Delivery - Partner Using Uber App,,Android,Pleasure for 2,Pleasure_for_2,,Count,Count,0,0,0,1,1,1,1,31.9,,30.82,0,3.08,0,33.9,0,0,0,0,0,,,,,,,,,,,,,,,,,,,,,,,,,,,,,,,,,,,,,,,,,,,,,,
,fee65e89-7fec-48c2-ada0-ccdbdc45724d,,,742103f3-6a55-5738-86dd-9901b0f26beb,5/2/26,10:48 PM,Delivery - Partner Using Uber App,,Android,Fritas Bacon Queso,Fritas_Bacon_Queso,,Count,Count,0,0,0,1,1,1,1,6.5,,5.91,0,0.59,0,6.5,0,0,0,0,0,,,,,,,,,,,,,,,,,,,,,,,,,,,,,,,,,,,,,,,,,,,,,,
#5724D,fee65e89-7fec-48c2-ada0-ccdbdc45724d,GULA - Cartagena,,742103f3-6a55-5738-86dd-9901b0f26beb,5/2/26,10:48 PM,,,Unknown,,,,,,,,,,,,,,Uber One member,0,0,0,0,0,-17.61,0,-1.76,0,-19.38,0,0,0,0,0,0,0,,0,,0,0,0,0,0,0,0,0,0,0,0,0,0,0,-19.38,,0,0,0,,0,0,0,0,0,,0,0,0,,0,-19.38,5/4/26,Refund,,0A2KV5VLQ9BN
,fee65e89-7fec-48c2-ada0-ccdbdc45724d,,,742103f3-6a55-5738-86dd-9901b0f26beb,5/2/26,10:48 PM,,,Unknown,Pleasure for 2,Pleasure_for_2,,Count,Count,0,0,0,1,1,1,1,31.9,,0,0,0,0,0,-33.9,0,3.08,0,-33.9,,,,,,,,,,,,,,,,,,,,,,,,,,,,,,,,,,,,,,,,,,,,,,
,,GULA - Cartagena,,742103f3-6a55-5738-86dd-9901b0f26beb,5/3/26,,,,Unknown,,,,,,,,,,,,,,,0,0,0,0,0,0,0,0,0,0,0,0,0,0,0,0,0,0,0,,0,0,0,0,0,0,0,0,0,0,0,0,0,0,0,,0,0,0,,0,0,0,0,0,,0,0,0,Ad Spend,-22.31,-22.31,5/4/26,,,0A2KV5VLQ9BN
#75590,f513f341-b3f8-4153-9a94-3e05d7c75590,GULA - Cartagena,,742103f3-6a55-5738-86dd-9901b0f26beb,5/3/26,2:36 PM,Delivery - Partner Using Uber App,Unknown,iOS,,,,,,,,,,,,,,Uber One member,51.55,0,5.15,0,56.7,0,0,0,0,0,-12.2,0,-1.21,0,-13.41,0,0,0,0,,0,0,0,0,0,0,0,0,0,0,0,0,0,0,43.29,https://restaurant.uber.com/manager/payments/invoices/order/7d0c62fc-75c9-5b49-8bff-0adf663b100c?invoiceType=restaurant_to_customer,0,0,0,,-8.44,0,-8.44,-1.77,-10.21,https://restaurant.uber.com/manager/payments/download-invoice?invoiceUUID=d32b6d13-9ede-5beb-973f-c375e9594017,0,0,0,,0,33.08,5/4/26,Completed,,0A2KV5VLQ9BN
,f513f341-b3f8-4153-9a94-3e05d7c75590,,,742103f3-6a55-5738-86dd-9901b0f26beb,5/3/26,2:36 PM,Delivery - Partner Using Uber App,,iOS,Salsa Trufada,Salsa_Trufada,,Count,Count,0,0,0,1,1,1,1,1.8,,1.64,0,0.16,0,1.8,0,0,0,0,0,,,,,,,,,,,,,,,,,,,,,,,,,,,,,,,,,,,,,,,,,,,,,,
,f513f341-b3f8-4153-9a94-3e05d7c75590,,,742103f3-6a55-5738-86dd-9901b0f26beb,5/3/26,2:36 PM,Delivery - Partner Using Uber App,,iOS,Nuestras Fritas,Nuestras_Fritas,,Count,Count,0,0,0,3,3,3,3,3.4,,9.27,0,0.93,0,10.2,0,0,0,0,0,,,,,,,,,,,,,,,,,,,,,,,,,,,,,,,,,,,,,,,,,,,,,,
,f513f341-b3f8-4153-9a94-3e05d7c75590,,,742103f3-6a55-5738-86dd-9901b0f26beb,5/3/26,2:36 PM,Delivery - Partner Using Uber App,,iOS,The Trufa Corp,The_Trufa_Corp,,Count,Count,0,0,0,3,3,3,3,14.9,,40.64,0,4.06,0,44.7,0,0,0,0,0,,,,,,,,,,,,,,,,,,,,,,,,,,,,,,,,,,,,,,,,,,,,,,
#CE8D4,426830bd-9bc4-4c33-9c59-46d6186ce8d4,GULA - Cartagena,,742103f3-6a55-5738-86dd-9901b0f26beb,5/3/26,2:22 PM,Delivery - Partner Using Uber App,Unknown,Unknown,,,,,,,,,,,,,,Non-member,18.55,0,1.85,0,20.4,0,0,0,0,0,-5.57,0,-0.55,0,-6.12,0,0,0,0,,0,0,0,0,0,0,0,0,0,0,0,0,0,0,14.28,https://restaurant.uber.com/manager/payments/invoices/order/2ac7076a-28e3-576b-a461-4dc1de6660f5?invoiceType=restaurant_to_customer,0,0,0,,-2.57,0,-2.57,-0.54,-3.11,https://restaurant.uber.com/manager/payments/download-invoice?invoiceUUID=d32b6d13-9ede-5beb-973f-c375e9594017,0,0,0,,0,11.17,5/4/26,Completed,,0A2KV5VLQ9BN
,426830bd-9bc4-4c33-9c59-46d6186ce8d4,,,742103f3-6a55-5738-86dd-9901b0f26beb,5/3/26,2:22 PM,Delivery - Partner Using Uber App,,Unknown,Cheese Bacon,Cheese_Bacon_V,,Count,Count,0,0,0,1,1,1,1,13.9,,12.64,0,1.26,0,13.9,0,0,0,0,0,,,,,,,,,,,,,,,,,,,,,,,,,,,,,,,,,,,,,,,,,,,,,,
,426830bd-9bc4-4c33-9c59-46d6186ce8d4,,,742103f3-6a55-5738-86dd-9901b0f26beb,5/3/26,2:22 PM,Delivery - Partner Using Uber App,,Unknown,Fritas Bacon Queso,Fritas_Bacon_Queso,,Count,Count,0,0,0,1,1,1,1,6.5,,5.91,0,0.59,0,6.5,0,0,0,0,0,,,,,,,,,,,,,,,,,,,,,,,,,,,,,,,,,,,,,,,,,,,,,,
,426830bd-9bc4-4c33-9c59-46d6186ce8d4,,,742103f3-6a55-5738-86dd-9901b0f26beb,5/3/26,2:22 PM,Delivery - Partner Using Uber App,,Unknown,Coca-Cola Zero Azúcar lata 330ml.,Coca-Cola_Zero_Azúca,,Count,Count,0,0,0,3,3,3,3,0,,0,0,0,0,0,0,0,0,0,0,,,,,,,,,,,,,,,,,,,,,,,,,,,,,,,,,,,,,,,,,,,,,,
#68FDB,fb3377eb-f36a-4a83-acdc-5e1460168fdb,GULA - Cartagena,,742103f3-6a55-5738-86dd-9901b0f26beb,5/3/26,3:14 PM,Delivery - Partner Using Uber App,Unknown,iOS,,,,,,,,,,,,,,Non-member,20.36,0,2.04,0,22.4,0,0,0,0,0,-6.11,0,-0.61,0,-6.72,0,0,0,0,,0,0,0,0,0,0,0,0,0,0,0,0,0,0,15.68,https://restaurant.uber.com/manager/payments/invoices/order/4753c218-811e-5469-aacc-5ca36044294f?invoiceType=restaurant_to_customer,0,0,0,,-2.82,0,-2.82,-0.59,-3.41,https://restaurant.uber.com/manager/payments/download-invoice?invoiceUUID=d32b6d13-9ede-5beb-973f-c375e9594017,0,0,0,,0,12.27,5/4/26,Completed,,0A2KV5VLQ9BN
,fb3377eb-f36a-4a83-acdc-5e1460168fdb,,,742103f3-6a55-5738-86dd-9901b0f26beb,5/3/26,3:14 PM,Delivery - Partner Using Uber App,,iOS,Alitas BBK,Alitas_BBK,,Count,Count,0,0,0,1,1,1,1,8.5,,7.73,0,0.77,0,8.5,0,0,0,0,0,,,,,,,,,,,,,,,,,,,,,,,,,,,,,,,,,,,,,,,,,,,,,,
,fb3377eb-f36a-4a83-acdc-5e1460168fdb,,,742103f3-6a55-5738-86dd-9901b0f26beb,5/3/26,3:14 PM,Delivery - Partner Using Uber App,,iOS,The Trufa Corp Chicken,The_Trufada_Corp_Chi,,Count,Count,0,0,0,1,1,1,1,13.9,,12.63,0,1.27,0,13.9,0,0,0,0,0,,,,,,,,,,,,,,,,,,,,,,,,,,,,,,,,,,,,,,,,,,,,,,
#D3CF0,db9e868d-160a-4c62-b3a4-14b18e0d3cf0,GULA - Cartagena,,742103f3-6a55-5738-86dd-9901b0f26beb,5/3/26,8:29 PM,Delivery - Partner Using Uber App,Unknown,iOS,,,,,,,,,,,,,,Non-member,33,0,3.3,0,36.3,0,0,0,0,0,-9.9,0,-0.99,0,-10.89,0,0,0,0,,0,0,0,0,0,0,0,0,0,0,0,0,0,0,25.41,https://restaurant.uber.com/manager/payments/invoices/order/3f767b69-7efb-547a-b4a5-074d29ac42c3?invoiceType=restaurant_to_customer,0,0,0,,-4.57,0,-4.57,-0.96,-5.53,https://restaurant.uber.com/manager/payments/download-invoice?invoiceUUID=d32b6d13-9ede-5beb-973f-c375e9594017,0,0,0,,0,19.88,5/4/26,Cancelled,,0A2KV5VLQ9BN
,db9e868d-160a-4c62-b3a4-14b18e0d3cf0,,,742103f3-6a55-5738-86dd-9901b0f26beb,5/3/26,8:29 PM,Delivery - Partner Using Uber App,,iOS,The Trufa Corp,The_Trufa_Corp,,Count,Count,0,0,0,2,2,2,2,14.9,,27.09,0,2.71,0,29.8,0,0,0,0,0,,,,,,,,,,,,,,,,,,,,,,,,,,,,,,,,,,,,,,,,,,,,,,
,db9e868d-160a-4c62-b3a4-14b18e0d3cf0,,,742103f3-6a55-5738-86dd-9901b0f26beb,5/3/26,8:29 PM,Delivery - Partner Using Uber App,,iOS,Fritas Bacon Queso,Fritas_Bacon_Queso,,Count,Count,0,0,0,1,1,1,1,6.5,,5.91,0,0.59,0,6.5,0,0,0,0,0,,,,,,,,,,,,,,,,,,,,,,,,,,,,,,,,,,,,,,,,,,,,,,
#D70F0,0adea559-9374-4391-99c6-686e44dd70f0,GULA - Cartagena,,742103f3-6a55-5738-86dd-9901b0f26beb,5/3/26,9:16 PM,Delivery - Partner Using Uber App,Unknown,Android,,,,,,,,,,,,,,Uber One member,30.82,0,3.08,0,33.9,0,0,0,0,0,-8.7,0,-0.87,0,-9.57,0,0,0,0,,0,0,0,0,0,0,0,0,0,0,0,0,0,0,24.33,https://restaurant.uber.com/manager/payments/invoices/order/a6fb084b-b51a-552f-9619-e424921c63a5?invoiceType=restaurant_to_customer,0,0,0,,-4.74,0,-4.74,-1,-5.74,https://restaurant.uber.com/manager/payments/download-invoice?invoiceUUID=d32b6d13-9ede-5beb-973f-c375e9594017,0,0,0,,0,18.59,5/4/26,Completed,,0A2KV5VLQ9BN
,0adea559-9374-4391-99c6-686e44dd70f0,,,742103f3-6a55-5738-86dd-9901b0f26beb,5/3/26,9:16 PM,Delivery - Partner Using Uber App,,Android,Pleasure for 2,Pleasure_for_2,,Count,Count,0,0,0,1,1,1,1,31.9,,30.82,0,3.08,0,33.9,0,0,0,0,0,,,,,,,,,,,,,,,,,,,,,,,,,,,,,,,,,,,,,,,,,,,,,,
#2DF23,210efd08-2ce7-4648-885a-71b37112df23,GULA - Cartagena,,742103f3-6a55-5738-86dd-9901b0f26beb,5/3/26,10:26 PM,Delivery - Partner Using Uber App,Unknown,iOS,,,,,,,,,,,,,,Uber One member,23.82,0,2.38,0,26.2,0,0,0,0,0,-4.07,0,-0.4,0,-4.47,0,0,0,0,,0,0,0,0,0,0,0,0,0,0,0,0,0,0,21.73,https://restaurant.uber.com/manager/payments/invoices/order/5945c8a1-1b3d-5999-be16-16abddc987fd?invoiceType=restaurant_to_customer,0,0,0,,-4.24,0,-4.24,-0.89,-5.13,https://restaurant.uber.com/manager/payments/download-invoice?invoiceUUID=d32b6d13-9ede-5beb-973f-c375e9594017,0,0,0,,0,16.6,5/4/26,Completed,,0A2KV5VLQ9BN
,210efd08-2ce7-4648-885a-71b37112df23,,,742103f3-6a55-5738-86dd-9901b0f26beb,5/3/26,10:26 PM,Delivery - Partner Using Uber App,,iOS,GOLDEN SLIDER,GOLDEN_SLIDER,,Count,Count,0,0,0,1,1,1,1,7.9,,7.18,0,0.72,0,7.9,0,0,0,0,0,,,,,,,,,,,,,,,,,,,,,,,,,,,,,,,,,,,,,,,,,,,,,,
,210efd08-2ce7-4648-885a-71b37112df23,,,742103f3-6a55-5738-86dd-9901b0f26beb,5/3/26,10:26 PM,Delivery - Partner Using Uber App,,iOS,The Trufa Corp,The_Trufa_Corp,,Count,Count,0,0,0,1,1,1,1,14.9,,13.55,0,1.35,0,14.9,0,0,0,0,0,,,,,,,,,,,,,,,,,,,,,,,,,,,,,,,,,,,,,,,,,,,,,,
,210efd08-2ce7-4648-885a-71b37112df23,,,742103f3-6a55-5738-86dd-9901b0f26beb,5/3/26,10:26 PM,Delivery - Partner Using Uber App,,iOS,Nuestras Fritas,Nuestras_Fritas,,Count,Count,0,0,0,1,1,1,1,3.4,,3.09,0,0.31,0,3.4,0,0,0,0,0,,,,,,,,,,,,,,,,,,,,,,,,,,,,,,,,,,,,,,,,,,,,,,
#94D0E,87f1800e-3c36-4ebe-9b25-1e245fd94d0e,GULA - Cartagena,,742103f3-6a55-5738-86dd-9901b0f26beb,5/3/26,10:34 PM,Delivery - Partner Using Uber App,Unknown,Android,,,,,,,,,,,,,,Uber One member,32.64,0,3.26,0,35.9,0,0,0,0,0,-8.7,0,-0.87,0,-9.57,0,0,0,0,,0,0,0,0,0,0,0,0,0,0,0,0,0,0,26.33,https://restaurant.uber.com/manager/payments/invoices/order/f8ca22c5-898b-59c7-8f87-efad78a7d2cf?invoiceType=restaurant_to_customer,0,0,0,,-5.13,0,-5.13,-1.08,-6.21,https://restaurant.uber.com/manager/payments/download-invoice?invoiceUUID=d32b6d13-9ede-5beb-973f-c375e9594017,0,0,0,,0,20.12,5/4/26,Completed,,0A2KV5VLQ9BN
,87f1800e-3c36-4ebe-9b25-1e245fd94d0e,,,742103f3-6a55-5738-86dd-9901b0f26beb,5/3/26,10:34 PM,Delivery - Partner Using Uber App,,Android,Pleasure for 2,Pleasure_for_2,,Count,Count,0,0,0,1,1,1,1,31.9,,32.64,0,3.26,0,35.9,0,0,0,0,0,,,,,,,,,,,,,,,,,,,,,,,,,,,,,,,,,,,,,,,,,,,,,,
,,GULA - Cartagena,,742103f3-6a55-5738-86dd-9901b0f26beb,5/4/26,,,,Unknown,,,,,,,,,,,,,,,0,0,0,0,0,0,0,0,0,0,0,0,0,0,0,0,0,0,0,,0,0,0,0,0,0,0,0,0,0,0,0,0,0,0,,0,0,0,,0,0,0,0,0,,0,0,0,Ad Spend,-34.97,-34.97,5/11/26,,,LFCO3G2UNLVS
,,GULA - Cartagena,,742103f3-6a55-5738-86dd-9901b0f26beb,5/5/26,,,,Unknown,,,,,,,,,,,,,,,0,0,0,0,0,0,0,0,0,0,0,0,0,0,0,0,0,0,0,,0,0,0,0,0,0,0,0,0,0,0,0,0,0,0,,0,0,0,,0,0,0,0,0,,0,0,0,Ad Spend,-49.91,-49.91,5/11/26,,,LFCO3G2UNLVS
#0D7CA,b8c30a81-8979-4090-865e-8398e010d7ca,GULA - Cartagena,,742103f3-6a55-5738-86dd-9901b0f26beb,5/6/26,8:34 PM,Delivery - Partner Using Uber App,Unknown,Android,,,,,,,,,,,,,,Uber One member,61.64,0,6.16,0,67.8,0,0,0,0,0,-17.4,0,-1.74,0,-19.14,0,0,0,0,,0,0,0,0,0,0,0,0,0,0,0,0,0,0,48.66,https://restaurant.uber.com/manager/payments/invoices/order/5288e874-e43c-5e63-9df5-af1c680290db?invoiceType=restaurant_to_customer,0,0,0,,-9.49,0,-9.49,-1.99,-11.48,,0,0,0,,0,37.18,5/11/26,Completed,,LFCO3G2UNLVS
,b8c30a81-8979-4090-865e-8398e010d7ca,,,742103f3-6a55-5738-86dd-9901b0f26beb,5/6/26,8:34 PM,Delivery - Partner Using Uber App,,Android,Pleasure for 2,Pleasure_for_2,,Count,Count,0,0,0,1,1,1,1,31.9,,31.73,0,3.17,0,34.9,0,0,0,0,0,,,,,,,,,,,,,,,,,,,,,,,,,,,,,,,,,,,,,,,,,,,,,,
,b8c30a81-8979-4090-865e-8398e010d7ca,,,742103f3-6a55-5738-86dd-9901b0f26beb,5/6/26,8:34 PM,Delivery - Partner Using Uber App,,Android,Pleasure for 2,Pleasure_for_2,,Count,Count,0,0,0,1,1,1,1,31.9,,29.91,0,2.99,0,32.9,0,0,0,0,0,,,,,,,,,,,,,,,,,,,,,,,,,,,,,,,,,,,,,,,,,,,,,,
#75B26,85b4556c-b140-45c2-a8df-66cfa6275b26,GULA - Cartagena,,742103f3-6a55-5738-86dd-9901b0f26beb,5/6/26,9:10 PM,Delivery - Partner Using Uber App,Unknown,iOS,,,,,,,,,,,,,,Non-member,16.09,0,1.61,0,17.7,0,0,0,0,0,0,0,0,0,0,0,0,0,0,,0,0,0,0,0,0,0,0,0,0,0,0,0,0,17.7,https://restaurant.uber.com/manager/payments/invoices/order/90a31036-adb2-5d34-be16-542c9940a313?invoiceType=restaurant_to_customer,0,0,0,,-3.19,0,-3.19,-0.67,-3.86,,0,0,0,,0,13.84,5/11/26,Completed,,LFCO3G2UNLVS
,85b4556c-b140-45c2-a8df-66cfa6275b26,,,742103f3-6a55-5738-86dd-9901b0f26beb,5/6/26,9:10 PM,Delivery - Partner Using Uber App,,iOS,The Sinner Combo,The_Sinner_Combo,,Count,Count,0,0,0,1,1,1,1,14.9,,14.45,0,1.45,0,15.9,0,0,0,0,0,,,,,,,,,,,,,,,,,,,,,,,,,,,,,,,,,,,,,,,,,,,,,,
,85b4556c-b140-45c2-a8df-66cfa6275b26,,,742103f3-6a55-5738-86dd-9901b0f26beb,5/6/26,9:10 PM,Delivery - Partner Using Uber App,,iOS,Salsa Trufada,Salsa_Trufada,,Count,Count,0,0,0,1,1,1,1,1.8,,1.64,0,0.16,0,1.8,0,0,0,0,0,,,,,,,,,,,,,,,,,,,,,,,,,,,,,,,,,,,,,,,,,,,,,,
#57733,a40f74c9-80a0-4221-a504-51b13b657733,GULA - Cartagena,,742103f3-6a55-5738-86dd-9901b0f26beb,5/6/26,8:55 PM,Delivery - Partner Using Uber App,Unknown,iOS,,,,,,,,,,,,,,Non-member,32.18,0,3.22,0,35.4,0,0,0,0,0,-9.65,0,-0.97,0,-10.62,0,0,0,0,,0,0,0,0,0,0,0,0,0,0,0,0,0,0,24.78,https://restaurant.uber.com/manager/payments/invoices/order/1dfd5ed3-9408-5ffc-9fa7-22dc212a4cf0?invoiceType=restaurant_to_customer,0,0,0,,-4.46,0,-4.46,-0.94,-5.4,,0,0,0,,0,19.38,5/11/26,Completed,,LFCO3G2UNLVS
,a40f74c9-80a0-4221-a504-51b13b657733,,,742103f3-6a55-5738-86dd-9901b0f26beb,5/6/26,8:55 PM,Delivery - Partner Using Uber App,,iOS,Fritas Bacon Queso,Fritas_Bacon_Queso,,Count,Count,0,0,0,2,2,2,2,6.5,,11.82,0,1.18,0,13,0,0,0,0,0,,,,,,,,,,,,,,,,,,,,,,,,,,,,,,,,,,,,,,,,,,,,,,
,a40f74c9-80a0-4221-a504-51b13b657733,,,742103f3-6a55-5738-86dd-9901b0f26beb,5/6/26,8:55 PM,Delivery - Partner Using Uber App,,iOS,Alitas BBK,Alitas_BBK,,Count,Count,0,0,0,1,1,1,1,8.5,,7.73,0,0.77,0,8.5,0,0,0,0,0,,,,,,,,,,,,,,,,,,,,,,,,,,,,,,,,,,,,,,,,,,,,,,
,a40f74c9-80a0-4221-a504-51b13b657733,,,742103f3-6a55-5738-86dd-9901b0f26beb,5/6/26,8:55 PM,Delivery - Partner Using Uber App,,iOS,The Trufa Corp Chicken,The_Trufada_Corp_Chi,,Count,Count,0,0,0,1,1,1,1,13.9,,12.63,0,1.27,0,13.9,0,0,0,0,0,,,,,,,,,,,,,,,,,,,,,,,,,,,,,,,,,,,,,,,,,,,,,,
#9D88E,259c5dca-614c-49db-bafd-2830b839d88e,GULA - Cartagena,,742103f3-6a55-5738-86dd-9901b0f26beb,5/6/26,9:27 PM,Delivery - Partner Using Uber App,Unknown,iOS,,,,,,,,,,,,,,Uber One member,75.18,0,7.52,0,82.7,0,0,0,0,0,-17.4,0,-1.74,0,-19.14,0,0,0,0,,0,0,0,0,0,0,0,0,0,0,0,0,0,0,63.56,https://restaurant.uber.com/manager/payments/invoices/order/7af0024a-6054-5065-b32f-04e3a259be6c?invoiceType=restaurant_to_customer,0,0,0,,-12.39,0,-12.39,-2.6,-14.99,,0,0,0,,0,48.57,5/11/26,Completed,,LFCO3G2UNLVS
,259c5dca-614c-49db-bafd-2830b839d88e,,,742103f3-6a55-5738-86dd-9901b0f26beb,5/6/26,9:27 PM,Delivery - Partner Using Uber App,,iOS,Pleasure for 2,Pleasure_for_2,,Count,Count,0,0,0,1,1,1,1,31.9,,43.45,0,4.35,0,47.8,0,0,0,0,0,,,,,,,,,,,,,,,,,,,,,,,,,,,,,,,,,,,,,,,,,,,,,,
,259c5dca-614c-49db-bafd-2830b839d88e,,,742103f3-6a55-5738-86dd-9901b0f26beb,5/6/26,9:27 PM,Delivery - Partner Using Uber App,,iOS,Pleasure for 2,Pleasure_for_2,,Count,Count,0,0,0,1,1,1,1,31.9,,31.73,0,3.17,0,34.9,0,0,0,0,0,,,,,,,,,,,,,,,,,,,,,,,,,,,,,,,,,,,,,,,,,,,,,,
#A23C0,d5bfeef1-69d3-4d31-b531-43ce282a23c0,GULA - Cartagena,,742103f3-6a55-5738-86dd-9901b0f26beb,5/6/26,10:07 PM,Delivery - Partner Using Uber App,Unknown,iOS,,,,,,,,,,,,,,Uber One member,29.91,0,2.99,0,32.9,0,0,0,0,0,-8.7,0,-0.87,0,-9.57,0,0,0,0,,0,0,0,0,0,0,0,0,0,0,0,0,0,0,23.33,https://restaurant.uber.com/manager/payments/invoices/order/6d3d2387-07e2-5940-a808-1c12809d0c1a?invoiceType=restaurant_to_customer,0,0,0,,-4.55,0,-4.55,-0.96,-5.51,,0,0,0,,0,17.82,5/11/26,Completed,,LFCO3G2UNLVS
,d5bfeef1-69d3-4d31-b531-43ce282a23c0,,,742103f3-6a55-5738-86dd-9901b0f26beb,5/6/26,10:07 PM,Delivery - Partner Using Uber App,,iOS,Pleasure for 2,Pleasure_for_2,,Count,Count,0,0,0,1,1,1,1,31.9,,29.91,0,2.99,0,32.9,0,0,0,0,0,,,,,,,,,,,,,,,,,,,,,,,,,,,,,,,,,,,,,,,,,,,,,,
#024DD,f5f84757-30b1-45f4-b175-f05dbb9024dd,GULA - Cartagena,,742103f3-6a55-5738-86dd-9901b0f26beb,5/6/26,9:44 PM,Delivery - Partner Using Uber App,Unknown,iOS,,,,,,,,,,,,,,Uber One member,29.91,0,2.99,0,32.9,0,0,0,0,0,-8.7,0,-0.87,0,-9.57,0,0,0,0,,0,0,0,0,0,0,0,0,0,0,0,0,0,0,23.33,https://restaurant.uber.com/manager/payments/invoices/order/d54ae530-39c6-5151-9824-80b1bcada62d?invoiceType=restaurant_to_customer,0,0,0,,-4.55,0,-4.55,-0.96,-5.51,,0,0,0,,0,17.82,5/11/26,Completed,,LFCO3G2UNLVS
,f5f84757-30b1-45f4-b175-f05dbb9024dd,,,742103f3-6a55-5738-86dd-9901b0f26beb,5/6/26,9:44 PM,Delivery - Partner Using Uber App,,iOS,Pleasure for 2,Pleasure_for_2,,Count,Count,0,0,0,1,1,1,1,31.9,,29.91,0,2.99,0,32.9,0,0,0,0,0,,,,,,,,,,,,,,,,,,,,,,,,,,,,,,,,,,,,,,,,,,,,,,
,,GULA - Cartagena,,742103f3-6a55-5738-86dd-9901b0f26beb,5/7/26,,,,Unknown,,,,,,,,,,,,,,,0,0,0,0,0,0,0,0,0,0,0,0,0,0,0,0,0,0,0,,0,0,0,0,0,0,0,0,0,0,0,0,0,0,0,,0,0,0,,0,0,0,0,0,,0,0,0,Ad Spend,-7.51,-7.51,5/11/26,,,LFCO3G2UNLVS
#3544D,7ffbdb70-8f7b-4ac1-863e-d7852853544d,GULA - Cartagena,,742103f3-6a55-5738-86dd-9901b0f26beb,5/7/26,3:23 PM,Delivery - Partner Using Uber App,Unknown,iOS,,,,,,,,,,,,,,Uber One member,30.82,0,3.08,0,33.9,0,0,0,0,0,-8.7,0,-0.87,0,-9.57,0,0,0,0,,0,0,0,0,0,0,0,0,0,0,0,0,0,0,24.33,https://restaurant.uber.com/manager/payments/invoices/order/149ff613-31c7-5eee-8233-92c38d7e18a5?invoiceType=restaurant_to_customer,0,0,0,,-4.74,0,-4.74,-1,-5.74,,0,0,0,,0,18.59,5/11/26,Completed,,LFCO3G2UNLVS
,7ffbdb70-8f7b-4ac1-863e-d7852853544d,,,742103f3-6a55-5738-86dd-9901b0f26beb,5/7/26,3:23 PM,Delivery - Partner Using Uber App,,iOS,Pleasure for 2,Pleasure_for_2,,Count,Count,0,0,0,1,1,1,1,31.9,,30.82,0,3.08,0,33.9,0,0,0,0,0,,,,,,,,,,,,,,,,,,,,,,,,,,,,,,,,,,,,,,,,,,,,,,
#061C0,9c1939c2-6449-4924-be15-83a312b061c0,GULA - Cartagena,,742103f3-6a55-5738-86dd-9901b0f26beb,5/7/26,8:47 PM,Delivery - Partner Using Uber App,Unknown,iOS,,,,,,,,,,,,,,Uber One member,28.82,0,2.88,0,31.7,0,0,0,0,0,-6.11,0,-0.61,0,-6.72,0,0,0,0,,0,0,0,0,0,0,0,0,0,0,0,0,0,0,24.98,https://restaurant.uber.com/manager/payments/invoices/order/f43ddd4d-3090-51bb-bb56-73ae0fa4b9b4?invoiceType=restaurant_to_customer,0,0,0,,-4.87,0,-4.87,-1.02,-5.89,,0,0,0,,0,19.09,5/11/26,Completed,,LFCO3G2UNLVS
,9c1939c2-6449-4924-be15-83a312b061c0,,,742103f3-6a55-5738-86dd-9901b0f26beb,5/7/26,8:47 PM,Delivery - Partner Using Uber App,,iOS,The Trufa Corp Chicken,The_Trufada_Corp_Chi,,Count,Count,0,0,0,1,1,1,1,13.9,,18.55,0,1.85,0,20.4,0,0,0,0,0,,,,,,,,,,,,,,,,,,,,,,,,,,,,,,,,,,,,,,,,,,,,,,
,9c1939c2-6449-4924-be15-83a312b061c0,,,742103f3-6a55-5738-86dd-9901b0f26beb,5/7/26,8:47 PM,Delivery - Partner Using Uber App,,iOS,Alitas BBK,Alitas_BBK,,Count,Count,0,0,0,1,1,1,1,8.5,,10.27,0,1.03,0,11.3,0,0,0,0,0,,,,,,,,,,,,,,,,,,,,,,,,,,,,,,,,,,,,,,,,,,,,,,
#42E68,02955be1-5a5e-40e2-8c32-0f0bdd942e68,GULA - Cartagena,,742103f3-6a55-5738-86dd-9901b0f26beb,5/7/26,8:45 PM,Delivery - Partner Using Uber App,Unknown,iOS,,,,,,,,,,,,,,Uber One member,82.82,0,8.28,0,91.1,0,0,0,0,0,0,0,0,0,0,0,0,0,0,,0,0,0,0,0,0,0,0,0,0,0,0,0,0,91.1,https://restaurant.uber.com/manager/payments/invoices/order/7ac15a8b-a6f2-5ad1-ab5c-cec49a77dd14?invoiceType=restaurant_to_customer,0,0,0,,-17.76,0,-17.76,-3.73,-21.49,,0,0,0,,0,69.61,5/11/26,Completed,,LFCO3G2UNLVS
,02955be1-5a5e-40e2-8c32-0f0bdd942e68,,,742103f3-6a55-5738-86dd-9901b0f26beb,5/7/26,8:45 PM,Delivery - Partner Using Uber App,,iOS,Cheese Bacon,Cheese_Bacon_V,,Count,Count,0,0,0,1,1,1,1,13.9,,12.64,0,1.26,0,13.9,0,0,0,0,0,,,,,,,,,,,,,,,,,,,,,,,,,,,,,,,,,,,,,,,,,,,,,,
,02955be1-5a5e-40e2-8c32-0f0bdd942e68,,,742103f3-6a55-5738-86dd-9901b0f26beb,5/7/26,8:45 PM,Delivery - Partner Using Uber App,,iOS,Gula Cheeseburger,Gula_Cheeseburger,,Count,Count,0,0,0,1,1,1,1,11.9,,10.82,0,1.08,0,11.9,0,0,0,0,0,,,,,,,,,,,,,,,,,,,,,,,,,,,,,,,,,,,,,,,,,,,,,,
,02955be1-5a5e-40e2-8c32-0f0bdd942e68,,,742103f3-6a55-5738-86dd-9901b0f26beb,5/7/26,8:45 PM,Delivery - Partner Using Uber App,,iOS,GOLDEN SLIDER,GOLDEN_SLIDER,,Count,Count,0,0,0,1,1,1,1,7.9,,8.64,0,0.86,0,9.5,0,0,0,0,0,,,,,,,,,,,,,,,,,,,,,,,,,,,,,,,,,,,,,,,,,,,,,,
,02955be1-5a5e-40e2-8c32-0f0bdd942e68,,,742103f3-6a55-5738-86dd-9901b0f26beb,5/7/26,8:45 PM,Delivery - Partner Using Uber App,,iOS,The Trufa Corp,The_Trufa_Corp,,Count,Count,0,0,0,1,1,1,1,14.9,,13.55,0,1.35,0,14.9,0,0,0,0,0,,,,,,,,,,,,,,,,,,,,,,,,,,,,,,,,,,,,,,,,,,,,,,
,02955be1-5a5e-40e2-8c32-0f0bdd942e68,,,742103f3-6a55-5738-86dd-9901b0f26beb,5/7/26,8:45 PM,Delivery - Partner Using Uber App,,iOS,The Sinner Combo,The_Sinner_Combo,,Count,Count,0,0,0,1,1,1,1,14.9,,15.82,0,1.58,0,17.4,0,0,0,0,0,,,,,,,,,,,,,,,,,,,,,,,,,,,,,,,,,,,,,,,,,,,,,,
,02955be1-5a5e-40e2-8c32-0f0bdd942e68,,,742103f3-6a55-5738-86dd-9901b0f26beb,5/7/26,8:45 PM,Delivery - Partner Using Uber App,,iOS,Cheese Bacon,Cheese_Bacon_V,,Count,Count,0,0,0,1,1,1,1,13.9,,18.26,0,1.84,0,20.1,0,0,0,0,0,,,,,,,,,,,,,,,,,,,,,,,,,,,,,,,,,,,,,,,,,,,,,,
,02955be1-5a5e-40e2-8c32-0f0bdd942e68,,,742103f3-6a55-5738-86dd-9901b0f26beb,5/7/26,8:45 PM,Delivery - Partner Using Uber App,,iOS,Nuestras Fritas,Nuestras_Fritas,,Count,Count,0,0,0,1,1,1,1,3.4,,3.09,0,0.31,0,3.4,0,0,0,0,0,,,,,,,,,,,,,,,,,,,,,,,,,,,,,,,,,,,,,,,,,,,,,,
#36F0D,5eafa8f7-78c8-4f0a-a99a-1bde12536f0d,GULA - Cartagena,,742103f3-6a55-5738-86dd-9901b0f26beb,5/7/26,10:05 PM,Delivery - Partner Using Uber App,Unknown,iOS,,,,,,,,,,,,,,Uber One member,18.55,0,1.85,0,20.4,0,0,0,0,0,-5.57,0,-0.55,0,-6.12,0,0,0,0,,0,0,0,0,0,0,0,0,0,0,0,0,0,0,14.28,https://restaurant.uber.com/manager/payments/invoices/order/346e2dc2-c1cc-57e1-8fe4-2cecac74d818?invoiceType=restaurant_to_customer,0,0,0,,-2.78,0,-2.78,-0.58,-3.36,,0,0,0,,0,10.92,5/11/26,Completed,,LFCO3G2UNLVS
,5eafa8f7-78c8-4f0a-a99a-1bde12536f0d,,,742103f3-6a55-5738-86dd-9901b0f26beb,5/7/26,10:05 PM,Delivery - Partner Using Uber App,,iOS,Cheese Bacon,Cheese_Bacon_V,,Count,Count,0,0,0,1,1,1,1,13.9,,12.64,0,1.26,0,13.9,0,0,0,0,0,,,,,,,,,,,,,,,,,,,,,,,,,,,,,,,,,,,,,,,,,,,,,,
,5eafa8f7-78c8-4f0a-a99a-1bde12536f0d,,,742103f3-6a55-5738-86dd-9901b0f26beb,5/7/26,10:05 PM,Delivery - Partner Using Uber App,,iOS,Fritas Bacon Queso,Fritas_Bacon_Queso,,Count,Count,0,0,0,1,1,1,1,6.5,,5.91,0,0.59,0,6.5,0,0,0,0,0,,,,,,,,,,,,,,,,,,,,,,,,,,,,,,,,,,,,,,,,,,,,,,
#596CC,bf98b61a-a532-47d5-8842-ea05434596cc,GULA - Cartagena,,742103f3-6a55-5738-86dd-9901b0f26beb,5/7/26,10:15 PM,Delivery - Partner Using Uber App,Unknown,iOS,,,,,,,,,,,,,,Uber One member,14.27,0,1.43,0,15.7,0,0,0,0,0,-3.79,0,-0.38,0,-4.17,0,0,0,0,,0,0,0,0,0,0,0,0,0,0,0,0,0,0,11.53,https://restaurant.uber.com/manager/payments/invoices/order/5dca60a9-180a-58da-a7bb-08f95959c793?invoiceType=restaurant_to_customer,0,0,0,,-2.25,0,-2.25,-0.47,-2.72,,0,0,0,,0,8.81,5/11/26,Completed,,LFCO3G2UNLVS
,bf98b61a-a532-47d5-8842-ea05434596cc,,,742103f3-6a55-5738-86dd-9901b0f26beb,5/7/26,10:15 PM,Delivery - Partner Using Uber App,,iOS,Cheese Bacon,Cheese_Bacon_V,,Count,Count,0,0,0,1,1,1,1,13.9,,14.27,0,1.43,0,15.7,0,0,0,0,0,,,,,,,,,,,,,,,,,,,,,,,,,,,,,,,,,,,,,,,,,,,,,,
,,GULA - Cartagena,,742103f3-6a55-5738-86dd-9901b0f26beb,5/8/26,,,,Unknown,,,,,,,,,,,,,,,0,0,0,0,0,0,0,0,0,0,0,0,0,0,0,0,0,0,0,,0,0,0,0,0,0,0,0,0,0,0,0,0,0,0,,0,0,0,,0,0,0,0,0,,0,0,0,Ad Spend,-13.99,-13.99,5/11/26,,,LFCO3G2UNLVS
#9BFE2,f18b0feb-b5b7-4657-a725-c4942d29bfe2,GULA - Cartagena,,742103f3-6a55-5738-86dd-9901b0f26beb,5/8/26,3:32 PM,Delivery - Partner Using Uber App,Unknown,iOS,,,,,,,,,,,,,,Non-member,27.55,0,2.75,0,30.3,0,0,0,0,0,-5.57,0,-0.55,0,-6.12,0,0,0,0,,0,0,0,0,0,0,0,0,0,0,0,0,0,0,24.18,https://restaurant.uber.com/manager/payments/invoices/order/4ebc12cf-f47f-5e45-895c-0fd4285447e5?invoiceType=restaurant_to_customer,0,0,0,,-4.35,0,-4.35,-0.91,-5.26,,0,0,0,,0,18.92,5/11/26,Completed,,LFCO3G2UNLVS
,f18b0feb-b5b7-4657-a725-c4942d29bfe2,,,742103f3-6a55-5738-86dd-9901b0f26beb,5/8/26,3:32 PM,Delivery - Partner Using Uber App,,iOS,The Trufa Corp Chicken,The_Trufada_Corp_Chi,,Count,Count,0,0,0,1,1,1,1,13.9,,12.64,0,1.26,0,13.9,0,0,0,0,0,,,,,,,,,,,,,,,,,,,,,,,,,,,,,,,,,,,,,,,,,,,,,,
,f18b0feb-b5b7-4657-a725-c4942d29bfe2,,,742103f3-6a55-5738-86dd-9901b0f26beb,5/8/26,3:32 PM,Delivery - Partner Using Uber App,,iOS,Pollo frito al estilo GULA,Pollo_frito_al_estil,,Count,Count,0,0,0,1,1,1,1,9.9,,9,0,0.9,0,9.9,0,0,0,0,0,,,,,,,,,,,,,,,,,,,,,,,,,,,,,,,,,,,,,,,,,,,,,,
,f18b0feb-b5b7-4657-a725-c4942d29bfe2,,,742103f3-6a55-5738-86dd-9901b0f26beb,5/8/26,3:32 PM,Delivery - Partner Using Uber App,,iOS,Fritas Bacon Queso,Fritas_Bacon_Queso,,Count,Count,0,0,0,1,1,1,1,6.5,,5.91,0,0.59,0,6.5,0,0,0,0,0,,,,,,,,,,,,,,,,,,,,,,,,,,,,,,,,,,,,,,,,,,,,,,
,,GULA - Cartagena,,742103f3-6a55-5738-86dd-9901b0f26beb,5/9/26,,,,Unknown,,,,,,,,,,,,,,,0,0,0,0,0,0,0,0,0,0,0,0,0,0,0,0,0,0,0,,0,0,0,0,0,0,0,0,0,0,0,0,0,0,0,,0,0,0,,0,0,0,0,0,,0,0,0,Ad Spend,-35.91,-35.91,5/11/26,,,LFCO3G2UNLVS
#7AA42,41c1918c-18bb-43f8-bbec-797565c7aa42,GULA - Cartagena,,742103f3-6a55-5738-86dd-9901b0f26beb,5/9/26,1:19 PM,Delivery - Partner Using Uber App,Unknown,Android,,,,,,,,,,,,,,Uber One member,24.45,0,2.45,0,26.9,0,0,0,0,0,-3.79,0,-0.38,0,-4.17,0,0,0,0,,0,0,0,0,0,0,0,0,0,0,0,0,0,0,22.73,https://restaurant.uber.com/manager/payments/invoices/order/ba6bb52a-5aa9-531a-ba0a-f703f1a317d6?invoiceType=restaurant_to_customer,0,0,0,,-4.43,0,-4.43,-0.93,-5.36,,0,0,0,,0,17.37,5/11/26,Completed,,LFCO3G2UNLVS
,41c1918c-18bb-43f8-bbec-797565c7aa42,,,742103f3-6a55-5738-86dd-9901b0f26beb,5/9/26,1:19 PM,Delivery - Partner Using Uber App,,Android,The Trufa Corp Chicken,The_Trufada_Corp_Chi,,Count,Count,0,0,0,1,1,1,1,13.9,,18.54,0,1.86,0,20.4,0,0,0,0,0,,,,,,,,,,,,,,,,,,,,,,,,,,,,,,,,,,,,,,,,,,,,,,
,41c1918c-18bb-43f8-bbec-797565c7aa42,,,742103f3-6a55-5738-86dd-9901b0f26beb,5/9/26,1:19 PM,Delivery - Partner Using Uber App,,Android,Cheesecake  con dulce de leche y galleta Lotus,Cheesecake_con_Galle,,Count,Count,0,0,0,1,1,1,1,6.5,,5.91,0,0.59,0,6.5,0,0,0,0,0,,,,,,,,,,,,,,,,,,,,,,,,,,,,,,,,,,,,,,,,,,,,,,
#D94BA,4bda372a-9a23-44b5-a784-5cc3e44d94ba,GULA - Cartagena,,742103f3-6a55-5738-86dd-9901b0f26beb,5/9/26,4:54 PM,Delivery - Partner Using Uber App,Unknown,iOS,,,,,,,,,,,,,,Non-member,12.64,0,1.26,0,13.9,0,0,0,0,0,-3.79,0,-0.38,0,-4.17,0,0,0,0,,0,0,0,0,0,0,0,0,0,0,0,0,0,0,9.73,https://restaurant.uber.com/manager/payments/invoices/order/38954b84-723c-5301-ae06-e33e7836728e?invoiceType=restaurant_to_customer,0,0,0,,-1.75,0,-1.75,-0.37,-2.12,,0,0,0,,0,7.61,5/11/26,Completed,,LFCO3G2UNLVS
,4bda372a-9a23-44b5-a784-5cc3e44d94ba,,,742103f3-6a55-5738-86dd-9901b0f26beb,5/9/26,4:54 PM,Delivery - Partner Using Uber App,,iOS,Cheese Bacon,Cheese_Bacon_V,,Count,Count,0,0,0,1,1,1,1,13.9,,12.64,0,1.26,0,13.9,0,0,0,0,0,,,,,,,,,,,,,,,,,,,,,,,,,,,,,,,,,,,,,,,,,,,,,,
#422AC,ea7e5e90-4f8e-455a-bd93-5298a5d422ac,GULA - Cartagena,,742103f3-6a55-5738-86dd-9901b0f26beb,5/9/26,7:52 PM,Delivery - Partner Using Uber App,Unknown,Unknown,,,,,,,,,,,,,,Uber One member,31.45,0,3.15,0,34.6,0,0,0,0,0,0,0,0,0,0,0,0,0,0,,0,0,0,0,0,0,0,0,0,0,0,0,0,0,34.6,https://restaurant.uber.com/manager/payments/invoices/order/d8c97b69-0ec3-5908-b221-beff3bdad250?invoiceType=restaurant_to_customer,0,0,0,,-6.75,0,-6.75,-1.42,-8.17,,0,0,0,,0,26.43,5/11/26,Completed,,LFCO3G2UNLVS
,ea7e5e90-4f8e-455a-bd93-5298a5d422ac,,,742103f3-6a55-5738-86dd-9901b0f26beb,5/9/26,7:52 PM,Delivery - Partner Using Uber App,,Unknown,The Sinner,The_Sinner,,Count,Count,0,0,0,1,1,1,1,13.9,,12.64,0,1.26,0,13.9,0,0,0,0,0,,,,,,,,,,,,,,,,,,,,,,,,,,,,,,,,,,,,,,,,,,,,,,
,ea7e5e90-4f8e-455a-bd93-5298a5d422ac,,,742103f3-6a55-5738-86dd-9901b0f26beb,5/9/26,7:52 PM,Delivery - Partner Using Uber App,,Unknown,Nuestras Fritas,Nuestras_Fritas,,Count,Count,0,0,0,2,2,2,2,3.4,,6.18,0,0.62,0,6.8,0,0,0,0,0,,,,,,,,,,,,,,,,,,,,,,,,,,,,,,,,,,,,,,,,,,,,,,
,ea7e5e90-4f8e-455a-bd93-5298a5d422ac,,,742103f3-6a55-5738-86dd-9901b0f26beb,5/9/26,7:52 PM,Delivery - Partner Using Uber App,,Unknown,The Pope' s Burger,The_Pope'_s_Burger,,Count,Count,0,0,0,1,1,1,1,13.9,,12.63,0,1.27,0,13.9,0,0,0,0,0,,,,,,,,,,,,,,,,,,,,,,,,,,,,,,,,,,,,,,,,,,,,,,
#E0327,6a130c7d-bf17-4631-a537-8bf4fd7e0327,GULA - Cartagena,,742103f3-6a55-5738-86dd-9901b0f26beb,5/9/26,7:46 PM,Delivery - Partner Using Uber App,Unknown,iOS,,,,,,,,,,,,,,Uber One member,31.27,0,3.13,0,34.4,0,0,0,0,0,-8.7,0,-0.87,0,-9.57,0,0,0,0,,0,0,0,0,0,0,0,0,0,0,0,0,0,0,24.83,https://restaurant.uber.com/manager/payments/invoices/order/ff7c9936-cfbd-5247-86c0-2caa236e70a7?invoiceType=restaurant_to_customer,0,0,0,,-4.84,0,-4.84,-1.02,-5.86,,0,0,0,,0,18.97,5/11/26,Completed,,LFCO3G2UNLVS
,6a130c7d-bf17-4631-a537-8bf4fd7e0327,,,742103f3-6a55-5738-86dd-9901b0f26beb,5/9/26,7:46 PM,Delivery - Partner Using Uber App,,iOS,Pleasure for 2,Pleasure_for_2,,Count,Count,0,0,0,1,1,1,1,31.9,,31.27,0,3.13,0,34.4,0,0,0,0,0,,,,,,,,,,,,,,,,,,,,,,,,,,,,,,,,,,,,,,,,,,,,,,
#B6599,858069e5-754c-4c4f-a2ea-72e37c7b6599,GULA - Cartagena,,742103f3-6a55-5738-86dd-9901b0f26beb,5/9/26,8:06 PM,Delivery - Partner Using Uber App,Unknown,iOS,,,,,,,,,,,,,,Uber One member,42.73,0,4.27,0,47,0,0,0,0,0,0,0,0,0,0,0,0,0,0,,0,0,0,0,0,0,0,0,0,0,0,0,0,0,47,https://restaurant.uber.com/manager/payments/invoices/order/0ec3b3f3-fa32-570b-aead-f47c2ac3dab0?invoiceType=restaurant_to_customer,0,0,0,,-9.17,0,-9.17,-1.93,-11.1,,0,0,0,,0,35.9,5/11/26,Completed,,LFCO3G2UNLVS
,858069e5-754c-4c4f-a2ea-72e37c7b6599,,,742103f3-6a55-5738-86dd-9901b0f26beb,5/9/26,8:06 PM,Delivery - Partner Using Uber App,,iOS,Gula Cheeseburger,Gula_Cheeseburger,,Count,Count,0,0,0,1,1,1,1,11.9,,19.27,0,1.93,0,21.2,0,0,0,0,0,,,,,,,,,,,,,,,,,,,,,,,,,,,,,,,,,,,,,,,,,,,,,,
,858069e5-754c-4c4f-a2ea-72e37c7b6599,,,742103f3-6a55-5738-86dd-9901b0f26beb,5/9/26,8:06 PM,Delivery - Partner Using Uber App,,iOS,Gula Cheeseburger,Gula_Cheeseburger,,Count,Count,0,0,0,1,1,1,1,11.9,,10.82,0,1.08,0,11.9,0,0,0,0,0,,,,,,,,,,,,,,,,,,,,,,,,,,,,,,,,,,,,,,,,,,,,,,
,858069e5-754c-4c4f-a2ea-72e37c7b6599,,,742103f3-6a55-5738-86dd-9901b0f26beb,5/9/26,8:06 PM,Delivery - Partner Using Uber App,,iOS,BBK,BBK,,Count,Count,0,0,0,1,1,1,1,13.9,,12.64,0,1.26,0,13.9,0,0,0,0,0,,,,,,,,,,,,,,,,,,,,,,,,,,,,,,,,,,,,,,,,,,,,,,
,,GULA - Cartagena,,742103f3-6a55-5738-86dd-9901b0f26beb,5/10/26,,,,Unknown,,,,,,,,,,,,,,,0,0,0,0,0,0,0,0,0,0,0,0,0,0,0,0,0,0,0,,0,0,0,0,0,0,0,0,0,0,0,0,0,0,0,,0,0,0,,0,0,0,0,0,,0,0,0,Ad Spend,-49.91,-49.91,5/11/26,,,LFCO3G2UNLVS
#2E62D,69cca58b-028f-47ab-9c0a-a1935932e62d,GULA - Cartagena,,742103f3-6a55-5738-86dd-9901b0f26beb,5/10/26,3:06 PM,Delivery - Partner Using Uber App,Unknown,Android,,,,,,,,,,,,,,Uber One member,25.36,0,2.54,0,27.9,0,0,0,0,0,-4.06,0,-0.41,0,-4.47,0,0,0,0,,0,0,0,0,0,0,0,0,0,0,0,-2.69,0,-2.69,20.74,https://restaurant.uber.com/manager/payments/invoices/order/c7c9119c-e173-59d0-9468-cb7f9dcdcde4?invoiceType=restaurant_to_customer,0,0,0,,-4.22,0,-4.22,-0.89,-5.11,,0,0,0,,0,15.63,5/11/26,Completed,,LFCO3G2UNLVS
,69cca58b-028f-47ab-9c0a-a1935932e62d,,,742103f3-6a55-5738-86dd-9901b0f26beb,5/10/26,3:06 PM,Delivery - Partner Using Uber App,,Android,Fritas Trufadas,Fritas_Trufadas,,Count,Count,0,0,0,1,1,1,1,6.5,,5.91,0,0.59,0,6.5,0,0,0,0,0,,,,,,,,,,,,,,,,,,,,,,,,,,,,,,,,,,,,,,,,,,,,,,
,69cca58b-028f-47ab-9c0a-a1935932e62d,,,742103f3-6a55-5738-86dd-9901b0f26beb,5/10/26,3:06 PM,Delivery - Partner Using Uber App,,Android,The Trufa Corp,The_Trufa_Corp,,Count,Count,0,0,0,1,1,1,1,14.9,,13.54,0,1.36,0,14.9,0,0,0,0,0,,,,,,,,,,,,,,,,,,,,,,,,,,,,,,,,,,,,,,,,,,,,,,
,69cca58b-028f-47ab-9c0a-a1935932e62d,,,742103f3-6a55-5738-86dd-9901b0f26beb,5/10/26,3:06 PM,Delivery - Partner Using Uber App,,Android,Cheesecake  con dulce de leche y galleta Lotus,Cheesecake_con_Galle,,Count,Count,0,0,0,1,1,1,1,6.5,,5.91,0,0.59,0,6.5,0,0,0,0,0,,,,,,,,,,,,,,,,,,,,,,,,,,,,,,,,,,,,,,,,,,,,,,
#923F4,a43beb06-bace-45e3-8845-9c74444923f4,GULA - Cartagena,,742103f3-6a55-5738-86dd-9901b0f26beb,5/10/26,5:50 PM,Delivery - Partner Using Uber App,Unknown,iOS,,,,,,,,,,,,,,Non-member,32.91,0,3.29,0,36.2,0,0,0,0,0,-8.7,0,-0.87,0,-9.57,0,0,0,0,,0,0,0,0,0,0,0,0,0,0,0,-0.29,0,-0.29,26.34,https://restaurant.uber.com/manager/payments/invoices/order/8fb94f00-3575-56d5-873a-9cf24dfeac31?invoiceType=restaurant_to_customer,0,0,0,,-4.79,0,-4.79,-1.01,-5.8,,0,0,0,,0,20.54,5/11/26,Completed,,LFCO3G2UNLVS
,a43beb06-bace-45e3-8845-9c74444923f4,,,742103f3-6a55-5738-86dd-9901b0f26beb,5/10/26,5:50 PM,Delivery - Partner Using Uber App,,iOS,Pleasure for 2,Pleasure_for_2,,Count,Count,0,0,0,1,1,1,1,31.9,,32.91,0,3.29,0,36.2,0,0,0,0,0,,,,,,,,,,,,,,,,,,,,,,,,,,,,,,,,,,,,,,,,,,,,,,
#C6FAB,2595b3e2-637c-4424-bdd4-63619bfc6fab,GULA - Cartagena,,742103f3-6a55-5738-86dd-9901b0f26beb,5/10/26,7:27 PM,Delivery - Partner Using Uber App,Unknown,iOS,,,,,,,,,,,,,,Non-member,15.73,0,1.57,0,17.3,0,0,0,0,0,-3.79,0,-0.38,0,-4.17,0,0,0,0,,0,0,0,0,0,0,0,0,0,0,0,-1.09,0,-1.09,12.04,https://restaurant.uber.com/manager/payments/invoices/order/8b2342a7-db31-5833-8d5e-23fd9fd0f287?invoiceType=restaurant_to_customer,0,0,0,,-2.36,0,-2.36,-0.5,-2.86,,0,0,0,,0,9.18,5/11/26,Completed,,LFCO3G2UNLVS
,2595b3e2-637c-4424-bdd4-63619bfc6fab,,,742103f3-6a55-5738-86dd-9901b0f26beb,5/10/26,7:27 PM,Delivery - Partner Using Uber App,,iOS,Cheese Bacon,Cheese_Bacon_V,,Count,Count,0,0,0,1,1,1,1,13.9,,15.73,0,1.57,0,17.3,0,0,0,0,0,,,,,,,,,,,,,,,,,,,,,,,,,,,,,,,,,,,,,,,,,,,,,,
#34D29,c6b6e7c2-eaf9-46a2-8dfa-026d15734d29,GULA - Cartagena,,742103f3-6a55-5738-86dd-9901b0f26beb,5/10/26,8:34 PM,Delivery - Partner Using Uber App,Unknown,Android,,,,,,,,,,,,,,Uber One member,44.36,0,4.44,0,48.8,0,0,0,0,0,-12.76,0,-1.28,0,-14.04,0,0,0,0,,0,0,0,0,0,0,0,0,0,0,0,0,0,0,34.76,https://restaurant.uber.com/manager/payments/invoices/order/f2b6dc01-19e5-5da3-ab9b-4362f77a0ca2?invoiceType=restaurant_to_customer,0,0,0,,-6.78,0,-6.78,-1.42,-8.2,,0,0,0,,0,26.56,5/11/26,Completed,,LFCO3G2UNLVS
,c6b6e7c2-eaf9-46a2-8dfa-026d15734d29,,,742103f3-6a55-5738-86dd-9901b0f26beb,5/10/26,8:34 PM,Delivery - Partner Using Uber App,,Android,The Trufa Corp,The_Trufa_Corp,,Count,Count,0,0,0,1,1,1,1,14.9,,13.55,0,1.35,0,14.9,0,0,0,0,0,,,,,,,,,,,,,,,,,,,,,,,,,,,,,,,,,,,,,,,,,,,,,,
,c6b6e7c2-eaf9-46a2-8dfa-026d15734d29,,,742103f3-6a55-5738-86dd-9901b0f26beb,5/10/26,8:34 PM,Delivery - Partner Using Uber App,,Android,Pleasure for 2,Pleasure_for_2,,Count,Count,0,0,0,1,1,1,1,31.9,,30.81,0,3.09,0,33.9,0,0,0,0,0,,,,,,,,,,,,,,,,,,,,,,,,,,,,,,,,,,,,,,,,,,,,,,
#2A8EE,2655d82b-1d49-4dfb-b85b-fee9cd62a8ee,GULA - Cartagena,,742103f3-6a55-5738-86dd-9901b0f26beb,5/10/26,8:55 PM,Delivery - Partner Using Uber App,Unknown,Android,,,,,,,,,,,,,,Non-member,29.91,0,2.99,0,32.9,0,0,0,0,0,-8.7,0,-0.87,0,-9.57,0,0,0,0,,0,0,0,0,0,0,0,0,0,0,0,-0.29,0,-0.29,23.04,https://restaurant.uber.com/manager/payments/invoices/order/45122deb-8815-50d7-828d-9662985fa817?invoiceType=restaurant_to_customer,0,0,0,,-4.2,0,-4.2,-0.88,-5.08,,0,0,0,,0,17.96,5/11/26,Completed,,LFCO3G2UNLVS
,2655d82b-1d49-4dfb-b85b-fee9cd62a8ee,,,742103f3-6a55-5738-86dd-9901b0f26beb,5/10/26,8:55 PM,Delivery - Partner Using Uber App,,Android,Pleasure for 2,Pleasure_for_2,,Count,Count,0,0,0,1,1,1,1,31.9,,29.91,0,2.99,0,32.9,0,0,0,0,0,,,,,,,,,,,,,,,,,,,,,,,,,,,,,,,,,,,,,,,,,,,,,,
#5575A,4d01d891-b04d-4c33-b1ce-7257c5d5575a,GULA - Cartagena,,742103f3-6a55-5738-86dd-9901b0f26beb,5/10/26,9:09 PM,Delivery - Partner Using Uber App,Unknown,iOS,,,,,,,,,,,,,,Non-member,41.73,0,4.17,0,45.9,0,0,0,0,0,0,0,0,0,0,0,0,0,0,,0,0,0,0,0,0,0,0,0,0,0,0,0,0,45.9,https://restaurant.uber.com/manager/payments/invoices/order/ab6ff7ab-ab1e-5708-b847-33990063ec77?invoiceType=restaurant_to_customer,0,0,0,,-8.26,0,-8.26,-1.73,-9.99,,0,0,0,,0,35.91,5/11/26,Completed,,LFCO3G2UNLVS
,4d01d891-b04d-4c33-b1ce-7257c5d5575a,,,742103f3-6a55-5738-86dd-9901b0f26beb,5/10/26,9:09 PM,Delivery - Partner Using Uber App,,iOS,Gula Cheeseburger,Gula_Cheeseburger,,Count,Count,0,0,0,3,3,3,3,11.9,,41.73,0,4.17,0,45.9,0,0,0,0,0,,,,,,,,,,,,,,,,,,,,,,,,,,,,,,,,,,,,,,,,,,,,,,
#E827A,611b2d8a-6258-4e49-ac48-373aa49e827a,GULA - Cartagena,,742103f3-6a55-5738-86dd-9901b0f26beb,5/10/26,9:09 PM,Delivery - Partner Using Uber App,Unknown,iOS,,,,,,,,,,,,,,Non-member,30.82,0,3.08,0,33.9,0,0,0,0,0,-8.7,0,-0.87,0,-9.57,0,0,0,0,,0,0,0,0,0,0,0,0,0,0,0,-4.29,0,-4.29,20.04,https://restaurant.uber.com/manager/payments/invoices/order/05e60913-f17c-57f1-9328-998647d00dd0?invoiceType=restaurant_to_customer,0,0,0,,-4.38,0,-4.38,-0.92,-5.3,,0,0,0,,0,14.74,5/11/26,Completed,,LFCO3G2UNLVS
,611b2d8a-6258-4e49-ac48-373aa49e827a,,,742103f3-6a55-5738-86dd-9901b0f26beb,5/10/26,9:09 PM,Delivery - Partner Using Uber App,,iOS,Pleasure for 2,Pleasure_for_2,,Count,Count,0,0,0,1,1,1,1,31.9,,30.82,0,3.08,0,33.9,0,0,0,0,0,,,,,,,,,,,,,,,,,,,,,,,,,,,,,,,,,,,,,,,,,,,,,,
#4C10B,efc2a7bd-9818-4506-92d8-69448754c10b,GULA - Cartagena,,742103f3-6a55-5738-86dd-9901b0f26beb,5/10/26,9:31 PM,Delivery - Partner Using Uber App,Unknown,iOS,,,,,,,,,,,,,,Uber One member,37.64,0,3.76,0,41.4,0,0,0,0,0,-10.48,0,-1.04,0,-11.52,0,0,0,0,,0,0,0,0,0,0,0,0,0,0,0,0,0,0,29.88,https://restaurant.uber.com/manager/payments/invoices/order/680fc4d9-ecfe-5229-b0ff-b3930d63c833?invoiceType=restaurant_to_customer,0,0,0,,-5.83,0,-5.83,-1.22,-7.05,,0,0,0,,0,22.83,5/11/26,Completed,,LFCO3G2UNLVS
,efc2a7bd-9818-4506-92d8-69448754c10b,,,742103f3-6a55-5738-86dd-9901b0f26beb,5/10/26,9:31 PM,Delivery - Partner Using Uber App,,iOS,Pleasure for 2,Pleasure_for_2,,Count,Count,0,0,0,1,1,1,1,31.9,,31.73,0,3.17,0,34.9,0,0,0,0,0,,,,,,,,,,,,,,,,,,,,,,,,,,,,,,,,,,,,,,,,,,,,,,
,efc2a7bd-9818-4506-92d8-69448754c10b,,,742103f3-6a55-5738-86dd-9901b0f26beb,5/10/26,9:31 PM,Delivery - Partner Using Uber App,,iOS,Fritas Bacon Queso,Fritas_Bacon_Queso,,Count,Count,0,0,0,1,1,1,1,6.5,,5.91,0,0.59,0,6.5,0,0,0,0,0,,,,,,,,,,,,,,,,,,,,,,,,,,,,,,,,,,,,,,,,,,,,,,
,,GULA - Cartagena,,742103f3-6a55-5738-86dd-9901b0f26beb,5/11/26,,,,Unknown,,,,,,,,,,,,,,,0,0,0,0,0,0,0,0,0,0,0,0,0,0,0,0,0,0,0,,0,0,0,0,0,0,0,0,0,0,0,0,0,0,0,,0,0,0,,0,0,0,0,0,,0,0,0,Other fee,0,-194.14,,,,
,,GULA - Cartagena,,742103f3-6a55-5738-86dd-9901b0f26beb,5/11/26,,,,Unknown,,,,,,,,,,,,,,,0,0,0,0,0,0,0,0,0,0,0,0,0,0,0,0,0,0,0,,0,0,0,0,0,0,0,0,0,0,0,0,0,0,0,,0,0,0,,0,0,0,0,0,,0,0,0,Ad Spend,-49.91,-49.91,,,,
,,GULA - Móstoles,,0e2beda7-e867-5f1f-a4f7-fc2a477559a4,5/1/26,,,,Unknown,,,,,,,,,,,,,,,0,0,0,0,0,0,0,0,0,0,0,0,0,0,0,0,0,0,0,,0,0,0,0,0,0,0,0,0,0,0,0,0,0,0,,0,0,0,,0,0,0,0,0,,0,0,0,Ad Spend,-3.53,-3.53,5/4/26,,,O2MENH8WZNBXBSW
,,GULA - Móstoles,,0e2beda7-e867-5f1f-a4f7-fc2a477559a4,5/2/26,,,,Unknown,,,,,,,,,,,,,,,0,0,0,0,0,0,0,0,0,0,0,0,0,0,0,0,0,0,0,,0,0,0,0,0,0,0,0,0,0,0,0,0,0,0,,0,0,0,,0,0,0,0,0,,0,0,0,Ad Spend,-5.18,-5.18,5/4/26,,,O2MENH8WZNBXBSW
#F7BB2,a8005331-6055-48a5-9304-d4417c6f7bb2,GULA - Móstoles,,0e2beda7-e867-5f1f-a4f7-fc2a477559a4,5/3/26,1:34 PM,Delivery - Partner Using Uber App,Unknown,iOS,,,,,,,,,,,,,,Uber One member,13.91,0,1.39,0,15.3,0,0,0,0,0,-2.16,0,-0.22,0,-2.38,0,0,0,0,,0,0,0,0,0,0,0,0,0,0,0,0,0,0,12.92,https://restaurant.uber.com/manager/payments/invoices/order/092a0ac9-7155-5dd7-83ad-609822a3afbd?invoiceType=restaurant_to_customer,0,0,0,,-2.52,0,-2.52,-0.53,-3.05,https://restaurant.uber.com/manager/payments/download-invoice?invoiceUUID=3a8efbb9-15d8-57f0-a59f-e8ba67c4fe31,0,0,0,,0,9.87,5/4/26,Completed,,O2MENH8WZNBXBSW
,a8005331-6055-48a5-9304-d4417c6f7bb2,,,0e2beda7-e867-5f1f-a4f7-fc2a477559a4,5/3/26,1:34 PM,Delivery - Partner Using Uber App,,iOS,Gula Cheeseburger,Gula_Cheeseburger,,Count,Count,0,0,0,1,1,1,1,11.9,,10.82,0,1.08,0,11.9,0,0,0,0,0,,,,,,,,,,,,,,,,,,,,,,,,,,,,,,,,,,,,,,,,,,,,,,
,a8005331-6055-48a5-9304-d4417c6f7bb2,,,0e2beda7-e867-5f1f-a4f7-fc2a477559a4,5/3/26,1:34 PM,Delivery - Partner Using Uber App,,iOS,Nuestras Fritas,Nuestras_Fritas,,Count,Count,0,0,0,1,1,1,1,3.4,,3.09,0,0.31,0,3.4,0,0,0,0,0,,,,,,,,,,,,,,,,,,,,,,,,,,,,,,,,,,,,,,,,,,,,,,
#3A71F,08319a45-3231-420a-b157-3001d823a71f,GULA - Móstoles,,0e2beda7-e867-5f1f-a4f7-fc2a477559a4,5/3/26,8:41 PM,Delivery - Partner Using Uber App,Unknown,iOS,,,,,,,,,,,,,,Non-member,27.12,0,2.71,0,29.83,0,0,0,0,0,-4.19,0,-0.42,0,-4.61,0,0,0,0,,0,0,0,0,0,0,0,0,0,0,0,-2.79,0,-2.79,22.43,https://restaurant.uber.com/manager/payments/invoices/order/da0798c8-2bd2-5b13-a77d-25f20caa8bd6?invoiceType=restaurant_to_customer,0,0,0,,-4.54,0,-4.54,-0.95,-5.49,https://restaurant.uber.com/manager/payments/download-invoice?invoiceUUID=3a8efbb9-15d8-57f0-a59f-e8ba67c4fe31,0,0,0,,0,16.94,5/4/26,Completed,,O2MENH8WZNBXBSW
,08319a45-3231-420a-b157-3001d823a71f,,,0e2beda7-e867-5f1f-a4f7-fc2a477559a4,5/3/26,8:41 PM,Delivery - Partner Using Uber App,,iOS,Nuestras Fritas,Nuestras_Fritas,,Count,Count,0,0,0,2,2,2,2,3.4,,6.18,0,0.62,0,6.8,0,0,0,0,0,,,,,,,,,,,,,,,,,,,,,,,,,,,,,,,,,,,,,,,,,,,,,,
,08319a45-3231-420a-b157-3001d823a71f,,,0e2beda7-e867-5f1f-a4f7-fc2a477559a4,5/3/26,8:41 PM,Delivery - Partner Using Uber App,,iOS,Gula Cheeseburger,Gula_Cheeseburger,,Count,Count,0,0,0,1,1,1,1,11.9,,10.82,0,1.08,0,11.9,0,0,0,0,0,,,,,,,,,,,,,,,,,,,,,,,,,,,,,,,,,,,,,,,,,,,,,,
,08319a45-3231-420a-b157-3001d823a71f,,,0e2beda7-e867-5f1f-a4f7-fc2a477559a4,5/3/26,8:41 PM,Delivery - Partner Using Uber App,,iOS,GOLDEN SLIDER,GOLDEN_SLIDER,,Count,Count,0,0,0,1,1,1,1,11.13,,10.12,0,1.01,0,11.13,0,0,0,0,0,,,,,,,,,,,,,,,,,,,,,,,,,,,,,,,,,,,,,,,,,,,,,,
#5FA1D,9eabe40a-a6af-466a-803e-358bbf25fa1d,GULA - Móstoles,,0e2beda7-e867-5f1f-a4f7-fc2a477559a4,5/3/26,8:52 PM,Delivery - Partner Using Uber App,Unknown,iOS,,,,,,,,,,,,,,Non-member,30.27,0,3.03,0,33.3,0,0,0,0,0,-2.16,0,-0.22,0,-2.38,0,0,0,0,,0,0,0,0,0,0,0,0,0,0,0,-3.59,0,-3.59,27.33,https://restaurant.uber.com/manager/payments/invoices/order/d6d78404-15a3-51f7-8d59-d2ec203f392a?invoiceType=restaurant_to_customer,0,0,0,,-5.57,0,-5.57,-1.17,-6.74,https://restaurant.uber.com/manager/payments/download-invoice?invoiceUUID=3a8efbb9-15d8-57f0-a59f-e8ba67c4fe31,0,0,0,,0,20.59,5/4/26,Completed,,O2MENH8WZNBXBSW
,9eabe40a-a6af-466a-803e-358bbf25fa1d,,,0e2beda7-e867-5f1f-a4f7-fc2a477559a4,5/3/26,8:52 PM,Delivery - Partner Using Uber App,,iOS,The Trufa Corp,The_Trufa_Corp,,Count,Count,0,0,0,1,1,1,1,14.9,,13.55,0,1.35,0,14.9,0,0,0,0,0,,,,,,,,,,,,,,,,,,,,,,,,,,,,,,,,,,,,,,,,,,,,,,
,9eabe40a-a6af-466a-803e-358bbf25fa1d,,,0e2beda7-e867-5f1f-a4f7-fc2a477559a4,5/3/26,8:52 PM,Delivery - Partner Using Uber App,,iOS,Gula Cheeseburger,Gula_Cheeseburger,,Count,Count,0,0,0,1,1,1,1,11.9,,16.72,0,1.68,0,18.4,0,0,0,0,0,,,,,,,,,,,,,,,,,,,,,,,,,,,,,,,,,,,,,,,,,,,,,,
#19947,d626b9cb-001a-4e47-ba27-1ec3d2c19947,GULA - Móstoles,,0e2beda7-e867-5f1f-a4f7-fc2a477559a4,5/3/26,9:34 PM,Delivery - Partner Using Uber App,Unknown,Unknown,,,,,,,,,,,,,,Uber One member,30.73,0,3.07,0,33.8,0,0,0,0,0,0,0,0,0,0,0,0,0,0,,0,0,0,0,0,0,0,0,0,0,0,0,0,0,33.8,https://restaurant.uber.com/manager/payments/invoices/order/9399a5a9-a7a5-54de-a4d1-1469971756c7?invoiceType=restaurant_to_customer,0,0,0,,-6.59,0,-6.59,-1.38,-7.97,https://restaurant.uber.com/manager/payments/download-invoice?invoiceUUID=3a8efbb9-15d8-57f0-a59f-e8ba67c4fe31,0,0,0,,0,25.83,5/4/26,Completed,,O2MENH8WZNBXBSW
,d626b9cb-001a-4e47-ba27-1ec3d2c19947,,,0e2beda7-e867-5f1f-a4f7-fc2a477559a4,5/3/26,9:34 PM,Delivery - Partner Using Uber App,,Unknown,The Sinner Combo,The_Sinner_Combo,,Count,Count,0,0,0,1,1,1,1,14.9,,15.37,0,1.53,0,16.9,0,0,0,0,0,,,,,,,,,,,,,,,,,,,,,,,,,,,,,,,,,,,,,,,,,,,,,,
,d626b9cb-001a-4e47-ba27-1ec3d2c19947,,,0e2beda7-e867-5f1f-a4f7-fc2a477559a4,5/3/26,9:34 PM,Delivery - Partner Using Uber App,,Unknown,The Sinner Combo,The_Sinner_Combo,,Count,Count,0,0,0,1,1,1,1,14.9,,15.36,0,1.54,0,16.9,0,0,0,0,0,,,,,,,,,,,,,,,,,,,,,,,,,,,,,,,,,,,,,,,,,,,,,,
#2DC9B,dd93e6ba-c4ab-4624-aec2-8e3dae12dc9b,GULA - Móstoles,,0e2beda7-e867-5f1f-a4f7-fc2a477559a4,5/3/26,9:48 PM,Delivery - Partner Using Uber App,Unknown,iOS,,,,,,,,,,,,,,Uber One member,20.94,0,2.09,0,23.03,0,0,0,0,0,-4.19,0,-0.42,0,-4.61,0,0,0,0,,0,0,0,0,0,0,0,0,0,0,0,0,0,0,18.42,https://restaurant.uber.com/manager/payments/invoices/order/6025b397-044e-5a33-958e-4798dc8673ce?invoiceType=restaurant_to_customer,0,0,0,,-3.59,0,-3.59,-0.75,-4.34,https://restaurant.uber.com/manager/payments/download-invoice?invoiceUUID=3a8efbb9-15d8-57f0-a59f-e8ba67c4fe31,0,0,0,,0,14.08,5/4/26,Completed,,O2MENH8WZNBXBSW
,dd93e6ba-c4ab-4624-aec2-8e3dae12dc9b,,,0e2beda7-e867-5f1f-a4f7-fc2a477559a4,5/3/26,9:48 PM,Delivery - Partner Using Uber App,,iOS,Gula Cheeseburger,Gula_Cheeseburger,,Count,Count,0,0,0,1,1,1,1,11.9,,10.82,0,1.08,0,11.9,0,0,0,0,0,,,,,,,,,,,,,,,,,,,,,,,,,,,,,,,,,,,,,,,,,,,,,,
,dd93e6ba-c4ab-4624-aec2-8e3dae12dc9b,,,0e2beda7-e867-5f1f-a4f7-fc2a477559a4,5/3/26,9:48 PM,Delivery - Partner Using Uber App,,iOS,GOLDEN SLIDER,GOLDEN_SLIDER,,Count,Count,0,0,0,1,1,1,1,11.13,,10.12,0,1.01,0,11.13,0,0,0,0,0,,,,,,,,,,,,,,,,,,,,,,,,,,,,,,,,,,,,,,,,,,,,,,
#E42D2,fe5f899d-7b47-4bce-80d6-e3cc5a1e42d2,GULA - Móstoles,,0e2beda7-e867-5f1f-a4f7-fc2a477559a4,5/3/26,10:05 PM,Delivery - Partner Using Uber App,Unknown,iOS,,,,,,,,,,,,,,Non-member,51.45,0,5.15,0,56.6,0,0,0,0,0,-2.16,0,-0.22,0,-2.38,0,0,0,0,,0,0,0,0,0,0,0,0,0,0,0,-3.59,0,-3.59,50.63,https://restaurant.uber.com/manager/payments/invoices/order/c7e97fa8-8438-5708-a808-451760a7e5ee?invoiceType=restaurant_to_customer,0,0,0,,-9.76,0,-9.76,-2.05,-11.81,https://restaurant.uber.com/manager/payments/download-invoice?invoiceUUID=3a8efbb9-15d8-57f0-a59f-e8ba67c4fe31,0,0,0,,0,38.82,5/4/26,Completed,,O2MENH8WZNBXBSW
,fe5f899d-7b47-4bce-80d6-e3cc5a1e42d2,,,0e2beda7-e867-5f1f-a4f7-fc2a477559a4,5/3/26,10:05 PM,Delivery - Partner Using Uber App,,iOS,The Sinner Combo,The_Sinner_Combo,,Count,Count,0,0,0,1,1,1,1,14.9,,13.55,0,1.35,0,14.9,0,0,0,0,0,,,,,,,,,,,,,,,,,,,,,,,,,,,,,,,,,,,,,,,,,,,,,,
,fe5f899d-7b47-4bce-80d6-e3cc5a1e42d2,,,0e2beda7-e867-5f1f-a4f7-fc2a477559a4,5/3/26,10:05 PM,Delivery - Partner Using Uber App,,iOS,Gula Cheeseburger,Gula_Cheeseburger,,Count,Count,0,0,0,1,1,1,1,11.9,,10.81,0,1.09,0,11.9,0,0,0,0,0,,,,,,,,,,,,,,,,,,,,,,,,,,,,,,,,,,,,,,,,,,,,,,
,fe5f899d-7b47-4bce-80d6-e3cc5a1e42d2,,,0e2beda7-e867-5f1f-a4f7-fc2a477559a4,5/3/26,10:05 PM,Delivery - Partner Using Uber App,,iOS,The Sinner Combo,The_Sinner_Combo,,Count,Count,0,0,0,1,1,1,1,14.9,,13.55,0,1.35,0,14.9,0,0,0,0,0,,,,,,,,,,,,,,,,,,,,,,,,,,,,,,,,,,,,,,,,,,,,,,
,fe5f899d-7b47-4bce-80d6-e3cc5a1e42d2,,,0e2beda7-e867-5f1f-a4f7-fc2a477559a4,5/3/26,10:05 PM,Delivery - Partner Using Uber App,,iOS,The Sinner Combo,The_Sinner_Combo,,Count,Count,0,0,0,1,1,1,1,14.9,,13.54,0,1.36,0,14.9,0,0,0,0,0,,,,,,,,,,,,,,,,,,,,,,,,,,,,,,,,,,,,,,,,,,,,,,
#7F223,42620b23-8766-4b98-9a2e-5f6c2897f223,GULA - Móstoles,,0e2beda7-e867-5f1f-a4f7-fc2a477559a4,5/3/26,10:34 PM,Delivery - Partner Using Uber App,Unknown,iOS,,,,,,,,,,,,,,Uber One member,29.91,0,2.99,0,32.9,0,0,0,0,0,0,0,0,0,0,0,0,0,0,,0,0,0,0,0,0,0,0,0,0,0,0,0,0,32.9,https://restaurant.uber.com/manager/payments/invoices/order/a7506eb7-6c6d-5133-862a-603470395893?invoiceType=restaurant_to_customer,0,0,0,,-6.42,0,-6.42,-1.35,-7.77,https://restaurant.uber.com/manager/payments/download-invoice?invoiceUUID=3a8efbb9-15d8-57f0-a59f-e8ba67c4fe31,0,0,0,,0,25.13,5/4/26,Completed,,O2MENH8WZNBXBSW
,42620b23-8766-4b98-9a2e-5f6c2897f223,,,0e2beda7-e867-5f1f-a4f7-fc2a477559a4,5/3/26,10:34 PM,Delivery - Partner Using Uber App,,iOS,Pleasure for 2,Pleasure_for_2,,Count,Count,0,0,0,1,1,1,1,31.9,,29.91,0,2.99,0,32.9,0,0,0,0,0,,,,,,,,,,,,,,,,,,,,,,,,,,,,,,,,,,,,,,,,,,,,,,
#68201,3583827d-2bff-46ce-90f0-29a67d768201,GULA - Móstoles,,0e2beda7-e867-5f1f-a4f7-fc2a477559a4,5/3/26,10:38 PM,Delivery - Partner Using Uber App,Unknown,iOS,,,,,,,,,,,,,,Uber One member,16.09,0,1.61,0,17.7,0,0,0,0,0,0,0,0,0,0,0,0,0,0,,0,0,0,0,0,0,0,0,0,0,0,0,0,0,17.7,https://restaurant.uber.com/manager/payments/invoices/order/70eb889d-a254-5ffc-a93a-ca7807030932?invoiceType=restaurant_to_customer,0,0,0,,-3.45,0,-3.45,-0.72,-4.17,https://restaurant.uber.com/manager/payments/download-invoice?invoiceUUID=3a8efbb9-15d8-57f0-a59f-e8ba67c4fe31,0,0,0,,0,13.53,5/4/26,Completed,,O2MENH8WZNBXBSW
,3583827d-2bff-46ce-90f0-29a67d768201,,,0e2beda7-e867-5f1f-a4f7-fc2a477559a4,5/3/26,10:38 PM,Delivery - Partner Using Uber App,,iOS,The Sinner Combo,The_Sinner_Combo,,Count,Count,0,0,0,1,1,1,1,14.9,,16.09,0,1.61,0,17.7,0,0,0,0,0,,,,,,,,,,,,,,,,,,,,,,,,,,,,,,,,,,,,,,,,,,,,,,
#45D49,a6e121bd-cf68-44e2-b6b4-39bf01345d49,GULA - Móstoles,,0e2beda7-e867-5f1f-a4f7-fc2a477559a4,5/4/26,8:17 PM,Delivery - Partner Using Uber App,Unknown,iOS,,,,,,,,,,,,,,Non-member,27.55,0,2.75,0,30.3,0,0,0,0,0,-4.33,0,-0.43,0,-4.76,0,0,0,0,,0,0,0,0,0,0,0,0,0,0,0,-2.39,0,-2.39,23.15,https://restaurant.uber.com/manager/payments/invoices/order/235b8a81-c222-5b4f-b851-c4235a08bac8?invoiceType=restaurant_to_customer,0,0,0,,-4.6,0,-4.6,-0.97,-5.57,,0,0,0,,0,17.58,5/11/26,Completed,,T9TKWJRM1N2XDNR
,a6e121bd-cf68-44e2-b6b4-39bf01345d49,,,0e2beda7-e867-5f1f-a4f7-fc2a477559a4,5/4/26,8:17 PM,Delivery - Partner Using Uber App,,iOS,Gula Cheeseburger,Gula_Cheeseburger,,Count,Count,0,0,0,1,1,1,1,11.9,,16.73,0,1.67,0,18.4,0,0,0,0,0,,,,,,,,,,,,,,,,,,,,,,,,,,,,,,,,,,,,,,,,,,,,,,
,a6e121bd-cf68-44e2-b6b4-39bf01345d49,,,0e2beda7-e867-5f1f-a4f7-fc2a477559a4,5/4/26,8:17 PM,Delivery - Partner Using Uber App,,iOS,Gula Cheeseburger,Gula_Cheeseburger,,Count,Count,0,0,0,1,1,1,1,11.9,,10.82,0,1.08,0,11.9,0,0,0,0,0,,,,,,,,,,,,,,,,,,,,,,,,,,,,,,,,,,,,,,,,,,,,,,
#61149,a468f321-90cf-4a34-b80a-6b33a9761149,GULA - Móstoles,,0e2beda7-e867-5f1f-a4f7-fc2a477559a4,5/4/26,9:01 PM,Delivery - Partner Using Uber App,Unknown,Unknown,,,,,,,,,,,,,,Non-member,21.64,0,2.16,0,23.8,0,0,0,0,0,-4.33,0,-0.43,0,-4.76,0,0,0,0,,0,0,0,0,0,0,0,0,0,0,0,-2.39,0,-2.39,16.65,https://restaurant.uber.com/manager/payments/invoices/order/a7e0547b-f6f6-54ca-9cb4-0d2ff4edcf69?invoiceType=restaurant_to_customer,0,0,0,,-3.43,0,-3.43,-0.72,-4.15,,0,0,0,,0,12.5,5/11/26,Completed,,T9TKWJRM1N2XDNR
,a468f321-90cf-4a34-b80a-6b33a9761149,,,0e2beda7-e867-5f1f-a4f7-fc2a477559a4,5/4/26,9:01 PM,Delivery - Partner Using Uber App,,Unknown,Gula Cheeseburger,Gula_Cheeseburger,,Count,Count,0,0,0,2,2,2,2,11.9,,21.64,0,2.16,0,23.8,0,0,0,0,0,,,,,,,,,,,,,,,,,,,,,,,,,,,,,,,,,,,,,,,,,,,,,,
,,GULA - Móstoles,,0e2beda7-e867-5f1f-a4f7-fc2a477559a4,5/5/26,,,,Unknown,,,,,,,,,,,,,,,0,0,0,0,0,0,0,0,0,0,0,0,0,0,0,0,0,0,0,,0,0,0,0,0,0,0,0,0,0,0,0,0,0,0,,0,0,0,,0,0,0,0,0,,0,0,0,Ad Spend,-38.12,-38.12,5/11/26,,,T9TKWJRM1N2XDNR
#BAC82,231079d9-853b-48fa-88a3-abaab91bac82,GULA - Móstoles,,0e2beda7-e867-5f1f-a4f7-fc2a477559a4,5/5/26,8:47 PM,Pickup,Unknown,iOS,,,,,,,,,,,,,,Non-member,13.91,0,1.39,0,15.3,0,0,0,0,0,-2.16,0,-0.22,0,-2.38,0,0,0,0,,0,0,0,0,0,0,0,0,0,0,0,0,0,0,12.92,https://restaurant.uber.com/manager/payments/invoices/order/2c416375-f3cf-53c4-8fee-2a06d4b4d1a4?invoiceType=restaurant_to_customer,0,0,0,,-1.94,0,-1.94,-0.41,-2.35,,0,0,0,,0,10.57,5/11/26,Completed,,T9TKWJRM1N2XDNR
,231079d9-853b-48fa-88a3-abaab91bac82,,,0e2beda7-e867-5f1f-a4f7-fc2a477559a4,5/5/26,8:47 PM,Pickup,,iOS,Gula Cheeseburger,Gula_Cheeseburger,,Count,Count,0,0,0,1,1,1,1,11.9,,10.82,0,1.08,0,11.9,0,0,0,0,0,,,,,,,,,,,,,,,,,,,,,,,,,,,,,,,,,,,,,,,,,,,,,,
,231079d9-853b-48fa-88a3-abaab91bac82,,,0e2beda7-e867-5f1f-a4f7-fc2a477559a4,5/5/26,8:47 PM,Pickup,,iOS,Nuestras Fritas,Nuestras_Fritas,,Count,Count,0,0,0,1,1,1,1,3.4,,3.09,0,0.31,0,3.4,0,0,0,0,0,,,,,,,,,,,,,,,,,,,,,,,,,,,,,,,,,,,,,,,,,,,,,,
#360E8,4b79a17b-050c-4927-9555-e3a7663360e8,GULA - Móstoles,,0e2beda7-e867-5f1f-a4f7-fc2a477559a4,5/5/26,9:25 PM,Delivery - Partner Using Uber App,Unknown,iOS,,,,,,,,,,,,,,Uber One member,32.18,0,3.22,0,35.4,0,0,0,0,0,0,0,0,0,0,0,0,0,0,,0,0,0,0,0,0,0,0,0,0,0,0,0,0,35.4,https://restaurant.uber.com/manager/payments/invoices/order/7196b9e3-4fae-53ab-aec6-dcc1445f3c27?invoiceType=restaurant_to_customer,0,0,0,,-6.9,0,-6.9,-1.45,-8.35,,0,0,0,,0,27.05,5/11/26,Completed,,T9TKWJRM1N2XDNR
,4b79a17b-050c-4927-9555-e3a7663360e8,,,0e2beda7-e867-5f1f-a4f7-fc2a477559a4,5/5/26,9:25 PM,Delivery - Partner Using Uber App,,iOS,Pleasure for 2,Pleasure_for_2,,Count,Count,0,0,0,1,1,1,1,31.9,,32.18,0,3.22,0,35.4,0,0,0,0,0,,,,,,,,,,,,,,,,,,,,,,,,,,,,,,,,,,,,,,,,,,,,,,
,,GULA - Móstoles,,0e2beda7-e867-5f1f-a4f7-fc2a477559a4,5/6/26,,,,Unknown,,,,,,,,,,,,,,,0,0,0,0,0,0,0,0,0,0,0,0,0,0,0,0,0,0,0,,0,0,0,0,0,0,0,0,0,0,0,0,0,0,0,,0,0,0,,0,0,0,0,0,,0,0,0,Ad Spend,-8.29,-8.29,5/11/26,,,T9TKWJRM1N2XDNR
#02F32,6895cc8d-354d-46d4-b205-71b98c902f32,GULA - Móstoles,,0e2beda7-e867-5f1f-a4f7-fc2a477559a4,5/6/26,8:57 PM,Delivery - Partner Using Uber App,Unknown,iOS,,,,,,,,,,,,,,Uber One member,31.73,0,3.17,0,34.9,0,0,0,0,0,0,0,0,0,0,0,0,0,0,,0,0,0,0,0,0,0,0,0,0,0,0,0,0,34.9,https://restaurant.uber.com/manager/payments/invoices/order/7f397305-1d15-5709-b284-90c6d9443727?invoiceType=restaurant_to_customer,0,0,0,,-6.81,0,-6.81,-1.43,-8.24,,0,0,0,,0,26.66,5/11/26,Completed,,T9TKWJRM1N2XDNR
,6895cc8d-354d-46d4-b205-71b98c902f32,,,0e2beda7-e867-5f1f-a4f7-fc2a477559a4,5/6/26,8:57 PM,Delivery - Partner Using Uber App,,iOS,Pleasure for 2,Pleasure_for_2,,Count,Count,0,0,0,1,1,1,1,31.9,,31.73,0,3.17,0,34.9,0,0,0,0,0,,,,,,,,,,,,,,,,,,,,,,,,,,,,,,,,,,,,,,,,,,,,,,
#4495E,abd976df-1970-4c04-bb5a-d1f2ee44495e,GULA - Móstoles,,0e2beda7-e867-5f1f-a4f7-fc2a477559a4,5/6/26,9:34 PM,Delivery - Partner Using Uber App,Unknown,Unknown,,,,,,,,,,,,,,Uber One member,32.18,0,3.22,0,35.4,0,0,0,0,0,0,0,0,0,0,0,0,0,0,,0,0,0,0,0,0,0,0,0,0,0,0,0,0,35.4,https://restaurant.uber.com/manager/payments/invoices/order/1d098de9-fdf3-5098-a9e1-b95d95a6b0c9?invoiceType=restaurant_to_customer,0,0,0,,-6.9,0,-6.9,-1.45,-8.35,,0,0,0,,0,27.05,5/11/26,Completed,,T9TKWJRM1N2XDNR
,abd976df-1970-4c04-bb5a-d1f2ee44495e,,,0e2beda7-e867-5f1f-a4f7-fc2a477559a4,5/6/26,9:34 PM,Delivery - Partner Using Uber App,,Unknown,Pleasure for 2,Pleasure_for_2,,Count,Count,0,0,0,1,1,1,1,31.9,,32.18,0,3.22,0,35.4,0,0,0,0,0,,,,,,,,,,,,,,,,,,,,,,,,,,,,,,,,,,,,,,,,,,,,,,
#0375C,de742a41-09aa-4108-ac3a-609ad720375c,GULA - Móstoles,,0e2beda7-e867-5f1f-a4f7-fc2a477559a4,5/6/26,9:42 PM,Delivery - Partner Using Uber App,Unknown,iOS,,,,,,,,,,,,,,Uber One member,30.55,0,3.05,0,33.6,0,0,0,0,0,0,0,0,0,0,0,0,0,0,,0,0,0,0,0,0,0,0,0,0,0,0,0,0,33.6,https://restaurant.uber.com/manager/payments/invoices/order/51ed29a5-dba0-50ec-a14e-8302e4432b74?invoiceType=restaurant_to_customer,0,0,0,,-6.55,0,-6.55,-1.38,-7.93,,0,0,0,,0,25.67,5/11/26,Completed,,T9TKWJRM1N2XDNR
,de742a41-09aa-4108-ac3a-609ad720375c,,,0e2beda7-e867-5f1f-a4f7-fc2a477559a4,5/6/26,9:42 PM,Delivery - Partner Using Uber App,,iOS,The Pope's Burger,The_Pope'_s_Burger,,Count,Count,0,0,0,1,1,1,1,12.9,,11.73,0,1.17,0,12.9,0,0,0,0,0,,,,,,,,,,,,,,,,,,,,,,,,,,,,,,,,,,,,,,,,,,,,,,
,de742a41-09aa-4108-ac3a-609ad720375c,,,0e2beda7-e867-5f1f-a4f7-fc2a477559a4,5/6/26,9:42 PM,Delivery - Partner Using Uber App,,iOS,Cheese Bacon,Cheese_Bacon_V,,Count,Count,0,0,0,1,1,1,1,13.9,,12.64,0,1.26,0,13.9,0,0,0,0,0,,,,,,,,,,,,,,,,,,,,,,,,,,,,,,,,,,,,,,,,,,,,,,
,de742a41-09aa-4108-ac3a-609ad720375c,,,0e2beda7-e867-5f1f-a4f7-fc2a477559a4,5/6/26,9:42 PM,Delivery - Partner Using Uber App,,iOS,Nuestras Fritas,Nuestras_Fritas,,Count,Count,0,0,0,2,2,2,2,3.4,,6.18,0,0.62,0,6.8,0,0,0,0,0,,,,,,,,,,,,,,,,,,,,,,,,,,,,,,,,,,,,,,,,,,,,,,
,,GULA - Móstoles,,0e2beda7-e867-5f1f-a4f7-fc2a477559a4,5/7/26,,,,Unknown,,,,,,,,,,,,,,,0,0,0,0,0,0,0,0,0,0,0,0,0,0,0,0,0,0,0,,0,0,0,0,0,0,0,0,0,0,0,0,0,0,0,,0,0,0,,0,0,0,0,0,,0,0,0,Ad Spend,-3.97,-3.97,5/11/26,,,T9TKWJRM1N2XDNR
#DF573,888b7122-d03c-43b0-a586-e18e098df573,GULA - Móstoles,,0e2beda7-e867-5f1f-a4f7-fc2a477559a4,5/7/26,8:22 PM,Delivery - Partner Using Uber App,Unknown,Unknown,,,,,,,,,,,,,,Uber One member,13.91,0,1.39,0,15.3,0,0,0,0,0,-2.16,0,-0.22,0,-2.38,0,0,0,0,,0,0,0,0,0,0,0,0,0,0,0,0,0,0,12.92,https://restaurant.uber.com/manager/payments/invoices/order/1efea5b3-d8f8-5971-8ecd-f931c0923aca?invoiceType=restaurant_to_customer,0,0,0,,-2.52,0,-2.52,-0.53,-3.05,,0,0,0,,0,9.87,5/11/26,Completed,,T9TKWJRM1N2XDNR
,888b7122-d03c-43b0-a586-e18e098df573,,,0e2beda7-e867-5f1f-a4f7-fc2a477559a4,5/7/26,8:22 PM,Delivery - Partner Using Uber App,,Unknown,Gula Cheeseburger,Gula_Cheeseburger,,Count,Count,0,0,0,1,1,1,1,11.9,,10.82,0,1.08,0,11.9,0,0,0,0,0,,,,,,,,,,,,,,,,,,,,,,,,,,,,,,,,,,,,,,,,,,,,,,
,888b7122-d03c-43b0-a586-e18e098df573,,,0e2beda7-e867-5f1f-a4f7-fc2a477559a4,5/7/26,8:22 PM,Delivery - Partner Using Uber App,,Unknown,Nuestras Fritas,Nuestras_Fritas,,Count,Count,0,0,0,1,1,1,1,3.4,,3.09,0,0.31,0,3.4,0,0,0,0,0,,,,,,,,,,,,,,,,,,,,,,,,,,,,,,,,,,,,,,,,,,,,,,
#30176,dc4b0d30-aec9-46c0-8981-e85338d30176,GULA - Móstoles,,0e2beda7-e867-5f1f-a4f7-fc2a477559a4,5/7/26,8:39 PM,Delivery - Partner Using Uber App,Unknown,iOS,,,,,,,,,,,,,,Uber One member,13.91,0,1.39,0,15.3,0,0,0,0,0,-2.16,0,-0.22,0,-2.38,0,0,0,0,,0,0,0,0,0,0,0,0,0,0,0,0,0,0,12.92,https://restaurant.uber.com/manager/payments/invoices/order/abe046d9-b80a-5bea-8188-e9a947a88736?invoiceType=restaurant_to_customer,0,0,0,,-2.52,0,-2.52,-0.53,-3.05,,0,0,0,,0,9.87,5/11/26,Completed,,T9TKWJRM1N2XDNR
,dc4b0d30-aec9-46c0-8981-e85338d30176,,,0e2beda7-e867-5f1f-a4f7-fc2a477559a4,5/7/26,8:39 PM,Delivery - Partner Using Uber App,,iOS,Gula Cheeseburger,Gula_Cheeseburger,,Count,Count,0,0,0,1,1,1,1,11.9,,10.82,0,1.08,0,11.9,0,0,0,0,0,,,,,,,,,,,,,,,,,,,,,,,,,,,,,,,,,,,,,,,,,,,,,,
,dc4b0d30-aec9-46c0-8981-e85338d30176,,,0e2beda7-e867-5f1f-a4f7-fc2a477559a4,5/7/26,8:39 PM,Delivery - Partner Using Uber App,,iOS,Nuestras Fritas,Nuestras_Fritas,,Count,Count,0,0,0,1,1,1,1,3.4,,3.09,0,0.31,0,3.4,0,0,0,0,0,,,,,,,,,,,,,,,,,,,,,,,,,,,,,,,,,,,,,,,,,,,,,,
#DEB70,c5b98902-1728-4f1b-b06a-0baff5edeb70,GULA - Móstoles,,0e2beda7-e867-5f1f-a4f7-fc2a477559a4,5/7/26,9:46 PM,Delivery - Partner Using Uber App,Unknown,iOS,,,,,,,,,,,,,,Uber One member,32.64,0,3.26,0,35.9,0,0,0,0,0,0,0,0,0,0,0,0,0,0,,0,0,0,0,0,0,0,0,0,0,0,0,0,0,35.9,https://restaurant.uber.com/manager/payments/invoices/order/04fcef19-ab14-54d9-bdcc-15ce40a3782e?invoiceType=restaurant_to_customer,0,0,0,,-7,0,-7,-1.47,-8.47,,0,0,0,,0,27.43,5/11/26,Completed,,T9TKWJRM1N2XDNR
,c5b98902-1728-4f1b-b06a-0baff5edeb70,,,0e2beda7-e867-5f1f-a4f7-fc2a477559a4,5/7/26,9:46 PM,Delivery - Partner Using Uber App,,iOS,Pleasure for 2,Pleasure_for_2,,Count,Count,0,0,0,1,1,1,1,31.9,,32.64,0,3.26,0,35.9,0,0,0,0,0,,,,,,,,,,,,,,,,,,,,,,,,,,,,,,,,,,,,,,,,,,,,,,
#DEB70,c5b98902-1728-4f1b-b06a-0baff5edeb70,GULA - Móstoles,,0e2beda7-e867-5f1f-a4f7-fc2a477559a4,5/7/26,9:46 PM,,,Unknown,,,,,,,,,,,,,,Uber One member,0,0,0,0,0,-6.82,0,-0.68,0,-7.5,0,0,0,0,0,0,0,,0,,0,0,0,0,0,0,0,0,0,0,0,0,0,0,-7.5,,0,0,0,,0,0,0,0,0,,0,0,0,,0,-7.5,5/11/26,Refund,,T9TKWJRM1N2XDNR
,c5b98902-1728-4f1b-b06a-0baff5edeb70,,,0e2beda7-e867-5f1f-a4f7-fc2a477559a4,5/7/26,9:46 PM,,,Unknown,Pleasure for 2,Pleasure_for_2,,Count,Count,0,0,0,1,1,1,1,31.9,,0,0,0,0,0,-35.9,0,3.26,0,-35.9,,,,,,,,,,,,,,,,,,,,,,,,,,,,,,,,,,,,,,,,,,,,,,
#9E38B,1a8e18d3-887f-448e-8c22-7895fe29e38b,GULA - Móstoles,,0e2beda7-e867-5f1f-a4f7-fc2a477559a4,5/7/26,9:58 PM,Delivery - Partner Using Uber App,Unknown,Unknown,,,,,,,,,,,,,,Uber One member,15.36,0,1.54,0,16.9,0,0,0,0,0,0,0,0,0,0,0,0,0,0,,0,0,0,0,0,0,0,0,0,0,0,0,0,0,16.9,https://restaurant.uber.com/manager/payments/invoices/order/7533cc7a-3d22-5f22-8dae-6c61c1e64f57?invoiceType=restaurant_to_customer,0,0,0,,-3.3,0,-3.3,-0.69,-3.99,,0,0,0,,0,12.91,5/11/26,Completed,,T9TKWJRM1N2XDNR
,1a8e18d3-887f-448e-8c22-7895fe29e38b,,,0e2beda7-e867-5f1f-a4f7-fc2a477559a4,5/7/26,9:58 PM,Delivery - Partner Using Uber App,,Unknown,The Sinner Combo,The_Sinner_Combo,,Count,Count,0,0,0,1,1,1,1,14.9,,15.36,0,1.54,0,16.9,0,0,0,0,0,,,,,,,,,,,,,,,,,,,,,,,,,,,,,,,,,,,,,,,,,,,,,,
#BE306,dde901b2-ac44-43c8-94cb-3ad7a8bbe306,GULA - Móstoles,,0e2beda7-e867-5f1f-a4f7-fc2a477559a4,5/7/26,11:10 PM,Delivery - Partner Using Uber App,Unknown,Unknown,,,,,,,,,,,,,,Non-member,16.45,0,1.65,0,18.1,0,0,0,0,0,-2.16,0,-0.22,0,-2.38,0,0,0,0,,0,0,0,0,0,0,0,0,0,0,0,-3.49,0,-3.49,12.23,https://restaurant.uber.com/manager/payments/invoices/order/87f66711-af56-5ddf-a0c2-9da67398fa7a?invoiceType=restaurant_to_customer,0,0,0,,-2.83,0,-2.83,-0.59,-3.42,,0,0,0,,0,8.81,5/11/26,Completed,,T9TKWJRM1N2XDNR
,dde901b2-ac44-43c8-94cb-3ad7a8bbe306,,,0e2beda7-e867-5f1f-a4f7-fc2a477559a4,5/7/26,11:10 PM,Delivery - Partner Using Uber App,,Unknown,Gula Cheeseburger,Gula_Cheeseburger,,Count,Count,0,0,0,1,1,1,1,11.9,,13.36,0,1.34,0,14.7,0,0,0,0,0,,,,,,,,,,,,,,,,,,,,,,,,,,,,,,,,,,,,,,,,,,,,,,
,dde901b2-ac44-43c8-94cb-3ad7a8bbe306,,,0e2beda7-e867-5f1f-a4f7-fc2a477559a4,5/7/26,11:10 PM,Delivery - Partner Using Uber App,,Unknown,Nuestras Fritas,Nuestras_Fritas,,Count,Count,0,0,0,1,1,1,1,3.4,,3.09,0,0.31,0,3.4,0,0,0,0,0,,,,,,,,,,,,,,,,,,,,,,,,,,,,,,,,,,,,,,,,,,,,,,
,,GULA - Móstoles,,0e2beda7-e867-5f1f-a4f7-fc2a477559a4,5/8/26,,,,Unknown,,,,,,,,,,,,,,,0,0,0,0,0,0,0,0,0,0,0,0,0,0,0,0,0,0,0,,0,0,0,0,0,0,0,0,0,0,0,0,0,0,0,,0,0,0,,0,0,0,0,0,,0,0,0,Ad Spend,-2.01,-2.01,5/11/26,,,T9TKWJRM1N2XDNR
#2634F,ce661bdb-7052-4548-8929-4330aa22634f,GULA - Móstoles,,0e2beda7-e867-5f1f-a4f7-fc2a477559a4,5/8/26,8:44 PM,Delivery - Partner Using Uber App,Unknown,Android,,,,,,,,,,,,,,Uber One member,16.73,0,1.67,0,18.4,0,0,0,0,0,-2.17,0,-0.21,0,-2.38,0,0,0,0,,0,0,0,0,0,0,0,0,0,0,0,0,0,0,16.02,https://restaurant.uber.com/manager/payments/invoices/order/fca4854e-503d-57e4-b61e-687af01cefcf?invoiceType=restaurant_to_customer,0,0,0,,-3.12,0,-3.12,-0.66,-3.78,,0,0,0,,0,12.24,5/11/26,Completed,,T9TKWJRM1N2XDNR
,ce661bdb-7052-4548-8929-4330aa22634f,,,0e2beda7-e867-5f1f-a4f7-fc2a477559a4,5/8/26,8:44 PM,Delivery - Partner Using Uber App,,Android,Gula Cheeseburger,Gula_Cheeseburger,,Count,Count,0,0,0,1,1,1,1,11.9,,10.82,0,1.08,0,11.9,0,0,0,0,0,,,,,,,,,,,,,,,,,,,,,,,,,,,,,,,,,,,,,,,,,,,,,,
,ce661bdb-7052-4548-8929-4330aa22634f,,,0e2beda7-e867-5f1f-a4f7-fc2a477559a4,5/8/26,8:44 PM,Delivery - Partner Using Uber App,,Android,Fritas Trufadas,Fritas_Trufadas,,Count,Count,0,0,0,1,1,1,1,6.5,,5.91,0,0.59,0,6.5,0,0,0,0,0,,,,,,,,,,,,,,,,,,,,,,,,,,,,,,,,,,,,,,,,,,,,,,
#2634F,ce661bdb-7052-4548-8929-4330aa22634f,GULA - Móstoles,,0e2beda7-e867-5f1f-a4f7-fc2a477559a4,5/8/26,8:44 PM,,,Unknown,,,,,,,,,,,,,,Uber One member,0,0,0,0,0,-8.65,0,-0.87,0,-9.52,0,0,0,0,0,0,0,,0,,0,0,0,0,0,0,0,0,0,0,0,0,0,0,-9.52,,0,0,0,,0,0,0,0,0,,0,0,0,,0,-9.52,5/11/26,Refund,,T9TKWJRM1N2XDNR
,ce661bdb-7052-4548-8929-4330aa22634f,,,0e2beda7-e867-5f1f-a4f7-fc2a477559a4,5/8/26,8:44 PM,,,Unknown,Gula Cheeseburger,Gula_Cheeseburger,,Count,Count,0,0,0,1,1,1,1,11.9,,0,0,0,0,0,-11.9,0,1.09,0,-11.9,,,,,,,,,,,,,,,,,,,,,,,,,,,,,,,,,,,,,,,,,,,,,,
#C428C,a2062277-a04f-4a56-b2fc-bc3d095c428c,GULA - Móstoles,,0e2beda7-e867-5f1f-a4f7-fc2a477559a4,5/8/26,8:38 PM,Delivery - Partner Using Uber App,Unknown,iOS,,,,,,,,,,,,,,Uber One member,16.03,0,1.6,0,17.63,0,0,0,0,0,-2.03,0,-0.2,0,-2.23,0,0,0,0,,0,0,0,0,0,0,0,0,0,0,0,-4.29,0,-4.29,11.11,https://restaurant.uber.com/manager/payments/invoices/order/cbee4659-626c-586b-bcf5-7247e6411647?invoiceType=restaurant_to_customer,0,0,0,,-2.77,0,-2.77,-0.58,-3.35,,0,0,0,,0,7.76,5/11/26,Completed,,T9TKWJRM1N2XDNR
,a2062277-a04f-4a56-b2fc-bc3d095c428c,,,0e2beda7-e867-5f1f-a4f7-fc2a477559a4,5/8/26,8:38 PM,Delivery - Partner Using Uber App,,iOS,Fritas Trufadas,Fritas_Trufadas,,Count,Count,0,0,0,1,1,1,1,6.5,,5.91,0,0.59,0,6.5,0,0,0,0,0,,,,,,,,,,,,,,,,,,,,,,,,,,,,,,,,,,,,,,,,,,,,,,
,a2062277-a04f-4a56-b2fc-bc3d095c428c,,,0e2beda7-e867-5f1f-a4f7-fc2a477559a4,5/8/26,8:38 PM,Delivery - Partner Using Uber App,,iOS,GOLDEN SLIDER,GOLDEN_SLIDER,,Count,Count,0,0,0,1,1,1,1,11.13,,10.12,0,1.01,0,11.13,0,0,0,0,0,,,,,,,,,,,,,,,,,,,,,,,,,,,,,,,,,,,,,,,,,,,,,,
#E786F,477cf6e8-f3fb-4277-a00d-8e979b9e786f,GULA - Móstoles,,0e2beda7-e867-5f1f-a4f7-fc2a477559a4,5/8/26,9:36 PM,Delivery - Partner Using Uber App,Unknown,iOS,,,,,,,,,,,,,,Non-member,27.27,0,2.73,0,30,0,0,0,0,0,-7.43,0,-0.75,0,-8.18,0,0,0,0,,0,0,0,0,0,0,0,0,0,0,0,-4.09,0,-4.09,17.73,https://restaurant.uber.com/manager/payments/invoices/order/7ffd6297-9165-57e1-b7a6-551f4ca67fa6?invoiceType=restaurant_to_customer,0,0,0,,-3.93,0,-3.93,-0.83,-4.76,,0,0,0,,0,12.97,5/11/26,Completed,,T9TKWJRM1N2XDNR
,477cf6e8-f3fb-4277-a00d-8e979b9e786f,,,0e2beda7-e867-5f1f-a4f7-fc2a477559a4,5/8/26,9:36 PM,Delivery - Partner Using Uber App,,iOS,Gula Cheeseburger,Gula_Cheeseburger,,Count,Count,0,0,0,1,1,1,1,11.9,,16.73,0,1.67,0,18.4,0,0,0,0,0,,,,,,,,,,,,,,,,,,,,,,,,,,,,,,,,,,,,,,,,,,,,,,
,477cf6e8-f3fb-4277-a00d-8e979b9e786f,,,0e2beda7-e867-5f1f-a4f7-fc2a477559a4,5/8/26,9:36 PM,Delivery - Partner Using Uber App,,iOS,Cheesecake de Fresa,Cheesecake_de_Fresa,,Count,Count,0,0,0,2,2,2,2,5.8,,10.54,0,1.06,0,11.6,0,0,0,0,0,,,,,,,,,,,,,,,,,,,,,,,,,,,,,,,,,,,,,,,,,,,,,,
#3B9CF,e47ea94d-867d-4507-8e7a-0d516c03b9cf,GULA - Móstoles,,0e2beda7-e867-5f1f-a4f7-fc2a477559a4,5/8/26,9:33 PM,Delivery - Partner Using Uber App,Unknown,iOS,,,,,,,,,,,,,,Uber One member,24.73,0,2.47,0,27.2,0,0,0,0,0,-4.33,0,-0.43,0,-4.76,0,0,0,0,,0,0,0,0,0,0,0,0,0,0,0,0,0,0,22.44,https://restaurant.uber.com/manager/payments/invoices/order/1f491786-ab2c-50e8-ac19-31878b4a35ca?invoiceType=restaurant_to_customer,0,0,0,,-4.38,0,-4.38,-0.92,-5.3,,0,0,0,,0,17.14,5/11/26,Completed,,T9TKWJRM1N2XDNR
,e47ea94d-867d-4507-8e7a-0d516c03b9cf,,,0e2beda7-e867-5f1f-a4f7-fc2a477559a4,5/8/26,9:33 PM,Delivery - Partner Using Uber App,,iOS,Gula Cheeseburger,Gula_Cheeseburger,,Count,Count,0,0,0,2,2,2,2,11.9,,21.64,0,2.16,0,23.8,0,0,0,0,0,,,,,,,,,,,,,,,,,,,,,,,,,,,,,,,,,,,,,,,,,,,,,,
,e47ea94d-867d-4507-8e7a-0d516c03b9cf,,,0e2beda7-e867-5f1f-a4f7-fc2a477559a4,5/8/26,9:33 PM,Delivery - Partner Using Uber App,,iOS,Nuestras Fritas,Nuestras_Fritas,,Count,Count,0,0,0,1,1,1,1,3.4,,3.09,0,0.31,0,3.4,0,0,0,0,0,,,,,,,,,,,,,,,,,,,,,,,,,,,,,,,,,,,,,,,,,,,,,,
#4FCEB,b600687e-4844-4085-a23a-68e6a944fceb,GULA - Móstoles,,0e2beda7-e867-5f1f-a4f7-fc2a477559a4,5/8/26,10:43 PM,Delivery - Partner Using Uber App,Unknown,iOS,,,,,,,,,,,,,,Non-member,16.73,0,1.67,0,18.4,0,0,0,0,0,-2.17,0,-0.21,0,-2.38,0,0,0,0,,0,0,0,0,0,0,0,0,0,0,0,-4.29,0,-4.29,11.73,https://restaurant.uber.com/manager/payments/invoices/order/7bcec2da-5948-5179-8669-8ca7d4cd2dc0?invoiceType=restaurant_to_customer,0,0,0,,-2.88,0,-2.88,-0.6,-3.48,,0,0,0,,0,8.25,5/11/26,Completed,,T9TKWJRM1N2XDNR
,b600687e-4844-4085-a23a-68e6a944fceb,,,0e2beda7-e867-5f1f-a4f7-fc2a477559a4,5/8/26,10:43 PM,Delivery - Partner Using Uber App,,iOS,Gula Cheeseburger,Gula_Cheeseburger,,Count,Count,0,0,0,1,1,1,1,11.9,,16.73,0,1.67,0,18.4,0,0,0,0,0,,,,,,,,,,,,,,,,,,,,,,,,,,,,,,,,,,,,,,,,,,,,,,
#11C27,bbbc815c-349a-4f60-8366-55f652911c27,GULA - Móstoles,,0e2beda7-e867-5f1f-a4f7-fc2a477559a4,5/8/26,10:29 PM,Delivery - Partner Using Uber App,Unknown,iOS,,,,,,,,,,,,,,Uber One member,21.64,0,2.16,0,23.8,0,0,0,0,0,-4.33,0,-0.43,0,-4.76,0,0,0,0,,0,0,0,0,0,0,0,0,0,0,0,0,0,0,19.04,https://restaurant.uber.com/manager/payments/invoices/order/3a09d151-8454-5288-82c8-c3c823ae0a9b?invoiceType=restaurant_to_customer,0,0,0,,-3.71,0,-3.71,-0.78,-4.49,,0,0,0,,0,14.55,5/11/26,Completed,,T9TKWJRM1N2XDNR
,bbbc815c-349a-4f60-8366-55f652911c27,,,0e2beda7-e867-5f1f-a4f7-fc2a477559a4,5/8/26,10:29 PM,Delivery - Partner Using Uber App,,iOS,Gula Cheeseburger,Gula_Cheeseburger,,Count,Count,0,0,0,2,2,2,2,11.9,,21.64,0,2.16,0,23.8,0,0,0,0,0,,,,,,,,,,,,,,,,,,,,,,,,,,,,,,,,,,,,,,,,,,,,,,
#3DFC4,62b50b98-251b-45ce-a58b-d69284d3dfc4,GULA - Móstoles,,0e2beda7-e867-5f1f-a4f7-fc2a477559a4,5/8/26,10:44 PM,Delivery - Partner Using Uber App,Unknown,iOS,,,,,,,,,,,,,,Non-member,27.09,0,2.71,0,29.8,0,0,0,0,0,0,0,0,0,0,0,0,0,0,,0,0,0,0,0,0,0,0,0,0,0,-4.29,0,-4.29,25.51,https://restaurant.uber.com/manager/payments/invoices/order/4d557508-aa49-50fc-b7fa-d435e1a6279b?invoiceType=restaurant_to_customer,0,0,0,,-5.36,0,-5.36,-1.13,-6.49,,0,0,0,,0,19.02,5/11/26,Completed,,T9TKWJRM1N2XDNR
,62b50b98-251b-45ce-a58b-d69284d3dfc4,,,0e2beda7-e867-5f1f-a4f7-fc2a477559a4,5/8/26,10:44 PM,Delivery - Partner Using Uber App,,iOS,The Sinner Combo,The_Sinner_Combo,,Count,Count,0,0,0,1,1,1,1,14.9,,13.54,0,1.36,0,14.9,0,0,0,0,0,,,,,,,,,,,,,,,,,,,,,,,,,,,,,,,,,,,,,,,,,,,,,,
,62b50b98-251b-45ce-a58b-d69284d3dfc4,,,0e2beda7-e867-5f1f-a4f7-fc2a477559a4,5/8/26,10:44 PM,Delivery - Partner Using Uber App,,iOS,The Sinner Combo,The_Sinner_Combo,,Count,Count,0,0,0,1,1,1,1,14.9,,13.55,0,1.35,0,14.9,0,0,0,0,0,,,,,,,,,,,,,,,,,,,,,,,,,,,,,,,,,,,,,,,,,,,,,,
,,GULA - Móstoles,,0e2beda7-e867-5f1f-a4f7-fc2a477559a4,5/9/26,,,,Unknown,,,,,,,,,,,,,,,0,0,0,0,0,0,0,0,0,0,0,0,0,0,0,0,0,0,0,,0,0,0,0,0,0,0,0,0,0,0,0,0,0,0,,0,0,0,,0,0,0,0,0,,0,0,0,Ad Spend,-5.13,-5.13,5/11/26,,,T9TKWJRM1N2XDNR
#26C0F,2460edec-cd8a-4302-ae6a-854ea3d26c0f,GULA - Móstoles,,0e2beda7-e867-5f1f-a4f7-fc2a477559a4,5/9/26,1:10 PM,Delivery - Partner Using Uber App,Unknown,iOS,,,,,,,,,,,,,,Uber One member,14.45,0,1.45,0,15.9,0,0,0,0,0,0,0,0,0,0,0,0,0,0,,0,0,0,0,0,0,0,0,0,0,0,0,0,0,15.9,https://restaurant.uber.com/manager/payments/invoices/order/1612f01a-0a7d-52dd-a66d-3149fc5b5869?invoiceType=restaurant_to_customer,0,0,0,,-3.1,0,-3.1,-0.65,-3.75,,0,0,0,,0,12.15,5/11/26,Completed,,T9TKWJRM1N2XDNR
,2460edec-cd8a-4302-ae6a-854ea3d26c0f,,,0e2beda7-e867-5f1f-a4f7-fc2a477559a4,5/9/26,1:10 PM,Delivery - Partner Using Uber App,,iOS,The Sinner Combo,The_Sinner_Combo,,Count,Count,0,0,0,1,1,1,1,14.9,,14.45,0,1.45,0,15.9,0,0,0,0,0,,,,,,,,,,,,,,,,,,,,,,,,,,,,,,,,,,,,,,,,,,,,,,
#1E9FA,f3f942bb-78c2-40d3-8505-65191151e9fa,GULA - Móstoles,,0e2beda7-e867-5f1f-a4f7-fc2a477559a4,5/9/26,1:16 PM,Delivery - Partner Using Uber App,Unknown,iOS,,,,,,,,,,,,,,Uber One member,33.73,0,3.37,0,37.1,0,0,0,0,0,-6.13,0,-0.61,0,-6.74,0,0,0,0,,0,0,0,0,0,0,0,0,0,0,0,0,0,0,30.36,https://restaurant.uber.com/manager/payments/invoices/order/0a0b3fbc-a85f-5caf-baf2-af8ba50d72cb?invoiceType=restaurant_to_customer,0,0,0,,-5.92,0,-5.92,-1.24,-7.16,,0,0,0,,0,23.2,5/11/26,Completed,,T9TKWJRM1N2XDNR
,f3f942bb-78c2-40d3-8505-65191151e9fa,,,0e2beda7-e867-5f1f-a4f7-fc2a477559a4,5/9/26,1:16 PM,Delivery - Partner Using Uber App,,iOS,Gula Cheeseburger,Gula_Cheeseburger,,Count,Count,0,0,0,2,2,2,2,11.9,,21.64,0,2.16,0,23.8,0,0,0,0,0,,,,,,,,,,,,,,,,,,,,,,,,,,,,,,,,,,,,,,,,,,,,,,
,f3f942bb-78c2-40d3-8505-65191151e9fa,,,0e2beda7-e867-5f1f-a4f7-fc2a477559a4,5/9/26,1:16 PM,Delivery - Partner Using Uber App,,iOS,Pollo frito al estilo GULA,Pollo_frito_al_estil,,Count,Count,0,0,0,1,1,1,1,9.9,,9,0,0.9,0,9.9,0,0,0,0,0,,,,,,,,,,,,,,,,,,,,,,,,,,,,,,,,,,,,,,,,,,,,,,
,f3f942bb-78c2-40d3-8505-65191151e9fa,,,0e2beda7-e867-5f1f-a4f7-fc2a477559a4,5/9/26,1:16 PM,Delivery - Partner Using Uber App,,iOS,Nuestras Fritas,Nuestras_Fritas,,Count,Count,0,0,0,1,1,1,1,3.4,,3.09,0,0.31,0,3.4,0,0,0,0,0,,,,,,,,,,,,,,,,,,,,,,,,,,,,,,,,,,,,,,,,,,,,,,
#75547,8062a218-688c-4660-bc6e-28118c175547,GULA - Móstoles,,0e2beda7-e867-5f1f-a4f7-fc2a477559a4,5/9/26,1:32 PM,Delivery - Partner Using Uber App,Unknown,iOS,,,,,,,,,,,,,,Uber One member,30.09,0,3.01,0,33.1,0,0,0,0,0,-4.33,0,-0.43,0,-4.76,0,0,0,0,,0,0,0,0,0,0,0,0,0,0,0,-3.39,0,-3.39,24.95,https://restaurant.uber.com/manager/payments/invoices/order/12079983-be96-546d-b7b7-ea8c6557fbef?invoiceType=restaurant_to_customer,0,0,0,,-5.1,0,-5.1,-1.07,-6.17,,0,0,0,,0,18.78,5/11/26,Completed,,T9TKWJRM1N2XDNR
,8062a218-688c-4660-bc6e-28118c175547,,,0e2beda7-e867-5f1f-a4f7-fc2a477559a4,5/9/26,1:32 PM,Delivery - Partner Using Uber App,,iOS,Gula Cheeseburger,Gula_Cheeseburger,,Count,Count,0,0,0,2,2,2,2,11.9,,21.64,0,2.16,0,23.8,0,0,0,0,0,,,,,,,,,,,,,,,,,,,,,,,,,,,,,,,,,,,,,,,,,,,,,,
,8062a218-688c-4660-bc6e-28118c175547,,,0e2beda7-e867-5f1f-a4f7-fc2a477559a4,5/9/26,1:32 PM,Delivery - Partner Using Uber App,,iOS,Fritas Buffalo Ranch,Fritas_Buffalo_Ranch,,Count,Count,0,0,0,1,1,1,1,7.5,,8.45,0,0.85,0,9.3,0,0,0,0,0,,,,,,,,,,,,,,,,,,,,,,,,,,,,,,,,,,,,,,,,,,,,,,
#79EC2,f50d5834-40ed-44f4-966e-bb2f69579ec2,GULA - Móstoles,,0e2beda7-e867-5f1f-a4f7-fc2a477559a4,5/9/26,1:26 PM,Delivery - Partner Using Uber App,Unknown,Android,,,,,,,,,,,,,,Non-member,29,0,2.9,0,31.9,0,0,0,0,0,0,0,0,0,0,0,0,0,0,,0,0,0,0,0,0,0,0,0,0,0,-3.39,0,-3.39,28.51,https://restaurant.uber.com/manager/payments/invoices/order/34c12d78-adff-556b-b309-fbe408b42196?invoiceType=restaurant_to_customer,0,0,0,,-5.74,0,-5.74,-1.21,-6.95,,0,0,0,,0,21.56,5/11/26,Completed,,T9TKWJRM1N2XDNR
,f50d5834-40ed-44f4-966e-bb2f69579ec2,,,0e2beda7-e867-5f1f-a4f7-fc2a477559a4,5/9/26,1:26 PM,Delivery - Partner Using Uber App,,Android,Pleasure for 2,Pleasure_for_2,,Count,Count,0,0,0,1,1,1,1,31.9,,29,0,2.9,0,31.9,0,0,0,0,0,,,,,,,,,,,,,,,,,,,,,,,,,,,,,,,,,,,,,,,,,,,,,,
#8CF29,c4d094f1-efe7-4eb2-bef0-f9a8ba68cf29,GULA - Móstoles,,0e2beda7-e867-5f1f-a4f7-fc2a477559a4,5/9/26,9:14 PM,Delivery - Partner Using Uber App,Unknown,iOS,,,,,,,,,,,,,,Uber One member,19.27,0,1.93,0,21.2,0,0,0,0,0,-2.16,0,-0.22,0,-2.38,0,0,0,0,,0,0,0,0,0,0,0,0,0,0,0,0,0,0,18.82,https://restaurant.uber.com/manager/payments/invoices/order/4398bce4-9db4-5a7f-929f-8d39ce7abe5d?invoiceType=restaurant_to_customer,0,0,0,,-3.67,0,-3.67,-0.77,-4.44,,0,0,0,,0,14.38,5/11/26,Completed,,T9TKWJRM1N2XDNR
,c4d094f1-efe7-4eb2-bef0-f9a8ba68cf29,,,0e2beda7-e867-5f1f-a4f7-fc2a477559a4,5/9/26,9:14 PM,Delivery - Partner Using Uber App,,iOS,Fritas Bacon Queso,Fritas_Bacon_Queso,,Count,Count,0,0,0,1,1,1,1,6.5,,5.91,0,0.59,0,6.5,0,0,0,0,0,,,,,,,,,,,,,,,,,,,,,,,,,,,,,,,,,,,,,,,,,,,,,,
,c4d094f1-efe7-4eb2-bef0-f9a8ba68cf29,,,0e2beda7-e867-5f1f-a4f7-fc2a477559a4,5/9/26,9:14 PM,Delivery - Partner Using Uber App,,iOS,Fuze Tea Limón Original lata 330ml.,Nestea_Té_Negro_Limó,,Count,Count,0,0,0,1,1,1,1,2.8,,2.55,0,0.25,0,2.8,0,0,0,0,0,,,,,,,,,,,,,,,,,,,,,,,,,,,,,,,,,,,,,,,,,,,,,,
,c4d094f1-efe7-4eb2-bef0-f9a8ba68cf29,,,0e2beda7-e867-5f1f-a4f7-fc2a477559a4,5/9/26,9:14 PM,Delivery - Partner Using Uber App,,iOS,Gula Cheeseburger,Gula_Cheeseburger,,Count,Count,0,0,0,1,1,1,1,11.9,,10.81,0,1.09,0,11.9,0,0,0,0,0,,,,,,,,,,,,,,,,,,,,,,,,,,,,,,,,,,,,,,,,,,,,,,
#8CF29,c4d094f1-efe7-4eb2-bef0-f9a8ba68cf29,GULA - Móstoles,,0e2beda7-e867-5f1f-a4f7-fc2a477559a4,5/9/26,9:14 PM,,,Unknown,,,,,,,,,,,,,,Uber One member,0,0,0,0,0,-2.55,0,-0.25,0,-2.8,0,0,0,0,0,0,0,,0,,0,0,0,0,0,0,0,0,0,0,0,0,0,0,-2.8,,0,0,0,,0,0,0,0,0,,0,0,0,,0,-2.8,5/11/26,Refund,,T9TKWJRM1N2XDNR
,c4d094f1-efe7-4eb2-bef0-f9a8ba68cf29,,,0e2beda7-e867-5f1f-a4f7-fc2a477559a4,5/9/26,9:14 PM,,,Unknown,Fuze Tea Limón Original lata 330ml.,Nestea_Té_Negro_Limó,,Count,Count,0,0,0,1,1,1,1,2.8,,0,0,0,0,0,-2.8,0,0.25,0,-2.8,,,,,,,,,,,,,,,,,,,,,,,,,,,,,,,,,,,,,,,,,,,,,,
#0DBFC,5f0fc700-5ebf-48a1-9790-556c41b0dbfc,GULA - Móstoles,,0e2beda7-e867-5f1f-a4f7-fc2a477559a4,5/9/26,9:35 PM,Delivery - Partner Using Uber App,Unknown,iOS,,,,,,,,,,,,,,Non-member,38.55,0,3.85,0,42.4,0,0,0,0,0,0,0,0,0,0,0,0,0,0,,0,0,0,0,0,0,0,0,0,0,0,0,0,0,42.4,https://restaurant.uber.com/manager/payments/invoices/order/5b7b6139-2f1b-5bd1-9d63-b1e26837b9c9?invoiceType=restaurant_to_customer,0,0,0,,-7.63,0,-7.63,-1.6,-9.23,,0,0,0,,0,33.17,5/11/26,Completed,,T9TKWJRM1N2XDNR
,5f0fc700-5ebf-48a1-9790-556c41b0dbfc,,,0e2beda7-e867-5f1f-a4f7-fc2a477559a4,5/9/26,9:35 PM,Delivery - Partner Using Uber App,,iOS,Fritas Buffalo Ranch,Fritas_Buffalo_Ranch,,Count,Count,0,0,0,1,1,1,1,7.5,,6.82,0,0.68,0,7.5,0,0,0,0,0,,,,,,,,,,,,,,,,,,,,,,,,,,,,,,,,,,,,,,,,,,,,,,
,5f0fc700-5ebf-48a1-9790-556c41b0dbfc,,,0e2beda7-e867-5f1f-a4f7-fc2a477559a4,5/9/26,9:35 PM,Delivery - Partner Using Uber App,,iOS,Pleasure for 2,Pleasure_for_2,,Count,Count,0,0,0,1,1,1,1,31.9,,31.73,0,3.17,0,34.9,0,0,0,0,0,,,,,,,,,,,,,,,,,,,,,,,,,,,,,,,,,,,,,,,,,,,,,,
#3843B,34f1143f-9d8e-4c12-9a4e-41015e23843b,GULA - Móstoles,,0e2beda7-e867-5f1f-a4f7-fc2a477559a4,5/9/26,9:27 PM,Delivery - Partner Using Uber App,Unknown,Unknown,,,,,,,,,,,,,,Non-member,16.45,0,1.65,0,18.1,0,0,0,0,0,-2.16,0,-0.22,0,-2.38,0,0,0,0,,0,0,0,0,0,0,0,0,0,0,0,-3.39,0,-3.39,12.33,https://restaurant.uber.com/manager/payments/invoices/order/86cbf29d-5885-5b40-8f96-9e39134861af?invoiceType=restaurant_to_customer,0,0,0,,-2.83,0,-2.83,-0.59,-3.42,,0,0,0,,0,8.91,5/11/26,Completed,,T9TKWJRM1N2XDNR
,34f1143f-9d8e-4c12-9a4e-41015e23843b,,,0e2beda7-e867-5f1f-a4f7-fc2a477559a4,5/9/26,9:27 PM,Delivery - Partner Using Uber App,,Unknown,Gula Cheeseburger,Gula_Cheeseburger,,Count,Count,0,0,0,1,1,1,1,11.9,,13.36,0,1.34,0,14.7,0,0,0,0,0,,,,,,,,,,,,,,,,,,,,,,,,,,,,,,,,,,,,,,,,,,,,,,
,34f1143f-9d8e-4c12-9a4e-41015e23843b,,,0e2beda7-e867-5f1f-a4f7-fc2a477559a4,5/9/26,9:27 PM,Delivery - Partner Using Uber App,,Unknown,Nuestras Fritas,Nuestras_Fritas,,Count,Count,0,0,0,1,1,1,1,3.4,,3.09,0,0.31,0,3.4,0,0,0,0,0,,,,,,,,,,,,,,,,,,,,,,,,,,,,,,,,,,,,,,,,,,,,,,
#6D14D,8d19cac4-d1a3-4d79-9ca1-3f0b5a46d14d,GULA - Móstoles,,0e2beda7-e867-5f1f-a4f7-fc2a477559a4,5/9/26,10:01 PM,Delivery - Partner Using Uber App,Unknown,iOS,,,,,,,,,,,,,,Non-member,35.21,0,3.52,0,38.73,0,0,0,0,0,-9.57,0,-0.96,0,-10.53,0,0,0,0,,0,0,0,0,0,0,0,0,0,0,0,-1.59,0,-1.59,26.61,https://restaurant.uber.com/manager/payments/invoices/order/f44abe7e-f38b-532d-89be-bf80177f1138?invoiceType=restaurant_to_customer,0,0,0,,-5.08,0,-5.08,-1.07,-6.15,,0,0,0,,0,20.46,5/11/26,Completed,,T9TKWJRM1N2XDNR
,8d19cac4-d1a3-4d79-9ca1-3f0b5a46d14d,,,0e2beda7-e867-5f1f-a4f7-fc2a477559a4,5/9/26,10:01 PM,Delivery - Partner Using Uber App,,iOS,The Golden Bite,Burger_+_Entrantes,,Count,Count,0,0,0,1,1,1,1,23.63,,24.66,0,2.47,0,27.13,0,0,0,0,0,,,,,,,,,,,,,,,,,,,,,,,,,,,,,,,,,,,,,,,,,,,,,,
,8d19cac4-d1a3-4d79-9ca1-3f0b5a46d14d,,,0e2beda7-e867-5f1f-a4f7-fc2a477559a4,5/9/26,10:01 PM,Delivery - Partner Using Uber App,,iOS,Cheesecake de Fresa,Cheesecake_de_Fresa,,Count,Count,0,0,0,2,2,2,2,5.8,,10.55,0,1.05,0,11.6,0,0,0,0,0,,,,,,,,,,,,,,,,,,,,,,,,,,,,,,,,,,,,,,,,,,,,,,
#D08D9,32b76029-5e19-49ec-bc6a-5a3f17dd08d9,GULA - Móstoles,,0e2beda7-e867-5f1f-a4f7-fc2a477559a4,5/9/26,10:41 PM,Delivery - Partner Using Uber App,Unknown,Android,,,,,,,,,,,,,,Uber One member,24.73,0,2.47,0,27.2,0,0,0,0,0,0,0,0,0,0,0,0,0,0,,0,0,0,0,0,0,0,0,0,0,0,0,0,0,27.2,https://restaurant.uber.com/manager/payments/invoices/order/9145e576-051a-550b-a0df-91de50443082?invoiceType=restaurant_to_customer,0,0,0,,-4.9,0,-4.9,-1.03,-5.93,,0,0,0,,0,21.27,5/11/26,Cancelled,,T9TKWJRM1N2XDNR
,32b76029-5e19-49ec-bc6a-5a3f17dd08d9,,,0e2beda7-e867-5f1f-a4f7-fc2a477559a4,5/9/26,10:41 PM,Delivery - Partner Using Uber App,,Android,Gula Cheeseburger,Gula_Cheeseburger,,Count,Count,0,0,0,2,2,2,2,11.9,,21.64,0,2.16,0,23.8,0,0,0,0,0,,,,,,,,,,,,,,,,,,,,,,,,,,,,,,,,,,,,,,,,,,,,,,
,32b76029-5e19-49ec-bc6a-5a3f17dd08d9,,,0e2beda7-e867-5f1f-a4f7-fc2a477559a4,5/9/26,10:41 PM,Delivery - Partner Using Uber App,,Android,Nuestras Fritas,Nuestras_Fritas,,Count,Count,0,0,0,1,1,1,1,3.4,,3.09,0,0.31,0,3.4,0,0,0,0,0,,,,,,,,,,,,,,,,,,,,,,,,,,,,,,,,,,,,,,,,,,,,,,
#87BF7,0c81c3a7-9e17-4a6f-9266-90e65bb87bf7,GULA - Móstoles,,0e2beda7-e867-5f1f-a4f7-fc2a477559a4,5/9/26,11:01 PM,Delivery - Partner Using Uber App,Unknown,iOS,,,,,,,,,,,,,,Uber One member,10.82,0,1.08,0,11.9,0,0,0,0,0,-2.17,0,-0.21,0,-2.38,0,0,0,0,,0,0,0,0,0,0,0,0,0,0,0,0,0,0,9.52,https://restaurant.uber.com/manager/payments/invoices/order/fd8e6a35-cbda-5c92-b463-1f46507e3c18?invoiceType=restaurant_to_customer,0,0,0,,-1.86,0,-1.86,-0.39,-2.25,,0,0,0,,0,7.27,5/11/26,Completed,,T9TKWJRM1N2XDNR
,0c81c3a7-9e17-4a6f-9266-90e65bb87bf7,,,0e2beda7-e867-5f1f-a4f7-fc2a477559a4,5/9/26,11:01 PM,Delivery - Partner Using Uber App,,iOS,Gula Cheeseburger,Gula_Cheeseburger,,Count,Count,0,0,0,1,1,1,1,11.9,,10.82,0,1.08,0,11.9,0,0,0,0,0,,,,,,,,,,,,,,,,,,,,,,,,,,,,,,,,,,,,,,,,,,,,,,
,,GULA - Móstoles,,0e2beda7-e867-5f1f-a4f7-fc2a477559a4,5/10/26,,,,Unknown,,,,,,,,,,,,,,,0,0,0,0,0,0,0,0,0,0,0,0,0,0,0,0,0,0,0,,0,0,0,0,0,0,0,0,0,0,0,0,0,0,0,,0,0,0,,0,0,0,0,0,,0,0,0,Ad Spend,-10.87,-10.87,5/11/26,,,T9TKWJRM1N2XDNR
#A7191,8a2eaa79-f6e8-4428-a3a4-3177d3aa7191,GULA - Móstoles,,0e2beda7-e867-5f1f-a4f7-fc2a477559a4,5/10/26,3:10 PM,Delivery - Partner Using Uber App,Unknown,iOS,,,,,,,,,,,,,,Non-member,29.36,0,2.94,0,32.3,0,0,0,0,0,-2.16,0,-0.22,0,-2.38,0,0,0,0,,0,0,0,0,0,0,0,0,0,0,0,-0.69,0,-0.69,29.23,https://restaurant.uber.com/manager/payments/invoices/order/b19010ab-1f75-5f6f-b3df-ebceb311a377?invoiceType=restaurant_to_customer,0,0,0,,-5.39,0,-5.39,-1.13,-6.52,,0,0,0,,0,22.71,5/11/26,Completed,,T9TKWJRM1N2XDNR
,8a2eaa79-f6e8-4428-a3a4-3177d3aa7191,,,0e2beda7-e867-5f1f-a4f7-fc2a477559a4,5/10/26,3:10 PM,Delivery - Partner Using Uber App,,iOS,Gula Cheeseburger,Gula_Cheeseburger,,Count,Count,0,0,0,1,1,1,1,11.9,,10.81,0,1.09,0,11.9,0,0,0,0,0,,,,,,,,,,,,,,,,,,,,,,,,,,,,,,,,,,,,,,,,,,,,,,
,8a2eaa79-f6e8-4428-a3a4-3177d3aa7191,,,0e2beda7-e867-5f1f-a4f7-fc2a477559a4,5/10/26,3:10 PM,Delivery - Partner Using Uber App,,iOS,Fritas Trufadas,Fritas_Trufadas,,Count,Count,0,0,0,1,1,1,1,6.5,,5.91,0,0.59,0,6.5,0,0,0,0,0,,,,,,,,,,,,,,,,,,,,,,,,,,,,,,,,,,,,,,,,,,,,,,
,8a2eaa79-f6e8-4428-a3a4-3177d3aa7191,,,0e2beda7-e867-5f1f-a4f7-fc2a477559a4,5/10/26,3:10 PM,Delivery - Partner Using Uber App,,iOS,The Sinner,The_Sinner,,Count,Count,0,0,0,1,1,1,1,13.9,,12.64,0,1.26,0,13.9,0,0,0,0,0,,,,,,,,,,,,,,,,,,,,,,,,,,,,,,,,,,,,,,,,,,,,,,
#90BD2,36557bfb-a166-4a95-96a9-40c35a990bd2,GULA - Móstoles,,0e2beda7-e867-5f1f-a4f7-fc2a477559a4,5/10/26,2:57 PM,Delivery - Partner Using Uber App,Unknown,iOS,,,,,,,,,,,,,,Uber One member,43.45,0,4.35,0,47.8,0,0,0,0,0,-5.27,0,-0.53,0,-5.8,0,0,0,0,,0,0,0,0,0,0,0,0,0,0,0,0,0,0,42,https://restaurant.uber.com/manager/payments/invoices/order/55413a6c-d290-50a7-9108-e764a1a55c20?invoiceType=restaurant_to_customer,0,0,0,,-8.19,0,-8.19,-1.72,-9.91,,0,0,0,,0,32.09,5/11/26,Completed,,T9TKWJRM1N2XDNR
,36557bfb-a166-4a95-96a9-40c35a990bd2,,,0e2beda7-e867-5f1f-a4f7-fc2a477559a4,5/10/26,2:57 PM,Delivery - Partner Using Uber App,,iOS,Pleasure for 2,Pleasure_for_2,,Count,Count,0,0,0,1,1,1,1,31.9,,31.55,0,3.15,0,34.7,0,0,0,0,0,,,,,,,,,,,,,,,,,,,,,,,,,,,,,,,,,,,,,,,,,,,,,,
,36557bfb-a166-4a95-96a9-40c35a990bd2,,,0e2beda7-e867-5f1f-a4f7-fc2a477559a4,5/10/26,2:57 PM,Delivery - Partner Using Uber App,,iOS,Cheesecake de Fresa,Cheesecake_de_Fresa,,Count,Count,0,0,0,2,2,2,2,5.8,,10.54,0,1.06,0,11.6,0,0,0,0,0,,,,,,,,,,,,,,,,,,,,,,,,,,,,,,,,,,,,,,,,,,,,,,
,36557bfb-a166-4a95-96a9-40c35a990bd2,,,0e2beda7-e867-5f1f-a4f7-fc2a477559a4,5/10/26,2:57 PM,Delivery - Partner Using Uber App,,iOS,Salsa Chile Chipotle,Salsa_Chile_Chipotle,,Count,Count,0,0,0,1,1,1,1,1.5,,1.36,0,0.14,0,1.5,0,0,0,0,0,,,,,,,,,,,,,,,,,,,,,,,,,,,,,,,,,,,,,,,,,,,,,,
#2995E,c08e864d-74f4-4003-b24c-0c9ed2d2995e,GULA - Móstoles,,0e2beda7-e867-5f1f-a4f7-fc2a477559a4,5/10/26,3:10 PM,Delivery - Partner Using Uber App,Unknown,iOS,,,,,,,,,,,,,,Non-member,18.64,0,1.86,0,20.5,0,0,0,0,0,0,0,0,0,0,0,0,0,0,,0,0,0,0,0,0,0,0,0,0,0,0,0,0,20.5,https://restaurant.uber.com/manager/payments/invoices/order/48cae490-33c3-5b23-bded-8d924cce491b?invoiceType=restaurant_to_customer,0,0,0,,-3.69,0,-3.69,-0.77,-4.46,,0,0,0,,0,16.04,5/11/26,Completed,,T9TKWJRM1N2XDNR
,c08e864d-74f4-4003-b24c-0c9ed2d2995e,,,0e2beda7-e867-5f1f-a4f7-fc2a477559a4,5/10/26,3:10 PM,Delivery - Partner Using Uber App,,iOS,The Sinner Combo,The_Sinner_Combo,,Count,Count,0,0,0,1,1,1,1,14.9,,17,0,1.7,0,18.7,0,0,0,0,0,,,,,,,,,,,,,,,,,,,,,,,,,,,,,,,,,,,,,,,,,,,,,,
,c08e864d-74f4-4003-b24c-0c9ed2d2995e,,,0e2beda7-e867-5f1f-a4f7-fc2a477559a4,5/10/26,3:10 PM,Delivery - Partner Using Uber App,,iOS,Salsa GULA,Salsa_GULA,,Count,Count,0,0,0,1,1,1,1,1.8,,1.64,0,0.16,0,1.8,0,0,0,0,0,,,,,,,,,,,,,,,,,,,,,,,,,,,,,,,,,,,,,,,,,,,,,,
#3CD57,3e066807-3f6a-4e1e-bc0a-d90e6f73cd57,GULA - Móstoles,,0e2beda7-e867-5f1f-a4f7-fc2a477559a4,5/10/26,8:26 PM,Delivery - Partner Using Uber App,Unknown,Android,,,,,,,,,,,,,,Uber One member,53.55,0,5.35,0,58.9,0,0,0,0,0,-4.33,0,-0.43,0,-4.76,0,0,0,0,,0,0,0,0,0,0,0,0,0,0,0,0,0,0,54.14,https://restaurant.uber.com/manager/payments/invoices/order/786a71a3-4053-5dd8-bd97-f394ca8774e5?invoiceType=restaurant_to_customer,0,0,0,,-10.56,0,-10.56,-2.22,-12.78,,0,0,0,,0,41.36,5/11/26,Completed,,T9TKWJRM1N2XDNR
,3e066807-3f6a-4e1e-bc0a-d90e6f73cd57,,,0e2beda7-e867-5f1f-a4f7-fc2a477559a4,5/10/26,8:26 PM,Delivery - Partner Using Uber App,,Android,Gula Cheeseburger,Gula_Cheeseburger,,Count,Count,0,0,0,1,1,1,1,11.9,,20.28,0,2.02,0,22.3,0,0,0,0,0,,,,,,,,,,,,,,,,,,,,,,,,,,,,,,,,,,,,,,,,,,,,,,
,3e066807-3f6a-4e1e-bc0a-d90e6f73cd57,,,0e2beda7-e867-5f1f-a4f7-fc2a477559a4,5/10/26,8:26 PM,Delivery - Partner Using Uber App,,Android,Nuestras Fritas,Nuestras_Fritas,,Count,Count,0,0,0,1,1,1,1,3.4,,3.09,0,0.31,0,3.4,0,0,0,0,0,,,,,,,,,,,,,,,,,,,,,,,,,,,,,,,,,,,,,,,,,,,,,,
,3e066807-3f6a-4e1e-bc0a-d90e6f73cd57,,,0e2beda7-e867-5f1f-a4f7-fc2a477559a4,5/10/26,8:26 PM,Delivery - Partner Using Uber App,,Android,Alitas BBK,Alitas_BBK,,Count,Count,0,0,0,1,1,1,1,8.5,,8.18,0,0.82,0,9,0,0,0,0,0,,,,,,,,,,,,,,,,,,,,,,,,,,,,,,,,,,,,,,,,,,,,,,
,3e066807-3f6a-4e1e-bc0a-d90e6f73cd57,,,0e2beda7-e867-5f1f-a4f7-fc2a477559a4,5/10/26,8:26 PM,Delivery - Partner Using Uber App,,Android,Fritas Bacon Queso,Fritas_Bacon_Queso,,Count,Count,0,0,0,1,1,1,1,6.5,,5.91,0,0.59,0,6.5,0,0,0,0,0,,,,,,,,,,,,,,,,,,,,,,,,,,,,,,,,,,,,,,,,,,,,,,
,3e066807-3f6a-4e1e-bc0a-d90e6f73cd57,,,0e2beda7-e867-5f1f-a4f7-fc2a477559a4,5/10/26,8:26 PM,Delivery - Partner Using Uber App,,Android,Gula Cheeseburger,Gula_Cheeseburger,,Count,Count,0,0,0,1,1,1,1,11.9,,16.09,0,1.61,0,17.7,0,0,0,0,0,,,,,,,,,,,,,,,,,,,,,,,,,,,,,,,,,,,,,,,,,,,,,,
#00BC2,90b60980-71ac-4986-abff-9c0d08700bc2,GULA - Móstoles,,0e2beda7-e867-5f1f-a4f7-fc2a477559a4,5/10/26,8:27 PM,Delivery - Partner Using Uber App,Unknown,Android,,,,,,,,,,,,,,Uber One member,27.82,0,2.78,0,30.6,0,0,0,0,0,-4.33,0,-0.43,0,-4.76,0,0,0,0,,0,0,0,0,0,0,0,0,0,0,0,0,0,0,25.84,https://restaurant.uber.com/manager/payments/invoices/order/1e30e0fd-54f0-5c3a-aa54-f8ffcad55e10?invoiceType=restaurant_to_customer,0,0,0,,-5.04,0,-5.04,-1.06,-6.1,,0,0,0,,0,19.74,5/11/26,Completed,,T9TKWJRM1N2XDNR
,90b60980-71ac-4986-abff-9c0d08700bc2,,,0e2beda7-e867-5f1f-a4f7-fc2a477559a4,5/10/26,8:27 PM,Delivery - Partner Using Uber App,,Android,Gula Cheeseburger,Gula_Cheeseburger,,Count,Count,0,0,0,2,2,2,2,11.9,,21.64,0,2.16,0,23.8,0,0,0,0,0,,,,,,,,,,,,,,,,,,,,,,,,,,,,,,,,,,,,,,,,,,,,,,
,90b60980-71ac-4986-abff-9c0d08700bc2,,,0e2beda7-e867-5f1f-a4f7-fc2a477559a4,5/10/26,8:27 PM,Delivery - Partner Using Uber App,,Android,Nuestras Fritas,Nuestras_Fritas,,Count,Count,0,0,0,2,2,2,2,3.4,,6.18,0,0.62,0,6.8,0,0,0,0,0,,,,,,,,,,,,,,,,,,,,,,,,,,,,,,,,,,,,,,,,,,,,,,
#6093B,0392c4d1-711d-47f2-80d0-f9ef6326093b,GULA - Móstoles,,0e2beda7-e867-5f1f-a4f7-fc2a477559a4,5/10/26,8:48 PM,Delivery - Partner Using Uber App,Unknown,Unknown,,,,,,,,,,,,,,Non-member,40.45,0,4.05,0,44.5,0,0,0,0,0,-1.58,0,-0.16,0,-1.74,0,0,0,0,,0,0,0,0,0,0,0,0,0,0,0,0,0,0,42.76,https://restaurant.uber.com/manager/payments/invoices/order/5ccc3cd2-5f90-5415-95d0-2864b2633e2b?invoiceType=restaurant_to_customer,0,0,0,,-7.7,0,-7.7,-1.62,-9.32,,0,0,0,,0,33.44,5/11/26,Completed,,T9TKWJRM1N2XDNR
,0392c4d1-711d-47f2-80d0-f9ef6326093b,,,0e2beda7-e867-5f1f-a4f7-fc2a477559a4,5/10/26,8:48 PM,Delivery - Partner Using Uber App,,Unknown,Pleasure for 2,Pleasure_for_2,,Count,Count,0,0,0,1,1,1,1,31.9,,35.18,0,3.52,0,38.7,0,0,0,0,0,,,,,,,,,,,,,,,,,,,,,,,,,,,,,,,,,,,,,,,,,,,,,,
,0392c4d1-711d-47f2-80d0-f9ef6326093b,,,0e2beda7-e867-5f1f-a4f7-fc2a477559a4,5/10/26,8:48 PM,Delivery - Partner Using Uber App,,Unknown,Cheesecake de Fresa,Cheesecake_de_Fresa,,Count,Count,0,0,0,1,1,1,1,5.8,,5.27,0,0.53,0,5.8,0,0,0,0,0,,,,,,,,,,,,,,,,,,,,,,,,,,,,,,,,,,,,,,,,,,,,,,
#F3D85,22ae97ba-083d-4805-968b-c0db968f3d85,GULA - Móstoles,,0e2beda7-e867-5f1f-a4f7-fc2a477559a4,5/10/26,8:52 PM,Delivery - Partner Using Uber App,Unknown,iOS,,,,,,,,,,,,,,Uber One member,29.91,0,2.99,0,32.9,0,0,0,0,0,0,0,0,0,0,0,0,0,0,,0,0,0,0,0,0,0,0,0,0,0,0,0,0,32.9,https://restaurant.uber.com/manager/payments/invoices/order/18965360-29f6-5542-a72d-9248b2bdfff1?invoiceType=restaurant_to_customer,0,0,0,,-6.42,0,-6.42,-1.35,-7.77,,0,0,0,,0,25.13,5/11/26,Completed,,T9TKWJRM1N2XDNR
,22ae97ba-083d-4805-968b-c0db968f3d85,,,0e2beda7-e867-5f1f-a4f7-fc2a477559a4,5/10/26,8:52 PM,Delivery - Partner Using Uber App,,iOS,Pleasure for 2,Pleasure_for_2,,Count,Count,0,0,0,1,1,1,1,31.9,,29.91,0,2.99,0,32.9,0,0,0,0,0,,,,,,,,,,,,,,,,,,,,,,,,,,,,,,,,,,,,,,,,,,,,,,
#A6E50,ef875845-c165-4ae9-a8a1-3f311bda6e50,GULA - Móstoles,,0e2beda7-e867-5f1f-a4f7-fc2a477559a4,5/10/26,8:40 PM,Delivery - Partner Using Uber App,Unknown,Android,,,,,,,,,,,,,,Non-member,34.27,0,3.43,0,37.7,0,0,0,0,0,-4.32,0,-0.44,0,-4.76,0,0,0,0,,0,0,0,0,0,0,0,0,0,0,0,-4.29,0,-4.29,28.65,https://restaurant.uber.com/manager/payments/invoices/order/1f9d7481-1fcb-50ea-91d8-70eb4c36ee20?invoiceType=restaurant_to_customer,0,0,0,,-5.93,0,-5.93,-1.25,-7.18,,0,0,0,,0,21.47,5/11/26,Completed,,T9TKWJRM1N2XDNR
,ef875845-c165-4ae9-a8a1-3f311bda6e50,,,0e2beda7-e867-5f1f-a4f7-fc2a477559a4,5/10/26,8:40 PM,Delivery - Partner Using Uber App,,Android,Gula Cheeseburger,Gula_Cheeseburger,,Count,Count,0,0,0,2,2,2,2,11.9,,21.63,0,2.17,0,23.8,0,0,0,0,0,,,,,,,,,,,,,,,,,,,,,,,,,,,,,,,,,,,,,,,,,,,,,,
,ef875845-c165-4ae9-a8a1-3f311bda6e50,,,0e2beda7-e867-5f1f-a4f7-fc2a477559a4,5/10/26,8:40 PM,Delivery - Partner Using Uber App,,Android,The Trufa Corp Chicken,The_Trufa_Corp_Chick,,Count,Count,0,0,0,1,1,1,1,13.9,,12.64,0,1.26,0,13.9,0,0,0,0,0,,,,,,,,,,,,,,,,,,,,,,,,,,,,,,,,,,,,,,,,,,,,,,
#3673B,c87c90fa-f2aa-4eb0-b579-a75a5c73673b,GULA - Móstoles,,0e2beda7-e867-5f1f-a4f7-fc2a477559a4,5/10/26,9:04 PM,Delivery - Partner Using Uber App,Unknown,iOS,,,,,,,,,,,,,,Uber One member,18.36,0,1.84,0,20.2,0,0,0,0,0,-2.16,0,-0.22,0,-2.38,0,0,0,0,,0,0,0,0,0,0,0,0,0,0,0,0,0,0,17.82,https://restaurant.uber.com/manager/payments/invoices/order/c0ea2d2c-392f-5bbd-b490-02195409e2d4?invoiceType=restaurant_to_customer,0,0,0,,-3.47,0,-3.47,-0.73,-4.2,,0,0,0,,0,13.62,5/11/26,Completed,,T9TKWJRM1N2XDNR
,c87c90fa-f2aa-4eb0-b579-a75a5c73673b,,,0e2beda7-e867-5f1f-a4f7-fc2a477559a4,5/10/26,9:04 PM,Delivery - Partner Using Uber App,,iOS,Gula Cheeseburger,Gula_Cheeseburger,,Count,Count,0,0,0,1,1,1,1,11.9,,16.72,0,1.68,0,18.4,0,0,0,0,0,,,,,,,,,,,,,,,,,,,,,,,,,,,,,,,,,,,,,,,,,,,,,,
,c87c90fa-f2aa-4eb0-b579-a75a5c73673b,,,0e2beda7-e867-5f1f-a4f7-fc2a477559a4,5/10/26,9:04 PM,Delivery - Partner Using Uber App,,iOS,Salsa GULA,Salsa_GULA,,Count,Count,0,0,0,1,1,1,1,1.8,,1.64,0,0.16,0,1.8,0,0,0,0,0,,,,,,,,,,,,,,,,,,,,,,,,,,,,,,,,,,,,,,,,,,,,,,
#92590,7fb3511a-11a5-4d5a-8217-73eb3b692590,GULA - Móstoles,,0e2beda7-e867-5f1f-a4f7-fc2a477559a4,5/10/26,10:11 PM,Delivery - Partner Using Uber App,Unknown,iOS,,,,,,,,,,,,,,Uber One member,14.45,0,1.45,0,15.9,0,0,0,0,0,0,0,0,0,0,0,0,0,0,,0,0,0,0,0,0,0,0,0,0,0,0,0,0,15.9,https://restaurant.uber.com/manager/payments/invoices/order/2dc2f88f-8d53-5b3c-9946-65cf207c0e48?invoiceType=restaurant_to_customer,0,0,0,,-3.1,0,-3.1,-0.65,-3.75,,0,0,0,,0,12.15,5/11/26,Completed,,T9TKWJRM1N2XDNR
,7fb3511a-11a5-4d5a-8217-73eb3b692590,,,0e2beda7-e867-5f1f-a4f7-fc2a477559a4,5/10/26,10:11 PM,Delivery - Partner Using Uber App,,iOS,The Sinner Combo,The_Sinner_Combo,,Count,Count,0,0,0,1,1,1,1,14.9,,14.45,0,1.45,0,15.9,0,0,0,0,0,,,,,,,,,,,,,,,,,,,,,,,,,,,,,,,,,,,,,,,,,,,,,,
#CFBF7,de048f87-2d5d-4b64-96f0-8e0013ccfbf7,GULA - Móstoles,,0e2beda7-e867-5f1f-a4f7-fc2a477559a4,5/10/26,10:18 PM,Delivery - Partner Using Uber App,Unknown,iOS,,,,,,,,,,,,,,Non-member,20.18,0,2.02,0,22.2,0,0,0,0,0,-2.16,0,-0.22,0,-2.38,0,0,0,0,,0,0,0,0,0,0,0,0,0,0,0,-0.29,0,-0.29,19.53,https://restaurant.uber.com/manager/payments/invoices/order/c5d32704-efda-59ef-a5b6-c32b3f0a970d?invoiceType=restaurant_to_customer,0,0,0,,-3.57,0,-3.57,-0.75,-4.32,,0,0,0,,0,15.21,5/11/26,Completed,,T9TKWJRM1N2XDNR
,de048f87-2d5d-4b64-96f0-8e0013ccfbf7,,,0e2beda7-e867-5f1f-a4f7-fc2a477559a4,5/10/26,10:18 PM,Delivery - Partner Using Uber App,,iOS,Gula Cheeseburger,Gula_Cheeseburger,,Count,Count,0,0,0,1,1,1,1,11.9,,10.81,0,1.09,0,11.9,0,0,0,0,0,,,,,,,,,,,,,,,,,,,,,,,,,,,,,,,,,,,,,,,,,,,,,,
,de048f87-2d5d-4b64-96f0-8e0013ccfbf7,,,0e2beda7-e867-5f1f-a4f7-fc2a477559a4,5/10/26,10:18 PM,Delivery - Partner Using Uber App,,iOS,Coca-Cola Zero Azúcar lata 330ml.,Coca-Cola_Zero_Azúca,,Count,Count,0,0,0,1,1,1,1,2.8,,2.55,0,0.25,0,2.8,0,0,0,0,0,,,,,,,,,,,,,,,,,,,,,,,,,,,,,,,,,,,,,,,,,,,,,,
,de048f87-2d5d-4b64-96f0-8e0013ccfbf7,,,0e2beda7-e867-5f1f-a4f7-fc2a477559a4,5/10/26,10:18 PM,Delivery - Partner Using Uber App,,iOS,Fritas Buffalo Ranch,Fritas_Buffalo_Ranch,,Count,Count,0,0,0,1,1,1,1,7.5,,6.82,0,0.68,0,7.5,0,0,0,0,0,,,,,,,,,,,,,,,,,,,,,,,,,,,,,,,,,,,,,,,,,,,,,,
#656C0,f593243a-e3c5-481b-9a03-be7101c656c0,GULA - Móstoles,,0e2beda7-e867-5f1f-a4f7-fc2a477559a4,5/10/26,10:17 PM,Delivery - Partner Using Uber App,Unknown,Android,,,,,,,,,,,,,,Non-member,42.91,0,4.29,0,47.2,0,0,0,0,0,-2.16,0,-0.22,0,-2.38,0,0,0,0,,0,0,0,0,0,0,0,0,0,0,0,0,0,0,44.82,https://restaurant.uber.com/manager/payments/invoices/order/8db4e1f4-4d47-5be8-bca2-6fb3db3fc357?invoiceType=restaurant_to_customer,0,0,0,,-8.07,0,-8.07,-1.69,-9.76,,0,0,0,,0,35.06,5/11/26,Completed,,T9TKWJRM1N2XDNR
,f593243a-e3c5-481b-9a03-be7101c656c0,,,0e2beda7-e867-5f1f-a4f7-fc2a477559a4,5/10/26,10:17 PM,Delivery - Partner Using Uber App,,Android,BBK,BBK,,Count,Count,0,0,0,1,1,1,1,13.9,,12.64,0,1.26,0,13.9,0,0,0,0,0,,,,,,,,,,,,,,,,,,,,,,,,,,,,,,,,,,,,,,,,,,,,,,
,f593243a-e3c5-481b-9a03-be7101c656c0,,,0e2beda7-e867-5f1f-a4f7-fc2a477559a4,5/10/26,10:17 PM,Delivery - Partner Using Uber App,,Android,Gula Cheeseburger,Gula_Cheeseburger,,Count,Count,0,0,0,1,1,1,1,11.9,,10.81,0,1.09,0,11.9,0,0,0,0,0,,,,,,,,,,,,,,,,,,,,,,,,,,,,,,,,,,,,,,,,,,,,,,
,f593243a-e3c5-481b-9a03-be7101c656c0,,,0e2beda7-e867-5f1f-a4f7-fc2a477559a4,5/10/26,10:17 PM,Delivery - Partner Using Uber App,,Android,Cheese Bacon,Cheese_Bacon_V,,Count,Count,0,0,0,1,1,1,1,13.9,,12.64,0,1.26,0,13.9,0,0,0,0,0,,,,,,,,,,,,,,,,,,,,,,,,,,,,,,,,,,,,,,,,,,,,,,
,f593243a-e3c5-481b-9a03-be7101c656c0,,,0e2beda7-e867-5f1f-a4f7-fc2a477559a4,5/10/26,10:17 PM,Delivery - Partner Using Uber App,,Android,Fritas Buffalo Ranch,Fritas_Buffalo_Ranch,,Count,Count,0,0,0,1,1,1,1,7.5,,6.82,0,0.68,0,7.5,0,0,0,0,0,,,,,,,,,,,,,,,,,,,,,,,,,,,,,,,,,,,,,,,,,,,,,,
,,GULA - Móstoles,,0e2beda7-e867-5f1f-a4f7-fc2a477559a4,5/11/26,,,,Unknown,,,,,,,,,,,,,,,0,0,0,0,0,0,0,0,0,0,0,0,0,0,0,0,0,0,0,,0,0,0,0,0,0,0,0,0,0,0,0,0,0,0,,0,0,0,,0,0,0,0,0,,0,0,0,Ad Spend,-12.91,-12.91,,,,
#D2527,2146663c-1d46-4ea1-a6c6-f61efc1d2527,GULA - Sevilla,,46eadb60-99e8-5077-bd3e-0df76c71ccac,4/30/26,11:04 PM,Delivery - Partner Using Uber App,Unknown,iOS,,,,,,,,,,,,,,Uber One member,29.91,0,2.99,0,32.9,0,0,0,0,0,-8.7,0,-0.87,0,-9.57,0,0,0,0,,0,0,0,0,0,0,0,0,0,0,0,0,0,0,23.33,https://restaurant.uber.com/manager/payments/invoices/order/08bcc44a-33c9-5649-9df3-f54b89c09757?invoiceType=restaurant_to_customer,0,0,0,,-4.55,0,-4.55,-0.96,-5.51,https://restaurant.uber.com/manager/payments/download-invoice?invoiceUUID=6378b45b-ce5c-530d-8d94-1ca1a5a14041,0,0,0,,0,17.82,5/4/26,Completed,,NRT5OPVZURLWUX9
,2146663c-1d46-4ea1-a6c6-f61efc1d2527,,,46eadb60-99e8-5077-bd3e-0df76c71ccac,4/30/26,11:04 PM,Delivery - Partner Using Uber App,,iOS,Pleasure for 2,Pleasure_for_2,,Count,Count,0,0,0,1,1,1,1,31.9,,29.91,0,2.99,0,32.9,0,0,0,0,0,,,,,,,,,,,,,,,,,,,,,,,,,,,,,,,,,,,,,,,,,,,,,,
,,GULA - Sevilla,,46eadb60-99e8-5077-bd3e-0df76c71ccac,5/1/26,,,,Unknown,,,,,,,,,,,,,,,0,0,0,0,0,0,0,0,0,0,0,0,0,0,0,0,0,0,0,,0,0,0,0,0,0,0,0,0,0,0,0,0,0,0,,0,0,0,,0,0,0,0,0,,0,0,0,Ad Spend,-19.55,-19.55,5/4/26,,,NRT5OPVZURLWUX9
#002B6,65d7e2cc-94b1-4395-9d49-15382aa002b6,GULA - Sevilla,,46eadb60-99e8-5077-bd3e-0df76c71ccac,5/1/26,10:10 PM,Delivery - Partner Using Uber App,Unknown,iOS,,,,,,,,,,,,,,Uber One member,20.36,0,2.04,0,22.4,0,0,0,0,0,-6.11,0,-0.61,0,-6.72,0,0,0,0,,0,0,0,0,0,0,0,0,0,0,0,0,0,0,15.68,https://restaurant.uber.com/manager/payments/invoices/order/8fa80be0-2f9e-5a81-92bc-7d2aad22e96b?invoiceType=restaurant_to_customer,0,0,0,,-3.06,0,-3.06,-0.64,-3.7,https://restaurant.uber.com/manager/payments/download-invoice?invoiceUUID=6378b45b-ce5c-530d-8d94-1ca1a5a14041,0,0,0,,0,11.98,5/4/26,Completed,,NRT5OPVZURLWUX9
,65d7e2cc-94b1-4395-9d49-15382aa002b6,,,46eadb60-99e8-5077-bd3e-0df76c71ccac,5/1/26,10:10 PM,Delivery - Partner Using Uber App,,iOS,The Trufa Corp,The_Trufa_Corp,,Count,Count,0,0,0,1,1,1,1,14.9,,13.54,0,1.36,0,14.9,0,0,0,0,0,,,,,,,,,,,,,,,,,,,,,,,,,,,,,,,,,,,,,,,,,,,,,,
,65d7e2cc-94b1-4395-9d49-15382aa002b6,,,46eadb60-99e8-5077-bd3e-0df76c71ccac,5/1/26,10:10 PM,Delivery - Partner Using Uber App,,iOS,Fritas Buffalo Ranch,Fritas_Buffalo_Ranch,,Count,Count,0,0,0,1,1,1,1,7.5,,6.82,0,0.68,0,7.5,0,0,0,0,0,,,,,,,,,,,,,,,,,,,,,,,,,,,,,,,,,,,,,,,,,,,,,,
#45313,8204504e-ab0a-4365-aaa9-3fbf9b045313,GULA - Sevilla,,46eadb60-99e8-5077-bd3e-0df76c71ccac,5/1/26,10:10 PM,Delivery - Partner Using Uber App,Unknown,Unknown,,,,,,,,,,,,,,Non-member,33.55,0,3.35,0,36.9,0,0,0,0,0,-8.7,0,-0.87,0,-9.57,0,0,0,0,,0,0,0,0,0,0,0,0,0,0,0,0,0,0,27.33,https://restaurant.uber.com/manager/payments/invoices/order/76ec0cfb-b8dd-5062-a64f-3cfce2a01e78?invoiceType=restaurant_to_customer,0,0,0,,-4.92,0,-4.92,-1.03,-5.95,https://restaurant.uber.com/manager/payments/download-invoice?invoiceUUID=6378b45b-ce5c-530d-8d94-1ca1a5a14041,0,0,0,,0,21.38,5/4/26,Completed,,NRT5OPVZURLWUX9
,8204504e-ab0a-4365-aaa9-3fbf9b045313,,,46eadb60-99e8-5077-bd3e-0df76c71ccac,5/1/26,10:10 PM,Delivery - Partner Using Uber App,,Unknown,Pleasure for 2,Pleasure_for_2,,Count,Count,0,0,0,1,1,1,1,31.9,,33.55,0,3.35,0,36.9,0,0,0,0,0,,,,,,,,,,,,,,,,,,,,,,,,,,,,,,,,,,,,,,,,,,,,,,
,,GULA - Sevilla,,46eadb60-99e8-5077-bd3e-0df76c71ccac,5/2/26,,,,Unknown,,,,,,,,,,,,,,,0,0,0,0,0,0,0,0,0,0,0,0,0,0,0,0,0,0,0,,0,0,0,0,0,0,0,0,0,0,0,0,0,0,0,,0,0,0,,0,0,0,0,0,,0,0,0,Ad Spend,-19.87,-19.87,5/4/26,,,NRT5OPVZURLWUX9
#EE644,e2a24d6d-4442-48cd-ab49-166a16eee644,GULA - Sevilla,,46eadb60-99e8-5077-bd3e-0df76c71ccac,5/2/26,1:41 PM,Delivery - Partner Using Uber App,Unknown,iOS,,,,,,,,,,,,,,Uber One member,20.36,0,2.04,0,22.4,0,0,0,0,0,-6.11,0,-0.61,0,-6.72,0,0,0,0,,0,0,0,0,0,0,0,0,0,0,0,0,0,0,15.68,https://restaurant.uber.com/manager/payments/invoices/order/bc7033eb-3973-5841-aeeb-fc52e2dd99af?invoiceType=restaurant_to_customer,0,0,0,,-3.06,0,-3.06,-0.64,-3.7,https://restaurant.uber.com/manager/payments/download-invoice?invoiceUUID=6378b45b-ce5c-530d-8d94-1ca1a5a14041,0,0,0,,0,11.98,5/4/26,Completed,,NRT5OPVZURLWUX9
,e2a24d6d-4442-48cd-ab49-166a16eee644,,,46eadb60-99e8-5077-bd3e-0df76c71ccac,5/2/26,1:41 PM,Delivery - Partner Using Uber App,,iOS,Fritas Buffalo Ranch,Fritas_Buffalo_Ranch,,Count,Count,0,0,0,1,1,1,1,7.5,,6.82,0,0.68,0,7.5,0,0,0,0,0,,,,,,,,,,,,,,,,,,,,,,,,,,,,,,,,,,,,,,,,,,,,,,
,e2a24d6d-4442-48cd-ab49-166a16eee644,,,46eadb60-99e8-5077-bd3e-0df76c71ccac,5/2/26,1:41 PM,Delivery - Partner Using Uber App,,iOS,The Trufa Corp,The_Trufa_Corp,,Count,Count,0,0,0,1,1,1,1,14.9,,13.54,0,1.36,0,14.9,0,0,0,0,0,,,,,,,,,,,,,,,,,,,,,,,,,,,,,,,,,,,,,,,,,,,,,,
,,GULA - Sevilla,,46eadb60-99e8-5077-bd3e-0df76c71ccac,5/3/26,,,,Unknown,,,,,,,,,,,,,,,0,0,0,0,0,0,0,0,0,0,0,0,0,0,0,0,0,0,0,,0,0,0,0,0,0,0,0,0,0,0,0,0,0,0,,0,0,0,,0,0,0,0,0,,0,0,0,Ad Spend,-16.2,-16.2,5/4/26,,,NRT5OPVZURLWUX9
#0CEE1,b76249d0-5a4a-46e7-a956-94260940cee1,GULA - Sevilla,,46eadb60-99e8-5077-bd3e-0df76c71ccac,5/3/26,2:01 PM,Pickup,Unknown,Android,,,,,,,,,,,,,,Non-member,62.73,0,6.27,0,69,0,0,0,0,0,-18.82,0,-1.88,0,-20.7,0,0,0,0,,0,0,0,0,0,0,0,0,0,0,0,0,0,0,48.3,https://restaurant.uber.com/manager/payments/invoices/order/95f15ec4-f2fe-5742-b98d-a68893914c3f?invoiceType=restaurant_to_customer,0,0,0,,-7.25,0,-7.25,-1.52,-8.77,https://restaurant.uber.com/manager/payments/download-invoice?invoiceUUID=6378b45b-ce5c-530d-8d94-1ca1a5a14041,0,0,0,,0,39.53,5/4/26,Completed,,NRT5OPVZURLWUX9
,b76249d0-5a4a-46e7-a956-94260940cee1,,,46eadb60-99e8-5077-bd3e-0df76c71ccac,5/3/26,2:01 PM,Pickup,,Android,Sin City Combo,Sin_City_Combo,,Count,Count,0,0,0,1,1,1,1,69,,62.73,0,6.27,0,69,0,0,0,0,0,,,,,,,,,,,,,,,,,,,,,,,,,,,,,,,,,,,,,,,,,,,,,,
#BC2FE,9b5b5a5b-c513-453a-858d-878a3b2bc2fe,GULA - Sevilla,,46eadb60-99e8-5077-bd3e-0df76c71ccac,5/3/26,2:25 PM,Delivery - Partner Using Uber App,Unknown,iOS,,,,,,,,,,,,,,Uber One member,13.55,0,1.35,0,14.9,0,0,0,0,0,0,0,0,0,0,0,0,0,0,,0,0,0,0,0,0,0,0,0,0,0,0,0,0,14.9,https://restaurant.uber.com/manager/payments/invoices/order/61a794de-cbf1-5fad-8bd9-b087e7c536cd?invoiceType=restaurant_to_customer,0,0,0,,-2.91,0,-2.91,-0.61,-3.52,https://restaurant.uber.com/manager/payments/download-invoice?invoiceUUID=6378b45b-ce5c-530d-8d94-1ca1a5a14041,0,0,0,,0,11.38,5/4/26,Completed,,NRT5OPVZURLWUX9
,9b5b5a5b-c513-453a-858d-878a3b2bc2fe,,,46eadb60-99e8-5077-bd3e-0df76c71ccac,5/3/26,2:25 PM,Delivery - Partner Using Uber App,,iOS,The Sinner Combo,The_Sinner_Combo,,Count,Count,0,0,0,1,1,1,1,14.9,,13.55,0,1.35,0,14.9,0,0,0,0,0,,,,,,,,,,,,,,,,,,,,,,,,,,,,,,,,,,,,,,,,,,,,,,
#2434B,744c7c78-f081-4f05-bb03-c5844682434b,GULA - Sevilla,,46eadb60-99e8-5077-bd3e-0df76c71ccac,5/3/26,9:27 PM,Delivery - Partner Using Uber App,Unknown,iOS,,,,,,,,,,,,,,Non-member,31,0,3.1,0,34.1,0,0,0,0,0,0,0,0,0,0,0,0,0,0,,0,0,0,0,0,0,0,0,0,0,0,0,0,0,34.1,https://restaurant.uber.com/manager/payments/invoices/order/7d2a50e9-585c-58f2-b876-b6eade72d83c?invoiceType=restaurant_to_customer,0,0,0,,-6.14,0,-6.14,-1.29,-7.43,https://restaurant.uber.com/manager/payments/download-invoice?invoiceUUID=6378b45b-ce5c-530d-8d94-1ca1a5a14041,0,0,0,,0,26.67,5/4/26,Completed,,NRT5OPVZURLWUX9
,744c7c78-f081-4f05-bb03-c5844682434b,,,46eadb60-99e8-5077-bd3e-0df76c71ccac,5/3/26,9:27 PM,Delivery - Partner Using Uber App,,iOS,CheeseBacon,Cheese_Bacon_V,,Count,Count,0,0,0,1,1,1,1,13.9,,12.64,0,1.26,0,13.9,0,0,0,0,0,,,,,,,,,,,,,,,,,,,,,,,,,,,,,,,,,,,,,,,,,,,,,,
,744c7c78-f081-4f05-bb03-c5844682434b,,,46eadb60-99e8-5077-bd3e-0df76c71ccac,5/3/26,9:27 PM,Delivery - Partner Using Uber App,,iOS,Gula Cheeseburger,Gula_Cheeseburger,,Count,Count,0,0,0,1,1,1,1,11.9,,12.45,0,1.25,0,13.7,0,0,0,0,0,,,,,,,,,,,,,,,,,,,,,,,,,,,,,,,,,,,,,,,,,,,,,,
,744c7c78-f081-4f05-bb03-c5844682434b,,,46eadb60-99e8-5077-bd3e-0df76c71ccac,5/3/26,9:27 PM,Delivery - Partner Using Uber App,,iOS,Fritas Bacon Queso,Fritas_Bacon_Queso,,Count,Count,0,0,0,1,1,1,1,6.5,,5.91,0,0.59,0,6.5,0,0,0,0,0,,,,,,,,,,,,,,,,,,,,,,,,,,,,,,,,,,,,,,,,,,,,,,
#84FA2,5f7d5b3e-b414-4d6e-a6c9-07daf5f84fa2,GULA - Sevilla,,46eadb60-99e8-5077-bd3e-0df76c71ccac,5/3/26,9:45 PM,Delivery - Partner Using Uber App,Unknown,Android,,,,,,,,,,,,,,Uber One member,40.64,0,4.06,0,44.7,0,0,0,0,0,-8.7,0,-0.87,0,-9.57,0,0,0,0,,0,0,0,0,0,0,0,0,0,0,0,0,0,0,35.13,https://restaurant.uber.com/manager/payments/invoices/order/0a200e6f-335b-57f2-bb2d-cdc43a26574a?invoiceType=restaurant_to_customer,0,0,0,,-6.85,0,-6.85,-1.44,-8.29,https://restaurant.uber.com/manager/payments/download-invoice?invoiceUUID=6378b45b-ce5c-530d-8d94-1ca1a5a14041,0,0,0,,0,26.84,5/4/26,Completed,,NRT5OPVZURLWUX9
,5f7d5b3e-b414-4d6e-a6c9-07daf5f84fa2,,,46eadb60-99e8-5077-bd3e-0df76c71ccac,5/3/26,9:45 PM,Delivery - Partner Using Uber App,,Android,Pleasure for 2,Pleasure_for_2,,Count,Count,0,0,0,1,1,1,1,31.9,,34.45,0,3.45,0,37.9,0,0,0,0,0,,,,,,,,,,,,,,,,,,,,,,,,,,,,,,,,,,,,,,,,,,,,,,
,5f7d5b3e-b414-4d6e-a6c9-07daf5f84fa2,,,46eadb60-99e8-5077-bd3e-0df76c71ccac,5/3/26,9:45 PM,Delivery - Partner Using Uber App,,Android,Nuestras Fritas,Nuestras_Fritas,,Count,Count,0,0,0,2,2,2,2,3.4,,6.19,0,0.61,0,6.8,0,0,0,0,0,,,,,,,,,,,,,,,,,,,,,,,,,,,,,,,,,,,,,,,,,,,,,,
,,GULA - Sevilla,,46eadb60-99e8-5077-bd3e-0df76c71ccac,5/4/26,,,,Unknown,,,,,,,,,,,,,,,0,0,0,0,0,0,0,0,0,0,0,0,0,0,0,0,0,0,0,,0,0,0,0,0,0,0,0,0,0,0,0,0,0,0,,0,0,0,,0,0,0,0,0,,0,0,0,Ad Spend,-17.47,-17.47,5/11/26,,,RMTBYKJ3HNPVV3B
,,GULA - Sevilla,,46eadb60-99e8-5077-bd3e-0df76c71ccac,5/5/26,,,,Unknown,,,,,,,,,,,,,,,0,0,0,0,0,0,0,0,0,0,0,0,0,0,0,0,0,0,0,,0,0,0,0,0,0,0,0,0,0,0,0,0,0,0,,0,0,0,,0,0,0,0,0,,0,0,0,Ad Spend,-28.47,-28.47,5/11/26,,,RMTBYKJ3HNPVV3B
#10A8E,95901e67-5c25-40f2-808a-24a6d2e10a8e,GULA - Sevilla,,46eadb60-99e8-5077-bd3e-0df76c71ccac,5/6/26,3:26 PM,Delivery - Partner Using Uber App,Unknown,iOS,,,,,,,,,,,,,,Uber One member,39.64,0,3.96,0,43.6,0,0,0,0,0,-8.7,0,-0.87,0,-9.57,0,0,0,0,,0,0,0,0,0,0,0,0,0,0,0,0,0,0,34.03,https://restaurant.uber.com/manager/payments/invoices/order/3ea47b46-f8c0-51e3-bdfb-273e34c277c8?invoiceType=restaurant_to_customer,0,0,0,,-6.64,0,-6.64,-1.39,-8.03,,0,0,0,,0,26,5/11/26,Completed,,RMTBYKJ3HNPVV3B
,95901e67-5c25-40f2-808a-24a6d2e10a8e,,,46eadb60-99e8-5077-bd3e-0df76c71ccac,5/6/26,3:26 PM,Delivery - Partner Using Uber App,,iOS,GOLDEN SLIDER,GOLDEN_SLIDER,,Count,Count,0,0,0,1,1,1,1,7.9,,7.91,0,0.79,0,8.7,0,0,0,0,0,,,,,,,,,,,,,,,,,,,,,,,,,,,,,,,,,,,,,,,,,,,,,,
,95901e67-5c25-40f2-808a-24a6d2e10a8e,,,46eadb60-99e8-5077-bd3e-0df76c71ccac,5/6/26,3:26 PM,Delivery - Partner Using Uber App,,iOS,Pleasure for 2,Pleasure_for_2,,Count,Count,0,0,0,1,1,1,1,31.9,,31.73,0,3.17,0,34.9,0,0,0,0,0,,,,,,,,,,,,,,,,,,,,,,,,,,,,,,,,,,,,,,,,,,,,,,
#5FCA6,9ba70fd6-16da-4387-8d3d-fcf0c105fca6,GULA - Sevilla,,46eadb60-99e8-5077-bd3e-0df76c71ccac,5/6/26,3:39 PM,Delivery - Partner Using Uber App,Unknown,Android,,,,,,,,,,,,,,Non-member,31.73,0,3.17,0,34.9,0,0,0,0,0,-8.7,0,-0.87,0,-9.57,0,0,0,0,,0,0,0,0,0,0,0,0,0,0,0,0,0,0,25.33,https://restaurant.uber.com/manager/payments/invoices/order/35a0c28a-f15f-5629-bda9-57ccde991b7d?invoiceType=restaurant_to_customer,0,0,0,,-4.56,0,-4.56,-0.96,-5.52,,0,0,0,,0,19.81,5/11/26,Completed,,RMTBYKJ3HNPVV3B
,9ba70fd6-16da-4387-8d3d-fcf0c105fca6,,,46eadb60-99e8-5077-bd3e-0df76c71ccac,5/6/26,3:39 PM,Delivery - Partner Using Uber App,,Android,Pleasure for 2,Pleasure_for_2,,Count,Count,0,0,0,1,1,1,1,31.9,,31.73,0,3.17,0,34.9,0,0,0,0,0,,,,,,,,,,,,,,,,,,,,,,,,,,,,,,,,,,,,,,,,,,,,,,
#D1CCD,47b0a3a1-7264-407a-a66d-bd07c55d1ccd,GULA - Sevilla,,46eadb60-99e8-5077-bd3e-0df76c71ccac,5/6/26,11:15 PM,Delivery - Partner Using Uber App,Unknown,Android,,,,,,,,,,,,,,Non-member,13.55,0,1.35,0,14.9,0,0,0,0,0,-4.07,0,-0.4,0,-4.47,0,0,0,0,,0,0,0,0,0,0,0,0,0,0,0,0,0,0,10.43,https://restaurant.uber.com/manager/payments/invoices/order/4596c75b-da0a-51a0-8cc8-a90f937e25d1?invoiceType=restaurant_to_customer,0,0,0,,-1.88,0,-1.88,-0.39,-2.27,,0,0,0,,0,8.16,5/11/26,Completed,,RMTBYKJ3HNPVV3B
,47b0a3a1-7264-407a-a66d-bd07c55d1ccd,,,46eadb60-99e8-5077-bd3e-0df76c71ccac,5/6/26,11:15 PM,Delivery - Partner Using Uber App,,Android,The Trufa Corp,The_Trufa_Corp,,Count,Count,0,0,0,1,1,1,1,14.9,,13.55,0,1.35,0,14.9,0,0,0,0,0,,,,,,,,,,,,,,,,,,,,,,,,,,,,,,,,,,,,,,,,,,,,,,
#B3A02,b7a6ff96-69eb-4cc0-b560-4ccb2edb3a02,GULA - Sevilla,,46eadb60-99e8-5077-bd3e-0df76c71ccac,5/7/26,8:37 PM,Delivery - Partner Using Uber App,Unknown,Android,,,,,,,,,,,,,,Uber One member,32.36,0,3.24,0,35.6,0,0,0,0,0,0,0,0,0,0,0,0,0,0,,0,0,0,0,0,0,0,0,0,0,0,0,0,0,35.6,https://restaurant.uber.com/manager/payments/invoices/order/b493c5cf-2f0d-5edc-97cd-d547be9365fe?invoiceType=restaurant_to_customer,0,0,0,,-6.94,0,-6.94,-1.46,-8.4,,0,0,0,,0,27.2,5/11/26,Completed,,RMTBYKJ3HNPVV3B
,b7a6ff96-69eb-4cc0-b560-4ccb2edb3a02,,,46eadb60-99e8-5077-bd3e-0df76c71ccac,5/7/26,8:37 PM,Delivery - Partner Using Uber App,,Android,Nuestras Fritas,Nuestras_Fritas,,Count,Count,0,0,0,2,2,2,2,3.4,,6.18,0,0.62,0,6.8,0,0,0,0,0,,,,,,,,,,,,,,,,,,,,,,,,,,,,,,,,,,,,,,,,,,,,,,
,b7a6ff96-69eb-4cc0-b560-4ccb2edb3a02,,,46eadb60-99e8-5077-bd3e-0df76c71ccac,5/7/26,8:37 PM,Delivery - Partner Using Uber App,,Android,The Trufa Corp Chicken,The_Trufa_Corp_Chick,,Count,Count,0,0,0,1,1,1,1,13.9,,12.64,0,1.26,0,13.9,0,0,0,0,0,,,,,,,,,,,,,,,,,,,,,,,,,,,,,,,,,,,,,,,,,,,,,,
,b7a6ff96-69eb-4cc0-b560-4ccb2edb3a02,,,46eadb60-99e8-5077-bd3e-0df76c71ccac,5/7/26,8:37 PM,Delivery - Partner Using Uber App,,Android,The Trufa Corp,The_Trufa_Corp,,Count,Count,0,0,0,1,1,1,1,14.9,,13.54,0,1.36,0,14.9,0,0,0,0,0,,,,,,,,,,,,,,,,,,,,,,,,,,,,,,,,,,,,,,,,,,,,,,
,,GULA - Sevilla,,46eadb60-99e8-5077-bd3e-0df76c71ccac,5/8/26,,,,Unknown,,,,,,,,,,,,,,,0,0,0,0,0,0,0,0,0,0,0,0,0,0,0,0,0,0,0,,0,0,0,0,0,0,0,0,0,0,0,0,0,0,0,,0,0,0,,0,0,0,0,0,,0,0,0,Ad Spend,-11.13,-11.13,5/11/26,,,RMTBYKJ3HNPVV3B
#10EE7,170bd3ab-06e8-45ea-9016-847178310ee7,GULA - Sevilla,,46eadb60-99e8-5077-bd3e-0df76c71ccac,5/8/26,10:06 PM,Pickup,Unknown,Android,,,,,,,,,,,,,,Non-member,32.09,0,3.21,0,35.3,0,0,0,0,0,-4.06,0,-0.41,0,-4.47,0,0,0,0,,0,0,0,0,0,0,0,0,0,0,0,0,0,0,30.83,https://restaurant.uber.com/manager/payments/invoices/order/91e2c667-ad17-5e8c-957f-d1edb3b650c5?invoiceType=restaurant_to_customer,0,0,0,,-4.62,0,-4.62,-0.97,-5.59,,0,0,0,,0,25.24,5/11/26,Completed,,RMTBYKJ3HNPVV3B
,170bd3ab-06e8-45ea-9016-847178310ee7,,,46eadb60-99e8-5077-bd3e-0df76c71ccac,5/8/26,10:06 PM,Pickup,,Android,The Trufa Corp,The_Trufa_Corp,,Count,Count,0,0,0,1,1,1,1,14.9,,13.54,0,1.36,0,14.9,0,0,0,0,0,,,,,,,,,,,,,,,,,,,,,,,,,,,,,,,,,,,,,,,,,,,,,,
,170bd3ab-06e8-45ea-9016-847178310ee7,,,46eadb60-99e8-5077-bd3e-0df76c71ccac,5/8/26,10:06 PM,Pickup,,Android,CheeseBacon,Cheese_Bacon_V,,Count,Count,0,0,0,1,1,1,1,13.9,,12.64,0,1.26,0,13.9,0,0,0,0,0,,,,,,,,,,,,,,,,,,,,,,,,,,,,,,,,,,,,,,,,,,,,,,
,170bd3ab-06e8-45ea-9016-847178310ee7,,,46eadb60-99e8-5077-bd3e-0df76c71ccac,5/8/26,10:06 PM,Pickup,,Android,Fritas Bacon Queso,Fritas_Bacon_Queso,,Count,Count,0,0,0,1,1,1,1,6.5,,5.91,0,0.59,0,6.5,0,0,0,0,0,,,,,,,,,,,,,,,,,,,,,,,,,,,,,,,,,,,,,,,,,,,,,,
#421C9,eddf9967-db40-4a91-ac00-a924806421c9,GULA - Sevilla,,46eadb60-99e8-5077-bd3e-0df76c71ccac,5/8/26,10:30 PM,Delivery - Partner Using Uber App,Unknown,Android,,,,,,,,,,,,,,Non-member,33,0,3.3,0,36.3,0,0,0,0,0,-6.11,0,-0.61,0,-6.72,0,0,0,0,,0,0,0,0,0,0,0,0,0,0,0,0,0,0,29.58,https://restaurant.uber.com/manager/payments/invoices/order/5ea85d7a-37c5-5e00-a24f-ce756d41b75b?invoiceType=restaurant_to_customer,0,0,0,,-5.32,0,-5.32,-1.12,-6.44,,0,0,0,,0,23.14,5/11/26,Completed,,RMTBYKJ3HNPVV3B
,eddf9967-db40-4a91-ac00-a924806421c9,,,46eadb60-99e8-5077-bd3e-0df76c71ccac,5/8/26,10:30 PM,Delivery - Partner Using Uber App,,Android,The Trufa Corp,The_Trufa_Corp,,Count,Count,0,0,0,1,1,1,1,14.9,,13.54,0,1.36,0,14.9,0,0,0,0,0,,,,,,,,,,,,,,,,,,,,,,,,,,,,,,,,,,,,,,,,,,,,,,
,eddf9967-db40-4a91-ac00-a924806421c9,,,46eadb60-99e8-5077-bd3e-0df76c71ccac,5/8/26,10:30 PM,Delivery - Partner Using Uber App,,Android,Buffalo Ranch,Buffalo_Ranch_36745,,Count,Count,0,0,0,1,1,1,1,13.9,,12.64,0,1.26,0,13.9,0,0,0,0,0,,,,,,,,,,,,,,,,,,,,,,,,,,,,,,,,,,,,,,,,,,,,,,
,eddf9967-db40-4a91-ac00-a924806421c9,,,46eadb60-99e8-5077-bd3e-0df76c71ccac,5/8/26,10:30 PM,Delivery - Partner Using Uber App,,Android,Fritas Buffalo Ranch,Fritas_Buffalo_Ranch,,Count,Count,0,0,0,1,1,1,1,7.5,,6.82,0,0.68,0,7.5,0,0,0,0,0,,,,,,,,,,,,,,,,,,,,,,,,,,,,,,,,,,,,,,,,,,,,,,
,,GULA - Sevilla,,46eadb60-99e8-5077-bd3e-0df76c71ccac,5/9/26,,,,Unknown,,,,,,,,,,,,,,,0,0,0,0,0,0,0,0,0,0,0,0,0,0,0,0,0,0,0,,0,0,0,0,0,0,0,0,0,0,0,0,0,0,0,,0,0,0,,0,0,0,0,0,,0,0,0,Ad Spend,-54.45,-54.45,5/11/26,,,RMTBYKJ3HNPVV3B
#1B822,c8a9b776-0d67-4b48-a16f-e4297db1b822,GULA - Sevilla,,46eadb60-99e8-5077-bd3e-0df76c71ccac,5/9/26,2:06 PM,Delivery - Partner Using Uber App,Unknown,iOS,,,,,,,,,,,,,,Uber One member,20.36,0,2.04,0,22.4,0,0,0,0,0,-6.11,0,-0.61,0,-6.72,0,0,0,0,,0,0,0,0,0,0,0,0,0,0,0,0,0,0,15.68,https://restaurant.uber.com/manager/payments/invoices/order/c2338e47-6653-574e-a629-841fa379b8de?invoiceType=restaurant_to_customer,0,0,0,,-3.06,0,-3.06,-0.64,-3.7,,0,0,0,,0,11.98,5/11/26,Completed,,RMTBYKJ3HNPVV3B
,c8a9b776-0d67-4b48-a16f-e4297db1b822,,,46eadb60-99e8-5077-bd3e-0df76c71ccac,5/9/26,2:06 PM,Delivery - Partner Using Uber App,,iOS,Fritas Buffalo Ranch,Fritas_Buffalo_Ranch,,Count,Count,0,0,0,1,1,1,1,7.5,,6.82,0,0.68,0,7.5,0,0,0,0,0,,,,,,,,,,,,,,,,,,,,,,,,,,,,,,,,,,,,,,,,,,,,,,
,c8a9b776-0d67-4b48-a16f-e4297db1b822,,,46eadb60-99e8-5077-bd3e-0df76c71ccac,5/9/26,2:06 PM,Delivery - Partner Using Uber App,,iOS,The Trufa Corp,The_Trufa_Corp,,Count,Count,0,0,0,1,1,1,1,14.9,,13.54,0,1.36,0,14.9,0,0,0,0,0,,,,,,,,,,,,,,,,,,,,,,,,,,,,,,,,,,,,,,,,,,,,,,
#A7710,c9899159-4adc-4e0c-8a5e-fb077a3a7710,GULA - Sevilla,,46eadb60-99e8-5077-bd3e-0df76c71ccac,5/9/26,2:53 PM,Delivery - Partner Using Uber App,Unknown,iOS,,,,,,,,,,,,,,Non-member,22,0,2.2,0,24.2,0,0,0,0,0,-2.05,0,-0.2,0,-2.25,0,0,0,0,,0,0,0,0,0,0,0,0,0,0,0,0,0,0,21.95,https://restaurant.uber.com/manager/payments/invoices/order/70f3a07f-78ae-5390-8a92-a5b82943770a?invoiceType=restaurant_to_customer,0,0,0,,-3.95,0,-3.95,-0.83,-4.78,,0,0,0,,0,17.17,5/11/26,Completed,,RMTBYKJ3HNPVV3B
,c9899159-4adc-4e0c-8a5e-fb077a3a7710,,,46eadb60-99e8-5077-bd3e-0df76c71ccac,5/9/26,2:53 PM,Delivery - Partner Using Uber App,,iOS,CheeseBacon,Cheese_Bacon_V,,Count,Count,0,0,0,1,1,1,1,13.9,,12.63,0,1.27,0,13.9,0,0,0,0,0,,,,,,,,,,,,,,,,,,,,,,,,,,,,,,,,,,,,,,,,,,,,,,
,c9899159-4adc-4e0c-8a5e-fb077a3a7710,,,46eadb60-99e8-5077-bd3e-0df76c71ccac,5/9/26,2:53 PM,Delivery - Partner Using Uber App,,iOS,Fritas Buffalo Ranch,Fritas_Buffalo_Ranch,,Count,Count,0,0,0,1,1,1,1,7.5,,6.82,0,0.68,0,7.5,0,0,0,0,0,,,,,,,,,,,,,,,,,,,,,,,,,,,,,,,,,,,,,,,,,,,,,,
,c9899159-4adc-4e0c-8a5e-fb077a3a7710,,,46eadb60-99e8-5077-bd3e-0df76c71ccac,5/9/26,2:53 PM,Delivery - Partner Using Uber App,,iOS,Coca-Cola Sabor Original lata 330ml.,Coca-Cola_Sabor_Orig,,Count,Count,0,0,0,1,1,1,1,2.8,,2.55,0,0.25,0,2.8,0,0,0,0,0,,,,,,,,,,,,,,,,,,,,,,,,,,,,,,,,,,,,,,,,,,,,,,
#933CE,6025b64f-7b50-4dfa-a7c4-bb2def0933ce,GULA - Sevilla,,46eadb60-99e8-5077-bd3e-0df76c71ccac,5/9/26,2:43 PM,Delivery - Partner Using Uber App,Unknown,iOS,,,,,,,,,,,,,,Non-member,20.36,0,2.04,0,22.4,0,0,0,0,0,-6.11,0,-0.61,0,-6.72,0,0,0,0,,0,0,0,0,0,0,0,0,0,0,0,0,0,0,15.68,https://restaurant.uber.com/manager/payments/invoices/order/c2b70633-f1a9-5002-aced-dea357f59f88?invoiceType=restaurant_to_customer,0,0,0,,-2.82,0,-2.82,-0.59,-3.41,,0,0,0,,0,12.27,5/11/26,Completed,,RMTBYKJ3HNPVV3B
,6025b64f-7b50-4dfa-a7c4-bb2def0933ce,,,46eadb60-99e8-5077-bd3e-0df76c71ccac,5/9/26,2:43 PM,Delivery - Partner Using Uber App,,iOS,Fritas Buffalo Ranch,Fritas_Buffalo_Ranch,,Count,Count,0,0,0,1,1,1,1,7.5,,6.82,0,0.68,0,7.5,0,0,0,0,0,,,,,,,,,,,,,,,,,,,,,,,,,,,,,,,,,,,,,,,,,,,,,,
,6025b64f-7b50-4dfa-a7c4-bb2def0933ce,,,46eadb60-99e8-5077-bd3e-0df76c71ccac,5/9/26,2:43 PM,Delivery - Partner Using Uber App,,iOS,The Trufa Corp,The_Trufa_Corp,,Count,Count,0,0,0,1,1,1,1,14.9,,13.54,0,1.36,0,14.9,0,0,0,0,0,,,,,,,,,,,,,,,,,,,,,,,,,,,,,,,,,,,,,,,,,,,,,,
#C2DA7,fc099f6f-3b75-420d-b9f2-a9e121dc2da7,GULA - Sevilla,,46eadb60-99e8-5077-bd3e-0df76c71ccac,5/9/26,3:12 PM,Delivery - Partner Using Uber App,Unknown,iOS,,,,,,,,,,,,,,Uber One member,27.09,0,2.71,0,29.8,0,0,0,0,0,-8.13,0,-0.81,0,-8.94,0,0,0,0,,0,0,0,0,0,0,0,0,0,0,0,0,0,0,20.86,https://restaurant.uber.com/manager/payments/invoices/order/701d29ff-f54c-50f9-ae5d-b1c229aea39c?invoiceType=restaurant_to_customer,0,0,0,,-4.07,0,-4.07,-0.85,-4.92,,0,0,0,,0,15.94,5/11/26,Completed,,RMTBYKJ3HNPVV3B
,fc099f6f-3b75-420d-b9f2-a9e121dc2da7,,,46eadb60-99e8-5077-bd3e-0df76c71ccac,5/9/26,3:12 PM,Delivery - Partner Using Uber App,,iOS,The Trufa Corp,The_Trufa_Corp,,Count,Count,0,0,0,2,2,2,2,14.9,,27.09,0,2.71,0,29.8,0,0,0,0,0,,,,,,,,,,,,,,,,,,,,,,,,,,,,,,,,,,,,,,,,,,,,,,
#55B5D,2a98ab23-5585-46d9-be85-cadb8d855b5d,GULA - Sevilla,,46eadb60-99e8-5077-bd3e-0df76c71ccac,5/9/26,9:20 PM,Delivery - Partner Using Uber App,Unknown,Uber Eats Web,,,,,,,,,,,,,,Uber One member,39.82,0,3.98,0,43.8,0,0,0,0,0,-10.17,0,-1.02,0,-11.19,0,0,0,0,,0,0,0,0,0,0,0,0,0,0,0,0,0,0,32.61,https://restaurant.uber.com/manager/payments/invoices/order/3b617522-ae0a-56b5-ad78-8659f85b6238?invoiceType=restaurant_to_customer,0,0,0,,-6.36,0,-6.36,-1.34,-7.7,,0,0,0,,0,24.91,5/11/26,Completed,,RMTBYKJ3HNPVV3B
,2a98ab23-5585-46d9-be85-cadb8d855b5d,,,46eadb60-99e8-5077-bd3e-0df76c71ccac,5/9/26,9:20 PM,Delivery - Partner Using Uber App,,Uber Eats Web,Fritas Trufadas,Fritas_Trufadas,,Count,Count,0,0,0,1,1,1,1,6.5,,5.91,0,0.59,0,6.5,0,0,0,0,0,,,,,,,,,,,,,,,,,,,,,,,,,,,,,,,,,,,,,,,,,,,,,,
,2a98ab23-5585-46d9-be85-cadb8d855b5d,,,46eadb60-99e8-5077-bd3e-0df76c71ccac,5/9/26,9:20 PM,Delivery - Partner Using Uber App,,Uber Eats Web,Fritas Buffalo Ranch,Fritas_Buffalo_Ranch,,Count,Count,0,0,0,1,1,1,1,7.5,,6.82,0,0.68,0,7.5,0,0,0,0,0,,,,,,,,,,,,,,,,,,,,,,,,,,,,,,,,,,,,,,,,,,,,,,
,2a98ab23-5585-46d9-be85-cadb8d855b5d,,,46eadb60-99e8-5077-bd3e-0df76c71ccac,5/9/26,9:20 PM,Delivery - Partner Using Uber App,,Uber Eats Web,The Trufa Corp,The_Trufa_Corp,,Count,Count,0,0,0,2,2,2,2,14.9,,27.09,0,2.71,0,29.8,0,0,0,0,0,,,,,,,,,,,,,,,,,,,,,,,,,,,,,,,,,,,,,,,,,,,,,,
#494A1,58c7d09f-98f9-43d3-95e0-1d7e255494a1,GULA - Sevilla,,46eadb60-99e8-5077-bd3e-0df76c71ccac,5/9/26,10:27 PM,Pickup,Unknown,iOS,,,,,,,,,,,,,,Non-member,32.64,0,3.26,0,35.9,0,0,0,0,0,-8.7,0,-0.87,0,-9.57,0,0,0,0,,0,0,0,0,0,0,0,0,0,0,0,0,0,0,26.33,https://restaurant.uber.com/manager/payments/invoices/order/a33ac403-8c6e-566c-b575-761ee8bc600f?invoiceType=restaurant_to_customer,0,0,0,,-3.95,0,-3.95,-0.83,-4.78,,0,0,0,,0,21.55,5/11/26,Completed,,RMTBYKJ3HNPVV3B
,58c7d09f-98f9-43d3-95e0-1d7e255494a1,,,46eadb60-99e8-5077-bd3e-0df76c71ccac,5/9/26,10:27 PM,Pickup,,iOS,Pleasure for 2,Pleasure_for_2,,Count,Count,0,0,0,1,1,1,1,31.9,,32.64,0,3.26,0,35.9,0,0,0,0,0,,,,,,,,,,,,,,,,,,,,,,,,,,,,,,,,,,,,,,,,,,,,,,
#BFA98,dc3813e6-78f0-4bb7-9d9c-8aed2a4bfa98,GULA - Sevilla,,46eadb60-99e8-5077-bd3e-0df76c71ccac,5/9/26,10:48 PM,Delivery - Partner Using Uber App,Unknown,Android,,,,,,,,,,,,,,Uber One member,34.82,0,3.48,0,38.3,0,0,0,0,0,-8.7,0,-0.87,0,-9.57,0,0,0,0,,0,0,0,0,0,0,0,0,0,0,0,0,0,0,28.73,https://restaurant.uber.com/manager/payments/invoices/order/75640090-e855-5375-a586-d73190180752?invoiceType=restaurant_to_customer,0,0,0,,-5.6,0,-5.6,-1.18,-6.78,,0,0,0,,0,21.95,5/11/26,Completed,,RMTBYKJ3HNPVV3B
,dc3813e6-78f0-4bb7-9d9c-8aed2a4bfa98,,,46eadb60-99e8-5077-bd3e-0df76c71ccac,5/9/26,10:48 PM,Delivery - Partner Using Uber App,,Android,Pleasure for 2,Pleasure_for_2,,Count,Count,0,0,0,1,1,1,1,31.9,,34.82,0,3.48,0,38.3,0,0,0,0,0,,,,,,,,,,,,,,,,,,,,,,,,,,,,,,,,,,,,,,,,,,,,,,
#0CB1D,5b403dc7-cd86-4fd7-bb8b-89b80be0cb1d,GULA - Sevilla,,46eadb60-99e8-5077-bd3e-0df76c71ccac,5/9/26,9:46 PM,Delivery - Partner Using Uber App,Unknown,Android,,,,,,,,,,,,,,Uber One member,20.36,0,2.04,0,22.4,0,0,0,0,0,-6.11,0,-0.61,0,-6.72,0,0,0,0,,0,0,0,0,0,0,0,0,0,0,0,0,0,0,15.68,https://restaurant.uber.com/manager/payments/invoices/order/d865c537-c881-52aa-ae9f-ba4d401fc39d?invoiceType=restaurant_to_customer,0,0,0,,-3.06,0,-3.06,-0.64,-3.7,,0,0,0,,0,11.98,5/11/26,Completed,,RMTBYKJ3HNPVV3B
,5b403dc7-cd86-4fd7-bb8b-89b80be0cb1d,,,46eadb60-99e8-5077-bd3e-0df76c71ccac,5/9/26,9:46 PM,Delivery - Partner Using Uber App,,Android,Fritas Buffalo Ranch,Fritas_Buffalo_Ranch,,Count,Count,0,0,0,1,1,1,1,7.5,,6.82,0,0.68,0,7.5,0,0,0,0,0,,,,,,,,,,,,,,,,,,,,,,,,,,,,,,,,,,,,,,,,,,,,,,
,5b403dc7-cd86-4fd7-bb8b-89b80be0cb1d,,,46eadb60-99e8-5077-bd3e-0df76c71ccac,5/9/26,9:46 PM,Delivery - Partner Using Uber App,,Android,The Trufa Corp,The_Trufa_Corp,,Count,Count,0,0,0,1,1,1,1,14.9,,13.54,0,1.36,0,14.9,0,0,0,0,0,,,,,,,,,,,,,,,,,,,,,,,,,,,,,,,,,,,,,,,,,,,,,,
#CCC60,5e23ac80-688b-4c74-b035-35849cfccc60,GULA - Sevilla,,46eadb60-99e8-5077-bd3e-0df76c71ccac,5/9/26,10:43 PM,Delivery - Partner Using Uber App,Unknown,iOS,,,,,,,,,,,,,,Uber One member,38,0,3.8,0,41.8,0,0,0,0,0,-2.05,0,-0.2,0,-2.25,0,0,0,0,,0,0,0,0,0,0,0,0,0,0,0,0,0,0,39.55,https://restaurant.uber.com/manager/payments/invoices/order/a9919eb0-d25f-563e-924e-ee02081ab990?invoiceType=restaurant_to_customer,0,0,0,,-7.12,0,-7.12,-1.5,-8.62,,0,0,0,,0,30.93,5/11/26,Completed,,RMTBYKJ3HNPVV3B
,5e23ac80-688b-4c74-b035-35849cfccc60,,,46eadb60-99e8-5077-bd3e-0df76c71ccac,5/9/26,10:43 PM,Delivery - Partner Using Uber App,,iOS,Fritas Buffalo Ranch,Fritas_Buffalo_Ranch,,Count,Count,0,0,0,1,1,1,1,7.5,,6.82,0,0.68,0,7.5,0,0,0,0,0,,,,,,,,,,,,,,,,,,,,,,,,,,,,,,,,,,,,,,,,,,,,,,
,5e23ac80-688b-4c74-b035-35849cfccc60,,,46eadb60-99e8-5077-bd3e-0df76c71ccac,5/9/26,10:43 PM,Delivery - Partner Using Uber App,,iOS,Fritas Trufadas,Fritas_Trufadas,,Count,Count,0,0,0,1,1,1,1,6.5,,5.91,0,0.59,0,6.5,0,0,0,0,0,,,,,,,,,,,,,,,,,,,,,,,,,,,,,,,,,,,,,,,,,,,,,,
,5e23ac80-688b-4c74-b035-35849cfccc60,,,46eadb60-99e8-5077-bd3e-0df76c71ccac,5/9/26,10:43 PM,Delivery - Partner Using Uber App,,iOS,Buffalo Ranch,Buffalo_Ranch_36745,,Count,Count,0,0,0,1,1,1,1,13.9,,12.64,0,1.26,0,13.9,0,0,0,0,0,,,,,,,,,,,,,,,,,,,,,,,,,,,,,,,,,,,,,,,,,,,,,,
,5e23ac80-688b-4c74-b035-35849cfccc60,,,46eadb60-99e8-5077-bd3e-0df76c71ccac,5/9/26,10:43 PM,Delivery - Partner Using Uber App,,iOS,The Trufa Corp Chicken,The_Trufa_Corp_Chick,,Count,Count,0,0,0,1,1,1,1,13.9,,12.63,0,1.27,0,13.9,0,0,0,0,0,,,,,,,,,,,,,,,,,,,,,,,,,,,,,,,,,,,,,,,,,,,,,,
,,GULA - Sevilla,,46eadb60-99e8-5077-bd3e-0df76c71ccac,5/10/26,,,,Unknown,,,,,,,,,,,,,,,0,0,0,0,0,0,0,0,0,0,0,0,0,0,0,0,0,0,0,,0,0,0,0,0,0,0,0,0,0,0,0,0,0,0,,0,0,0,,0,0,0,0,0,,0,0,0,Restaurant refunds,30.01,30.01,5/11/26,,,RMTBYKJ3HNPVV3B
,,GULA - Sevilla,,46eadb60-99e8-5077-bd3e-0df76c71ccac,5/10/26,,,,Unknown,,,,,,,,,,,,,,,0,0,0,0,0,0,0,0,0,0,0,0,0,0,0,0,0,0,0,,0,0,0,0,0,0,0,0,0,0,0,0,0,0,0,,0,0,0,,0,0,0,0,0,,0,0,0,Ad Spend,-26.69,-26.69,5/11/26,,,RMTBYKJ3HNPVV3B
#72FAE,d20e9cc0-d222-4b2c-9248-308b49072fae,GULA - Sevilla,,46eadb60-99e8-5077-bd3e-0df76c71ccac,5/10/26,3:06 PM,Delivery - Partner Using Uber App,Unknown,iOS,,,,,,,,,,,,,,Uber One member,32.64,0,3.26,0,35.9,0,0,0,0,0,-8.7,0,-0.87,0,-9.57,0,0,0,0,,0,0,0,0,0,0,0,0,0,0,0,0,0,0,26.33,https://restaurant.uber.com/manager/payments/invoices/order/84f79a6e-90e5-5835-8062-886ba70ed03e?invoiceType=restaurant_to_customer,0,0,0,,-5.13,0,-5.13,-1.08,-6.21,,0,0,0,,0,20.12,5/11/26,Completed,,RMTBYKJ3HNPVV3B
,d20e9cc0-d222-4b2c-9248-308b49072fae,,,46eadb60-99e8-5077-bd3e-0df76c71ccac,5/10/26,3:06 PM,Delivery - Partner Using Uber App,,iOS,Pleasure for 2,Pleasure_for_2,,Count,Count,0,0,0,1,1,1,1,31.9,,32.64,0,3.26,0,35.9,0,0,0,0,0,,,,,,,,,,,,,,,,,,,,,,,,,,,,,,,,,,,,,,,,,,,,,,
#72FAE,d20e9cc0-d222-4b2c-9248-308b49072fae,GULA - Sevilla,,46eadb60-99e8-5077-bd3e-0df76c71ccac,5/10/26,3:06 PM,,,Unknown,,,,,,,,,,,,,,Uber One member,0,0,0,0,0,-3.2,0,-0.32,0,-3.52,0,0,0,0,0,0,0,,0,,0,0,0,0,0,0,0,0,0,0,0,0,0,0,-3.52,,0,0,0,,0,0,0,0,0,,0,0,0,,0,-3.52,5/11/26,Refund,,RMTBYKJ3HNPVV3B
,d20e9cc0-d222-4b2c-9248-308b49072fae,,,46eadb60-99e8-5077-bd3e-0df76c71ccac,5/10/26,3:06 PM,,,Unknown,Pleasure for 2,Pleasure_for_2,,Count,Count,0,0,0,1,1,1,1,31.9,,0,0,0,0,0,-35.9,0,3.26,0,-35.9,,,,,,,,,,,,,,,,,,,,,,,,,,,,,,,,,,,,,,,,,,,,,,
#4FE20,a6434eb1-0ec4-41ff-af68-71a91c64fe20,GULA - Sevilla,,46eadb60-99e8-5077-bd3e-0df76c71ccac,5/10/26,2:54 PM,Delivery - Partner Using Uber App,Unknown,iOS,,,,,,,,,,,,,,Uber One member,36.55,0,3.65,0,40.2,0,0,0,0,0,-5.1,0,-0.5,0,-5.6,0,0,0,0,,0,0,0,0,0,0,0,0,0,0,0,0,0,0,34.6,https://restaurant.uber.com/manager/payments/invoices/order/17ac961d-fcc4-5445-a4b4-96ea1c3f2be3?invoiceType=restaurant_to_customer,0,0,0,,-6.75,0,-6.75,-1.42,-8.17,,0,0,0,,0,26.43,5/11/26,Completed,,RMTBYKJ3HNPVV3B
,a6434eb1-0ec4-41ff-af68-71a91c64fe20,,,46eadb60-99e8-5077-bd3e-0df76c71ccac,5/10/26,2:54 PM,Delivery - Partner Using Uber App,,iOS,Cerveza Estrella Galicia 1906,"Cerveza_0,0",,Count,Count,0,0,0,2,2,2,2,2.8,,5.1,0,0.5,0,5.6,0,0,0,0,0,,,,,,,,,,,,,,,,,,,,,,,,,,,,,,,,,,,,,,,,,,,,,,
,a6434eb1-0ec4-41ff-af68-71a91c64fe20,,,46eadb60-99e8-5077-bd3e-0df76c71ccac,5/10/26,2:54 PM,Delivery - Partner Using Uber App,,iOS,The Sinner Combo,The_Sinner_Combo,,Count,Count,0,0,0,1,1,1,1,14.9,,13.55,0,1.35,0,14.9,0,0,0,0,0,,,,,,,,,,,,,,,,,,,,,,,,,,,,,,,,,,,,,,,,,,,,,,
,a6434eb1-0ec4-41ff-af68-71a91c64fe20,,,46eadb60-99e8-5077-bd3e-0df76c71ccac,5/10/26,2:54 PM,Delivery - Partner Using Uber App,,iOS,The Sinner Combo,The_Sinner_Combo,,Count,Count,0,0,0,1,1,1,1,14.9,,16.26,0,1.64,0,17.9,0,0,0,0,0,,,,,,,,,,,,,,,,,,,,,,,,,,,,,,,,,,,,,,,,,,,,,,
,a6434eb1-0ec4-41ff-af68-71a91c64fe20,,,46eadb60-99e8-5077-bd3e-0df76c71ccac,5/10/26,2:54 PM,Delivery - Partner Using Uber App,,iOS,Salsa GULA,Salsa_GULA,,Count,Count,0,0,0,1,1,1,1,1.8,,1.64,0,0.16,0,1.8,0,0,0,0,0,,,,,,,,,,,,,,,,,,,,,,,,,,,,,,,,,,,,,,,,,,,,,,
#8A44F,9fc6727a-cac0-444e-bcc5-60773978a44f,GULA - Sevilla,,46eadb60-99e8-5077-bd3e-0df76c71ccac,5/10/26,2:52 PM,Delivery - Partner Using Uber App,Unknown,iOS,,,,,,,,,,,,,,Uber One member,13.55,0,1.35,0,14.9,0,0,0,0,0,-4.07,0,-0.4,0,-4.47,0,0,0,0,,0,0,0,0,0,0,0,0,0,0,0,0,0,0,10.43,https://restaurant.uber.com/manager/payments/invoices/order/d354cfad-8bd9-56bd-a0fb-426cac8dc63b?invoiceType=restaurant_to_customer,0,0,0,,-2.03,0,-2.03,-0.43,-2.46,,0,0,0,,0,7.97,5/11/26,Completed,,RMTBYKJ3HNPVV3B
,9fc6727a-cac0-444e-bcc5-60773978a44f,,,46eadb60-99e8-5077-bd3e-0df76c71ccac,5/10/26,2:52 PM,Delivery - Partner Using Uber App,,iOS,The Trufa Corp,The_Trufa_Corp,,Count,Count,0,0,0,1,1,1,1,14.9,,13.55,0,1.35,0,14.9,0,0,0,0,0,,,,,,,,,,,,,,,,,,,,,,,,,,,,,,,,,,,,,,,,,,,,,,
#3252D,63fd23a8-5a38-4695-b695-89eabe03252d,GULA - Sevilla,,46eadb60-99e8-5077-bd3e-0df76c71ccac,5/10/26,10:08 PM,Pickup,Unknown,Uber Eats Web,,,,,,,,,,,,,,Non-member,27.09,0,2.71,0,29.8,0,0,0,0,0,-8.13,0,-0.81,0,-8.94,0,0,0,0,,0,0,0,0,0,0,0,0,0,0,0,0,0,0,20.86,https://restaurant.uber.com/manager/payments/invoices/order/29081ecc-13ef-57f6-ad79-12652c23894e?invoiceType=restaurant_to_customer,0,0,0,,-3.13,0,-3.13,-0.66,-3.79,,0,0,0,,0,17.07,5/11/26,Completed,,RMTBYKJ3HNPVV3B
,63fd23a8-5a38-4695-b695-89eabe03252d,,,46eadb60-99e8-5077-bd3e-0df76c71ccac,5/10/26,10:08 PM,Pickup,,Uber Eats Web,The Trufa Corp,The_Trufa_Corp,,Count,Count,0,0,0,2,2,2,2,14.9,,27.09,0,2.71,0,29.8,0,0,0,0,0,,,,,,,,,,,,,,,,,,,,,,,,,,,,,,,,,,,,,,,,,,,,,,
#3173E,b11999f4-d858-4e06-b828-28f43f33173e,GULA - Sevilla,,46eadb60-99e8-5077-bd3e-0df76c71ccac,5/10/26,9:45 PM,Delivery - Partner Using Uber App,Unknown,Android,,,,,,,,,,,,,,Uber One member,34.45,0,3.45,0,37.9,0,0,0,0,0,-8.7,0,-0.87,0,-9.57,0,0,0,0,,0,0,0,0,0,0,0,0,0,0,0,0,0,0,28.33,https://restaurant.uber.com/manager/payments/invoices/order/6dec2e65-1ff2-5f32-a4a7-3279b5fba36f?invoiceType=restaurant_to_customer,0,0,0,,-5.52,0,-5.52,-1.16,-6.68,,0,0,0,,0,21.65,5/11/26,Completed,,RMTBYKJ3HNPVV3B
,b11999f4-d858-4e06-b828-28f43f33173e,,,46eadb60-99e8-5077-bd3e-0df76c71ccac,5/10/26,9:45 PM,Delivery - Partner Using Uber App,,Android,Pleasure for 2,Pleasure_for_2,,Count,Count,0,0,0,1,1,1,1,31.9,,34.45,0,3.45,0,37.9,0,0,0,0,0,,,,,,,,,,,,,,,,,,,,,,,,,,,,,,,,,,,,,,,,,,,,,,
#20B01,ca2c85b4-94c5-4c54-a272-e4032b620b01,GULA - Sevilla,,46eadb60-99e8-5077-bd3e-0df76c71ccac,5/10/26,9:52 PM,Delivery - Partner Using Uber App,Unknown,iOS,,,,,,,,,,,,,,Non-member,30,0,3,0,33,0,0,0,0,0,0,0,0,0,0,0,0,0,0,,0,0,0,0,0,0,0,0,0,0,0,0,0,0,33,https://restaurant.uber.com/manager/payments/invoices/order/05840442-b180-506b-a00d-147740079276?invoiceType=restaurant_to_customer,0,0,0,,-5.94,0,-5.94,-1.25,-7.19,,0,0,0,,0,25.81,5/11/26,Completed,,RMTBYKJ3HNPVV3B
,ca2c85b4-94c5-4c54-a272-e4032b620b01,,,46eadb60-99e8-5077-bd3e-0df76c71ccac,5/10/26,9:52 PM,Delivery - Partner Using Uber App,,iOS,Salsa GULA,Salsa_GULA,,Count,Count,0,0,0,1,1,1,1,1.8,,1.64,0,0.16,0,1.8,0,0,0,0,0,,,,,,,,,,,,,,,,,,,,,,,,,,,,,,,,,,,,,,,,,,,,,,
,ca2c85b4-94c5-4c54-a272-e4032b620b01,,,46eadb60-99e8-5077-bd3e-0df76c71ccac,5/10/26,9:52 PM,Delivery - Partner Using Uber App,,iOS,The Pope' s Burger,The_Pope'_s_Burger,,Count,Count,0,0,0,1,1,1,1,13.9,,12.64,0,1.26,0,13.9,0,0,0,0,0,,,,,,,,,,,,,,,,,,,,,,,,,,,,,,,,,,,,,,,,,,,,,,
,ca2c85b4-94c5-4c54-a272-e4032b620b01,,,46eadb60-99e8-5077-bd3e-0df76c71ccac,5/10/26,9:52 PM,Delivery - Partner Using Uber App,,iOS,CheeseBacon,Cheese_Bacon_V,,Count,Count,0,0,0,1,1,1,1,13.9,,12.63,0,1.27,0,13.9,0,0,0,0,0,,,,,,,,,,,,,,,,,,,,,,,,,,,,,,,,,,,,,,,,,,,,,,
,ca2c85b4-94c5-4c54-a272-e4032b620b01,,,46eadb60-99e8-5077-bd3e-0df76c71ccac,5/10/26,9:52 PM,Delivery - Partner Using Uber App,,iOS,Nuestras Fritas,Nuestras_Fritas,,Count,Count,0,0,0,1,1,1,1,3.4,,3.09,0,0.31,0,3.4,0,0,0,0,0,,,,,,,,,,,,,,,,,,,,,,,,,,,,,,,,,,,,,,,,,,,,,,
,,GULA - Sevilla,,46eadb60-99e8-5077-bd3e-0df76c71ccac,5/11/26,,,,Unknown,,,,,,,,,,,,,,,0,0,0,0,0,0,0,0,0,0,0,0,0,0,0,0,0,0,0,,0,0,0,0,0,0,0,0,0,0,0,0,0,0,0,,0,0,0,,0,0,0,0,0,,0,0,0,Ad Spend,-47.18,-47.18,,,,
#E6FEA,090029e4-fb95-4592-9fbc-4107641e6fea,GULA - Valencia Ruzafa,,1b3e6cfe-0c98-5eda-89c6-079015067a1d,4/30/26,11:40 PM,Delivery - Partner Using Uber App,Unknown,Unknown,,,,,,,,,,,,,,Uber One member,16.27,0,1.63,0,17.9,0,0,0,0,0,0,0,0,0,0,0,0,0,0,,0,0,0,0,0,0,0,0,0,0,0,0,0,0,17.9,https://restaurant.uber.com/manager/payments/invoices/order/810ba904-d192-556c-b3fe-845e2db8f87f?invoiceType=restaurant_to_customer,0,0,0,,-3.49,0,-3.49,-0.73,-4.22,https://restaurant.uber.com/manager/payments/download-invoice?invoiceUUID=46f4ef2b-5857-5ce7-95a8-6579853ad8fc,0,0,0,,0,13.68,5/4/26,Completed,,V375U9QCNGPQ
,090029e4-fb95-4592-9fbc-4107641e6fea,,,1b3e6cfe-0c98-5eda-89c6-079015067a1d,4/30/26,11:40 PM,Delivery - Partner Using Uber App,,Unknown,Ketchup GULA,Ketchup_GULA,,Count,Count,0,0,0,1,1,1,1,1.5,,1.36,0,0.14,0,1.5,0,0,0,0,0,,,,,,,,,,,,,,,,,,,,,,,,,,,,,,,,,,,,,,,,,,,,,,
,090029e4-fb95-4592-9fbc-4107641e6fea,,,1b3e6cfe-0c98-5eda-89c6-079015067a1d,4/30/26,11:40 PM,Delivery - Partner Using Uber App,,Unknown,The Sinner Combo,The_Sinner_Combo,,Count,Count,0,0,0,1,1,1,1,14.9,,14.91,0,1.49,0,16.4,0,0,0,0,0,,,,,,,,,,,,,,,,,,,,,,,,,,,,,,,,,,,,,,,,,,,,,,
#89514,1a30230c-bb85-4540-b649-2572d2c89514,GULA - Valencia Ruzafa,,1b3e6cfe-0c98-5eda-89c6-079015067a1d,4/30/26,11:40 PM,Delivery - Partner Using Uber App,Unknown,iOS,,,,,,,,,,,,,,Uber One member,21.64,0,2.16,0,23.8,0,0,0,0,0,0,0,0,0,0,0,0,0,0,,0,0,0,0,0,0,0,0,0,0,0,0,0,0,23.8,https://restaurant.uber.com/manager/payments/invoices/order/6295e087-6293-5484-8adc-937ad29cda68?invoiceType=restaurant_to_customer,0,0,0,,-4.64,0,-4.64,-0.97,-5.61,https://restaurant.uber.com/manager/payments/download-invoice?invoiceUUID=46f4ef2b-5857-5ce7-95a8-6579853ad8fc,0,0,0,,0,18.19,5/4/26,Completed,,V375U9QCNGPQ
,1a30230c-bb85-4540-b649-2572d2c89514,,,1b3e6cfe-0c98-5eda-89c6-079015067a1d,4/30/26,11:40 PM,Delivery - Partner Using Uber App,,iOS,Gula Cheeseburger,Gula_Cheeseburger,,Count,Count,0,0,0,2,2,2,2,11.9,,21.64,0,2.16,0,23.8,0,0,0,0,0,,,,,,,,,,,,,,,,,,,,,,,,,,,,,,,,,,,,,,,,,,,,,,
#2533F,7c882466-b849-44c6-84df-2cbb42a2533f,GULA - Valencia Ruzafa,,1b3e6cfe-0c98-5eda-89c6-079015067a1d,5/1/26,12:43 PM,Delivery - Partner Using Uber App,Unknown,iOS,,,,,,,,,,,,,,Uber One member,27.18,0,2.72,0,29.9,0,0,0,0,0,0,0,0,0,0,0,0,0,0,,0,0,0,0,0,0,0,0,0,0,0,0,0,0,29.9,https://restaurant.uber.com/manager/payments/invoices/order/9557e5b2-bf00-521a-a0b8-b19718bb7d20?invoiceType=restaurant_to_customer,0,0,0,,-5.38,0,-5.38,-1.13,-6.51,https://restaurant.uber.com/manager/payments/download-invoice?invoiceUUID=46f4ef2b-5857-5ce7-95a8-6579853ad8fc,0,0,0,,0,23.39,5/4/26,Completed,,V375U9QCNGPQ
,7c882466-b849-44c6-84df-2cbb42a2533f,,,1b3e6cfe-0c98-5eda-89c6-079015067a1d,5/1/26,12:43 PM,Delivery - Partner Using Uber App,,iOS,GOLDEN SLIDER,GOLDEN_SLIDER,,Count,Count,0,0,0,1,1,1,1,9.5,,10.09,0,1.01,0,11.1,0,0,0,0,0,,,,,,,,,,,,,,,,,,,,,,,,,,,,,,,,,,,,,,,,,,,,,,
,7c882466-b849-44c6-84df-2cbb42a2533f,,,1b3e6cfe-0c98-5eda-89c6-079015067a1d,5/1/26,12:43 PM,Delivery - Partner Using Uber App,,iOS,Nuestras Fritas,Nuestras_Fritas,,Count,Count,0,0,0,1,1,1,1,3.4,,4.45,0,0.45,0,4.9,0,0,0,0,0,,,,,,,,,,,,,,,,,,,,,,,,,,,,,,,,,,,,,,,,,,,,,,
,7c882466-b849-44c6-84df-2cbb42a2533f,,,1b3e6cfe-0c98-5eda-89c6-079015067a1d,5/1/26,12:43 PM,Delivery - Partner Using Uber App,,iOS,Cheese Bacon,Cheese_Bacon_V,,Count,Count,0,0,0,1,1,1,1,13.9,,12.64,0,1.26,0,13.9,0,0,0,0,0,,,,,,,,,,,,,,,,,,,,,,,,,,,,,,,,,,,,,,,,,,,,,,
#9A474,aa445ed2-5db6-4dda-9af4-35ed0a99a474,GULA - Valencia Ruzafa,,1b3e6cfe-0c98-5eda-89c6-079015067a1d,5/1/26,1:53 PM,Delivery - Partner Using Uber App,Unknown,iOS,,,,,,,,,,,,,,Uber One member,13.55,0,1.35,0,14.9,0,0,0,0,0,0,0,0,0,0,0,0,0,0,,0,0,0,0,0,0,0,0,0,0,0,0,0,0,14.9,https://restaurant.uber.com/manager/payments/invoices/order/4777b0cc-7416-5dce-8988-23e010f34145?invoiceType=restaurant_to_customer,0,0,0,,-2.91,0,-2.91,-0.61,-3.52,https://restaurant.uber.com/manager/payments/download-invoice?invoiceUUID=46f4ef2b-5857-5ce7-95a8-6579853ad8fc,0,0,0,,0,11.38,5/4/26,Completed,,V375U9QCNGPQ
,aa445ed2-5db6-4dda-9af4-35ed0a99a474,,,1b3e6cfe-0c98-5eda-89c6-079015067a1d,5/1/26,1:53 PM,Delivery - Partner Using Uber App,,iOS,The Sinner Combo,The_Sinner_Combo,,Count,Count,0,0,0,1,1,1,1,14.9,,13.55,0,1.35,0,14.9,0,0,0,0,0,,,,,,,,,,,,,,,,,,,,,,,,,,,,,,,,,,,,,,,,,,,,,,
#15612,a76c7e4f-8a15-46f4-8bdd-c3ac28f15612,GULA - Valencia Ruzafa,,1b3e6cfe-0c98-5eda-89c6-079015067a1d,5/1/26,3:21 PM,Delivery - Partner Using Uber App,Unknown,iOS,,,,,,,,,,,,,,Uber One member,28.91,0,2.89,0,31.8,0,0,0,0,0,0,0,0,0,0,0,0,0,0,,0,0,0,0,0,0,0,0,0,0,0,0,0,0,31.8,https://restaurant.uber.com/manager/payments/invoices/order/4dbb1b7f-4271-542a-aeee-c976861f87e1?invoiceType=restaurant_to_customer,0,0,0,,-6.2,0,-6.2,-1.3,-7.5,https://restaurant.uber.com/manager/payments/download-invoice?invoiceUUID=46f4ef2b-5857-5ce7-95a8-6579853ad8fc,0,0,0,,0,24.3,5/4/26,Completed,,V375U9QCNGPQ
,a76c7e4f-8a15-46f4-8bdd-c3ac28f15612,,,1b3e6cfe-0c98-5eda-89c6-079015067a1d,5/1/26,3:21 PM,Delivery - Partner Using Uber App,,iOS,The Sinner Combo,The_Sinner_Combo,,Count,Count,0,0,0,1,1,1,1,14.9,,14.46,0,1.44,0,15.9,0,0,0,0,0,,,,,,,,,,,,,,,,,,,,,,,,,,,,,,,,,,,,,,,,,,,,,,
,a76c7e4f-8a15-46f4-8bdd-c3ac28f15612,,,1b3e6cfe-0c98-5eda-89c6-079015067a1d,5/1/26,3:21 PM,Delivery - Partner Using Uber App,,iOS,The Sinner Combo,The_Sinner_Combo,,Count,Count,0,0,0,1,1,1,1,14.9,,14.45,0,1.45,0,15.9,0,0,0,0,0,,,,,,,,,,,,,,,,,,,,,,,,,,,,,,,,,,,,,,,,,,,,,,
#55BC8,dc7c727f-7551-468d-a8a6-3ae599955bc8,GULA - Valencia Ruzafa,,1b3e6cfe-0c98-5eda-89c6-079015067a1d,5/1/26,3:45 PM,Delivery - Partner Using Uber App,Unknown,Android,,,,,,,,,,,,,,Uber One member,45.18,0,4.52,0,49.7,0,0,0,0,0,-5.27,0,-0.53,0,-5.8,0,0,0,0,,0,0,0,0,0,0,0,0,0,0,0,0,0,0,43.9,https://restaurant.uber.com/manager/payments/invoices/order/a9b64c6c-3cc6-5b60-9957-75c5669acc80?invoiceType=restaurant_to_customer,0,0,0,,-8.56,0,-8.56,-1.8,-10.36,https://restaurant.uber.com/manager/payments/download-invoice?invoiceUUID=46f4ef2b-5857-5ce7-95a8-6579853ad8fc,0,0,0,,0,33.54,5/4/26,Completed,,V375U9QCNGPQ
,dc7c727f-7551-468d-a8a6-3ae599955bc8,,,1b3e6cfe-0c98-5eda-89c6-079015067a1d,5/1/26,3:45 PM,Delivery - Partner Using Uber App,,Android,Pleasure for 2,Pleasure_for_2,,Count,Count,0,0,0,1,1,1,1,31.9,,33.09,0,3.31,0,36.4,0,0,0,0,0,,,,,,,,,,,,,,,,,,,,,,,,,,,,,,,,,,,,,,,,,,,,,,
,dc7c727f-7551-468d-a8a6-3ae599955bc8,,,1b3e6cfe-0c98-5eda-89c6-079015067a1d,5/1/26,3:45 PM,Delivery - Partner Using Uber App,,Android,Tarta de Oreo,TARTA_DE_OREO,,Count,Count,0,0,0,1,1,1,1,5.8,,5.27,0,0.53,0,5.8,0,0,0,0,0,,,,,,,,,,,,,,,,,,,,,,,,,,,,,,,,,,,,,,,,,,,,,,
,dc7c727f-7551-468d-a8a6-3ae599955bc8,,,1b3e6cfe-0c98-5eda-89c6-079015067a1d,5/1/26,3:45 PM,Delivery - Partner Using Uber App,,Android,Fritas Buffalo Ranch,Fritas_Buffalo_Ranch,,Count,Count,0,0,0,1,1,1,1,7.5,,6.82,0,0.68,0,7.5,0,0,0,0,0,,,,,,,,,,,,,,,,,,,,,,,,,,,,,,,,,,,,,,,,,,,,,,
#DB36E,020b9873-eb9a-45d7-a3f0-811231adb36e,GULA - Valencia Ruzafa,,1b3e6cfe-0c98-5eda-89c6-079015067a1d,5/1/26,8:04 PM,Delivery - Partner Using Uber App,Unknown,iOS,,,,,,,,,,,,,,Uber One member,31.55,0,3.15,0,34.7,0,0,0,0,0,0,0,0,0,0,0,0,0,0,,0,0,0,0,0,0,0,0,0,0,0,0,0,0,34.7,https://restaurant.uber.com/manager/payments/invoices/order/a22ac220-58c0-5d1c-8eca-1aa281351f59?invoiceType=restaurant_to_customer,0,0,0,,-6.77,0,-6.77,-1.42,-8.19,https://restaurant.uber.com/manager/payments/download-invoice?invoiceUUID=46f4ef2b-5857-5ce7-95a8-6579853ad8fc,0,0,0,,0,26.51,5/4/26,Completed,,V375U9QCNGPQ
,020b9873-eb9a-45d7-a3f0-811231adb36e,,,1b3e6cfe-0c98-5eda-89c6-079015067a1d,5/1/26,8:04 PM,Delivery - Partner Using Uber App,,iOS,Tarta de Oreo,TARTA_DE_OREO,,Count,Count,0,0,0,1,1,1,1,5.8,,5.27,0,0.53,0,5.8,0,0,0,0,0,,,,,,,,,,,,,,,,,,,,,,,,,,,,,,,,,,,,,,,,,,,,,,
,020b9873-eb9a-45d7-a3f0-811231adb36e,,,1b3e6cfe-0c98-5eda-89c6-079015067a1d,5/1/26,8:04 PM,Delivery - Partner Using Uber App,,iOS,Alitas BBK,Alitas_BBK,,Count,Count,0,0,0,1,1,1,1,8.5,,7.74,0,0.76,0,8.5,0,0,0,0,0,,,,,,,,,,,,,,,,,,,,,,,,,,,,,,,,,,,,,,,,,,,,,,
,020b9873-eb9a-45d7-a3f0-811231adb36e,,,1b3e6cfe-0c98-5eda-89c6-079015067a1d,5/1/26,8:04 PM,Delivery - Partner Using Uber App,,iOS,The Sinner Combo,The_Sinner_Combo,,Count,Count,0,0,0,1,1,1,1,14.9,,14.46,0,1.44,0,15.9,0,0,0,0,0,,,,,,,,,,,,,,,,,,,,,,,,,,,,,,,,,,,,,,,,,,,,,,
,020b9873-eb9a-45d7-a3f0-811231adb36e,,,1b3e6cfe-0c98-5eda-89c6-079015067a1d,5/1/26,8:04 PM,Delivery - Partner Using Uber App,,iOS,Salsa Chile Chipotle,Salsa_Chile_Chipotle,,Count,Count,0,0,0,1,1,1,1,1.5,,1.36,0,0.14,0,1.5,0,0,0,0,0,,,,,,,,,,,,,,,,,,,,,,,,,,,,,,,,,,,,,,,,,,,,,,
,020b9873-eb9a-45d7-a3f0-811231adb36e,,,1b3e6cfe-0c98-5eda-89c6-079015067a1d,5/1/26,8:04 PM,Delivery - Partner Using Uber App,,iOS,Salsa BBK,Salsa_BBK,,Count,Count,0,0,0,1,1,1,1,1.5,,1.36,0,0.14,0,1.5,0,0,0,0,0,,,,,,,,,,,,,,,,,,,,,,,,,,,,,,,,,,,,,,,,,,,,,,
,020b9873-eb9a-45d7-a3f0-811231adb36e,,,1b3e6cfe-0c98-5eda-89c6-079015067a1d,5/1/26,8:04 PM,Delivery - Partner Using Uber App,,iOS,Salsa Queen,Salsa_Queen,,Count,Count,0,0,0,1,1,1,1,1.5,,1.36,0,0.14,0,1.5,0,0,0,0,0,,,,,,,,,,,,,,,,,,,,,,,,,,,,,,,,,,,,,,,,,,,,,,
#14428,8da977ad-d709-4946-a1dc-fbd93d614428,GULA - Valencia Ruzafa,,1b3e6cfe-0c98-5eda-89c6-079015067a1d,5/1/26,8:25 PM,Delivery - Partner Using Uber App,Unknown,iOS,,,,,,,,,,,,,,Uber One member,35.18,0,3.52,0,38.7,0,0,0,0,0,-5.27,0,-0.53,0,-5.8,0,0,0,0,,0,0,0,0,0,0,0,0,0,0,0,0,0,0,32.9,https://restaurant.uber.com/manager/payments/invoices/order/f6bac94a-507e-5635-853d-09619346f972?invoiceType=restaurant_to_customer,0,0,0,,-6.42,0,-6.42,-1.35,-7.77,https://restaurant.uber.com/manager/payments/download-invoice?invoiceUUID=46f4ef2b-5857-5ce7-95a8-6579853ad8fc,0,0,0,,0,25.13,5/4/26,Completed,,V375U9QCNGPQ
,8da977ad-d709-4946-a1dc-fbd93d614428,,,1b3e6cfe-0c98-5eda-89c6-079015067a1d,5/1/26,8:25 PM,Delivery - Partner Using Uber App,,iOS,Tarta de Oreo,TARTA_DE_OREO,,Count,Count,0,0,0,1,1,1,1,5.8,,5.27,0,0.53,0,5.8,0,0,0,0,0,,,,,,,,,,,,,,,,,,,,,,,,,,,,,,,,,,,,,,,,,,,,,,
,8da977ad-d709-4946-a1dc-fbd93d614428,,,1b3e6cfe-0c98-5eda-89c6-079015067a1d,5/1/26,8:25 PM,Delivery - Partner Using Uber App,,iOS,Pleasure for 2,Pleasure_for_2,,Count,Count,0,0,0,1,1,1,1,31.9,,29.91,0,2.99,0,32.9,0,0,0,0,0,,,,,,,,,,,,,,,,,,,,,,,,,,,,,,,,,,,,,,,,,,,,,,
#885F8,12161eaf-7f63-4995-b825-9252172885f8,GULA - Valencia Ruzafa,,1b3e6cfe-0c98-5eda-89c6-079015067a1d,5/1/26,9:21 PM,Delivery - Partner Using Uber App,Unknown,Unknown,,,,,,,,,,,,,,Non-member,34.27,0,3.43,0,37.7,0,0,0,0,0,-5.27,0,-0.53,0,-5.8,0,0,0,0,,0,0,0,0,0,0,0,0,0,0,0,0,0,0,31.9,https://restaurant.uber.com/manager/payments/invoices/order/a58ddd27-682c-5324-aa6f-a60e9ab9c64c?invoiceType=restaurant_to_customer,0,0,0,,-5.74,0,-5.74,-1.21,-6.95,https://restaurant.uber.com/manager/payments/download-invoice?invoiceUUID=46f4ef2b-5857-5ce7-95a8-6579853ad8fc,0,0,0,,0,24.95,5/4/26,Completed,,V375U9QCNGPQ
,12161eaf-7f63-4995-b825-9252172885f8,,,1b3e6cfe-0c98-5eda-89c6-079015067a1d,5/1/26,9:21 PM,Delivery - Partner Using Uber App,,Unknown,Tarta de Oreo,TARTA_DE_OREO,,Count,Count,0,0,0,1,1,1,1,5.8,,5.27,0,0.53,0,5.8,0,0,0,0,0,,,,,,,,,,,,,,,,,,,,,,,,,,,,,,,,,,,,,,,,,,,,,,
,12161eaf-7f63-4995-b825-9252172885f8,,,1b3e6cfe-0c98-5eda-89c6-079015067a1d,5/1/26,9:21 PM,Delivery - Partner Using Uber App,,Unknown,Pleasure for 2,Pleasure_for_2,,Count,Count,0,0,0,1,1,1,1,31.9,,29,0,2.9,0,31.9,0,0,0,0,0,,,,,,,,,,,,,,,,,,,,,,,,,,,,,,,,,,,,,,,,,,,,,,
#1B26D,73441e5d-9e7d-411c-8730-883ed3e1b26d,GULA - Valencia Ruzafa,,1b3e6cfe-0c98-5eda-89c6-079015067a1d,5/1/26,9:54 PM,Delivery - Partner Using Uber App,Unknown,iOS,,,,,,,,,,,,,,Uber One member,27.09,0,2.71,0,29.8,0,0,0,0,0,0,0,0,0,0,0,0,0,0,,0,0,0,0,0,0,0,0,0,0,0,0,0,0,29.8,https://restaurant.uber.com/manager/payments/invoices/order/6a7e4d9d-1264-5b9c-8645-f25c41b0c27a?invoiceType=restaurant_to_customer,0,0,0,,-5.81,0,-5.81,-1.22,-7.03,https://restaurant.uber.com/manager/payments/download-invoice?invoiceUUID=46f4ef2b-5857-5ce7-95a8-6579853ad8fc,0,0,0,,0,22.77,5/4/26,Completed,,V375U9QCNGPQ
,73441e5d-9e7d-411c-8730-883ed3e1b26d,,,1b3e6cfe-0c98-5eda-89c6-079015067a1d,5/1/26,9:54 PM,Delivery - Partner Using Uber App,,iOS,The Sinner Combo,The_Sinner_Combo,,Count,Count,0,0,0,1,1,1,1,14.9,,13.54,0,1.36,0,14.9,0,0,0,0,0,,,,,,,,,,,,,,,,,,,,,,,,,,,,,,,,,,,,,,,,,,,,,,
,73441e5d-9e7d-411c-8730-883ed3e1b26d,,,1b3e6cfe-0c98-5eda-89c6-079015067a1d,5/1/26,9:54 PM,Delivery - Partner Using Uber App,,iOS,The Sinner Combo,The_Sinner_Combo,,Count,Count,0,0,0,1,1,1,1,14.9,,13.55,0,1.35,0,14.9,0,0,0,0,0,,,,,,,,,,,,,,,,,,,,,,,,,,,,,,,,,,,,,,,,,,,,,,
#70F9F,82677a40-856b-4b1b-b80d-f19f38e70f9f,GULA - Valencia Ruzafa,,1b3e6cfe-0c98-5eda-89c6-079015067a1d,5/1/26,9:41 PM,Delivery - Partner Using Uber App,Unknown,Android,,,,,,,,,,,,,,Non-member,32.64,0,3.26,0,35.9,0,0,0,0,0,0,0,0,0,0,0,0,0,0,,0,0,0,0,0,0,0,0,0,0,0,0,0,0,35.9,https://restaurant.uber.com/manager/payments/invoices/order/50e8d914-5eec-5ce2-a6a3-427937cd43ad?invoiceType=restaurant_to_customer,0,0,0,,-6.46,0,-6.46,-1.36,-7.82,https://restaurant.uber.com/manager/payments/download-invoice?invoiceUUID=46f4ef2b-5857-5ce7-95a8-6579853ad8fc,0,0,0,,0,28.08,5/4/26,Completed,,V375U9QCNGPQ
,82677a40-856b-4b1b-b80d-f19f38e70f9f,,,1b3e6cfe-0c98-5eda-89c6-079015067a1d,5/1/26,9:41 PM,Delivery - Partner Using Uber App,,Android,Pleasure for 2,Pleasure_for_2,,Count,Count,0,0,0,1,1,1,1,31.9,,32.64,0,3.26,0,35.9,0,0,0,0,0,,,,,,,,,,,,,,,,,,,,,,,,,,,,,,,,,,,,,,,,,,,,,,
#6F2EF,29dc6416-02cd-4e10-af26-a8509376f2ef,GULA - Valencia Ruzafa,,1b3e6cfe-0c98-5eda-89c6-079015067a1d,5/1/26,11:28 PM,Delivery - Partner Using Uber App,Unknown,Android,,,,,,,,,,,,,,Non-member,10.82,0,1.08,0,11.9,0,0,0,0,0,0,0,0,0,0,0,0,0,0,,0,0,0,0,0,0,0,0,0,0,0,0,0,0,11.9,https://restaurant.uber.com/manager/payments/invoices/order/537ee39e-999f-586d-900b-66921c64e910?invoiceType=restaurant_to_customer,0,0,0,,-2.14,0,-2.14,-0.45,-2.59,https://restaurant.uber.com/manager/payments/download-invoice?invoiceUUID=46f4ef2b-5857-5ce7-95a8-6579853ad8fc,0,0,0,,0,9.31,5/4/26,Completed,,V375U9QCNGPQ
,29dc6416-02cd-4e10-af26-a8509376f2ef,,,1b3e6cfe-0c98-5eda-89c6-079015067a1d,5/1/26,11:28 PM,Delivery - Partner Using Uber App,,Android,Gula Cheeseburger,Gula_Cheeseburger,,Count,Count,0,0,0,1,1,1,1,11.9,,10.82,0,1.08,0,11.9,0,0,0,0,0,,,,,,,,,,,,,,,,,,,,,,,,,,,,,,,,,,,,,,,,,,,,,,
#31467,68e6f269-a183-4d52-bc7d-dc9d94f31467,GULA - Valencia Ruzafa,,1b3e6cfe-0c98-5eda-89c6-079015067a1d,5/2/26,12:11 AM,Delivery - Partner Using Uber App,Unknown,iOS,,,,,,,,,,,,,,Uber One member,44.27,0,4.43,0,48.7,0,0,0,0,0,-5.27,0,-0.53,0,-5.8,0,0,0,0,,0,0,0,0,0,0,0,0,0,0,0,0,0,0,42.9,https://restaurant.uber.com/manager/payments/invoices/order/bebbd4d6-3877-5589-a3dc-ffcea5593a74?invoiceType=restaurant_to_customer,0,0,0,,-8.37,0,-8.37,-1.76,-10.13,https://restaurant.uber.com/manager/payments/download-invoice?invoiceUUID=46f4ef2b-5857-5ce7-95a8-6579853ad8fc,0,0,0,,0,32.77,5/4/26,Completed,,V375U9QCNGPQ
,68e6f269-a183-4d52-bc7d-dc9d94f31467,,,1b3e6cfe-0c98-5eda-89c6-079015067a1d,5/2/26,12:11 AM,Delivery - Partner Using Uber App,,iOS,Nuestras Fritas,Nuestras_Fritas,,Count,Count,0,0,0,1,1,1,1,3.4,,4.73,0,0.47,0,5.2,0,0,0,0,0,,,,,,,,,,,,,,,,,,,,,,,,,,,,,,,,,,,,,,,,,,,,,,
,68e6f269-a183-4d52-bc7d-dc9d94f31467,,,1b3e6cfe-0c98-5eda-89c6-079015067a1d,5/2/26,12:11 AM,Delivery - Partner Using Uber App,,iOS,Pleasure for 2,Pleasure_for_2,,Count,Count,0,0,0,1,1,1,1,31.9,,32.91,0,3.29,0,36.2,0,0,0,0,0,,,,,,,,,,,,,,,,,,,,,,,,,,,,,,,,,,,,,,,,,,,,,,
,68e6f269-a183-4d52-bc7d-dc9d94f31467,,,1b3e6cfe-0c98-5eda-89c6-079015067a1d,5/2/26,12:11 AM,Delivery - Partner Using Uber App,,iOS,Tarta de Oreo,TARTA_DE_OREO,,Count,Count,0,0,0,1,1,1,1,5.8,,5.27,0,0.53,0,5.8,0,0,0,0,0,,,,,,,,,,,,,,,,,,,,,,,,,,,,,,,,,,,,,,,,,,,,,,
,68e6f269-a183-4d52-bc7d-dc9d94f31467,,,1b3e6cfe-0c98-5eda-89c6-079015067a1d,5/2/26,12:11 AM,Delivery - Partner Using Uber App,,iOS,Salsa Queen,Salsa_Queen,,Count,Count,0,0,0,1,1,1,1,1.5,,1.36,0,0.14,0,1.5,0,0,0,0,0,,,,,,,,,,,,,,,,,,,,,,,,,,,,,,,,,,,,,,,,,,,,,,
#27850,a67e1429-05ba-4661-9de6-996d64427850,GULA - Valencia Ruzafa,,1b3e6cfe-0c98-5eda-89c6-079015067a1d,5/2/26,12:43 AM,Delivery - Partner Using Uber App,Unknown,iOS,,,,,,,,,,,,,,Uber One member,40.64,0,4.06,0,44.7,0,0,0,0,0,0,0,0,0,0,0,0,0,0,,0,0,0,0,0,0,0,0,0,0,0,0,0,0,44.7,https://restaurant.uber.com/manager/payments/invoices/order/41af652f-4116-504b-bde6-c6947eac51b2?invoiceType=restaurant_to_customer,0,0,0,,-8.72,0,-8.72,-1.83,-10.55,https://restaurant.uber.com/manager/payments/download-invoice?invoiceUUID=46f4ef2b-5857-5ce7-95a8-6579853ad8fc,0,0,0,,0,34.15,5/4/26,Completed,,V375U9QCNGPQ
,a67e1429-05ba-4661-9de6-996d64427850,,,1b3e6cfe-0c98-5eda-89c6-079015067a1d,5/2/26,12:43 AM,Delivery - Partner Using Uber App,,iOS,The Trufa Corp,The_Trufa_Corp,,Count,Count,0,0,0,3,3,3,3,14.9,,40.64,0,4.06,0,44.7,0,0,0,0,0,,,,,,,,,,,,,,,,,,,,,,,,,,,,,,,,,,,,,,,,,,,,,,
,,GULA - Valencia Ruzafa,,1b3e6cfe-0c98-5eda-89c6-079015067a1d,5/2/26,,,,Unknown,,,,,,,,,,,,,,,0,0,0,0,0,0,0,0,0,0,0,0,0,0,0,0,0,0,0,,0,0,0,0,0,0,0,0,0,0,0,0,0,0,0,,0,0,0,,0,0,0,0,0,,0,0,0,Ad Spend,-0.76,-0.76,5/4/26,,,V375U9QCNGPQ
#7975B,a27fae32-14e6-4964-84fa-7a427907975b,GULA - Valencia Ruzafa,,1b3e6cfe-0c98-5eda-89c6-079015067a1d,5/2/26,3:27 PM,Delivery - Partner Using Uber App,Unknown,iOS,,,,,,,,,,,,,,Uber One member,13.55,0,1.35,0,14.9,0,0,0,0,0,0,0,0,0,0,0,0,0,0,,0,0,0,0,0,0,0,0,0,0,0,0,0,0,14.9,https://restaurant.uber.com/manager/payments/invoices/order/a4872ab3-22dd-528e-9348-7e492985e7fa?invoiceType=restaurant_to_customer,0,0,0,,-2.68,0,-2.68,-0.56,-3.24,https://restaurant.uber.com/manager/payments/download-invoice?invoiceUUID=46f4ef2b-5857-5ce7-95a8-6579853ad8fc,0,0,0,,0,11.66,5/4/26,Completed,,V375U9QCNGPQ
,a27fae32-14e6-4964-84fa-7a427907975b,,,1b3e6cfe-0c98-5eda-89c6-079015067a1d,5/2/26,3:27 PM,Delivery - Partner Using Uber App,,iOS,The Sinner Combo,The_Sinner_Combo,,Count,Count,0,0,0,1,1,1,1,14.9,,13.55,0,1.35,0,14.9,0,0,0,0,0,,,,,,,,,,,,,,,,,,,,,,,,,,,,,,,,,,,,,,,,,,,,,,
#F41B4,efb92075-b541-4864-b784-03ebea2f41b4,GULA - Valencia Ruzafa,,1b3e6cfe-0c98-5eda-89c6-079015067a1d,5/2/26,8:19 PM,Delivery - Partner Using Uber App,Unknown,iOS,,,,,,,,,,,,,,Uber One member,13.55,0,1.35,0,14.9,0,0,0,0,0,0,0,0,0,0,0,0,0,0,,0,0,0,0,0,0,0,0,0,0,0,0,0,0,14.9,https://restaurant.uber.com/manager/payments/invoices/order/c398a6c7-d665-5c19-bde7-9f6ed04dc1f0?invoiceType=restaurant_to_customer,0,0,0,,-2.91,0,-2.91,-0.61,-3.52,https://restaurant.uber.com/manager/payments/download-invoice?invoiceUUID=46f4ef2b-5857-5ce7-95a8-6579853ad8fc,0,0,0,,0,11.38,5/4/26,Completed,,V375U9QCNGPQ
,efb92075-b541-4864-b784-03ebea2f41b4,,,1b3e6cfe-0c98-5eda-89c6-079015067a1d,5/2/26,8:19 PM,Delivery - Partner Using Uber App,,iOS,The Sinner Combo,The_Sinner_Combo,,Count,Count,0,0,0,1,1,1,1,14.9,,13.55,0,1.35,0,14.9,0,0,0,0,0,,,,,,,,,,,,,,,,,,,,,,,,,,,,,,,,,,,,,,,,,,,,,,
#93979,31c990fc-8c30-4e6e-8c6e-c9b915093979,GULA - Valencia Ruzafa,,1b3e6cfe-0c98-5eda-89c6-079015067a1d,5/2/26,9:58 PM,Delivery - Partner Using Uber App,Unknown,iOS,,,,,,,,,,,,,,Non-member,29.36,0,2.94,0,32.3,0,0,0,0,0,0,0,0,0,0,0,0,0,0,,0,0,0,0,0,0,0,0,0,0,0,0,0,0,32.3,https://restaurant.uber.com/manager/payments/invoices/order/5eac7ce7-864f-5619-941d-a0f76127c747?invoiceType=restaurant_to_customer,0,0,0,,-5.81,0,-5.81,-1.22,-7.03,https://restaurant.uber.com/manager/payments/download-invoice?invoiceUUID=46f4ef2b-5857-5ce7-95a8-6579853ad8fc,0,0,0,,0,25.27,5/4/26,Completed,,V375U9QCNGPQ
,31c990fc-8c30-4e6e-8c6e-c9b915093979,,,1b3e6cfe-0c98-5eda-89c6-079015067a1d,5/2/26,9:58 PM,Delivery - Partner Using Uber App,,iOS,Fritas Buffalo Ranch,Fritas_Buffalo_Ranch,,Count,Count,0,0,0,1,1,1,1,7.5,,6.82,0,0.68,0,7.5,0,0,0,0,0,,,,,,,,,,,,,,,,,,,,,,,,,,,,,,,,,,,,,,,,,,,,,,
,31c990fc-8c30-4e6e-8c6e-c9b915093979,,,1b3e6cfe-0c98-5eda-89c6-079015067a1d,5/2/26,9:58 PM,Delivery - Partner Using Uber App,,iOS,Gula Cheeseburger,Gula_Cheeseburger,,Count,Count,0,0,0,1,1,1,1,11.9,,10.82,0,1.08,0,11.9,0,0,0,0,0,,,,,,,,,,,,,,,,,,,,,,,,,,,,,,,,,,,,,,,,,,,,,,
,31c990fc-8c30-4e6e-8c6e-c9b915093979,,,1b3e6cfe-0c98-5eda-89c6-079015067a1d,5/2/26,9:58 PM,Delivery - Partner Using Uber App,,iOS,The Pope' s Burger,The_Pope'_s_Burger,,Count,Count,0,0,0,1,1,1,1,12.9,,11.72,0,1.18,0,12.9,0,0,0,0,0,,,,,,,,,,,,,,,,,,,,,,,,,,,,,,,,,,,,,,,,,,,,,,
#874E7,8b8781ed-026d-48d9-9125-29599b9874e7,GULA - Valencia Ruzafa,,1b3e6cfe-0c98-5eda-89c6-079015067a1d,5/2/26,9:48 PM,Delivery - Partner Using Uber App,Unknown,iOS,,,,,,,,,,,,,,Non-member,36.09,0,3.61,0,39.7,0,0,0,0,0,-5.27,0,-0.53,0,-5.8,0,0,0,0,,0,0,0,0,0,0,0,0,0,0,0,0,0,0,33.9,https://restaurant.uber.com/manager/payments/invoices/order/13c50b7b-428f-58e2-8138-4ef6f1e3e94a?invoiceType=restaurant_to_customer,0,0,0,,-6.1,0,-6.1,-1.28,-7.38,https://restaurant.uber.com/manager/payments/download-invoice?invoiceUUID=46f4ef2b-5857-5ce7-95a8-6579853ad8fc,0,0,0,,0,26.52,5/4/26,Completed,,V375U9QCNGPQ
,8b8781ed-026d-48d9-9125-29599b9874e7,,,1b3e6cfe-0c98-5eda-89c6-079015067a1d,5/2/26,9:48 PM,Delivery - Partner Using Uber App,,iOS,Pleasure for 2,Pleasure_for_2,,Count,Count,0,0,0,1,1,1,1,31.9,,30.82,0,3.08,0,33.9,0,0,0,0,0,,,,,,,,,,,,,,,,,,,,,,,,,,,,,,,,,,,,,,,,,,,,,,
,8b8781ed-026d-48d9-9125-29599b9874e7,,,1b3e6cfe-0c98-5eda-89c6-079015067a1d,5/2/26,9:48 PM,Delivery - Partner Using Uber App,,iOS,Tarta de Oreo,TARTA_DE_OREO,,Count,Count,0,0,0,1,1,1,1,5.8,,5.27,0,0.53,0,5.8,0,0,0,0,0,,,,,,,,,,,,,,,,,,,,,,,,,,,,,,,,,,,,,,,,,,,,,,
#55FB6,36f6e314-c54e-45aa-9538-403937d55fb6,GULA - Valencia Ruzafa,,1b3e6cfe-0c98-5eda-89c6-079015067a1d,5/2/26,10:02 PM,Delivery - Partner Using Uber App,Unknown,iOS,,,,,,,,,,,,,,Uber One member,13.55,0,1.35,0,14.9,0,0,0,0,0,0,0,0,0,0,0,0,0,0,,0,0,0,0,0,0,0,0,0,0,0,0,0,0,14.9,https://restaurant.uber.com/manager/payments/invoices/order/85827532-5d4d-55e5-8469-38ecf2d4d49e?invoiceType=restaurant_to_customer,0,0,0,,-2.91,0,-2.91,-0.61,-3.52,https://restaurant.uber.com/manager/payments/download-invoice?invoiceUUID=46f4ef2b-5857-5ce7-95a8-6579853ad8fc,0,0,0,,0,11.38,5/4/26,Completed,,V375U9QCNGPQ
,36f6e314-c54e-45aa-9538-403937d55fb6,,,1b3e6cfe-0c98-5eda-89c6-079015067a1d,5/2/26,10:02 PM,Delivery - Partner Using Uber App,,iOS,The Sinner Combo,The_Sinner_Combo,,Count,Count,0,0,0,1,1,1,1,14.9,,13.55,0,1.35,0,14.9,0,0,0,0,0,,,,,,,,,,,,,,,,,,,,,,,,,,,,,,,,,,,,,,,,,,,,,,
#9AA9F,a9d41451-bab7-4b31-9cc2-18069e99aa9f,GULA - Valencia Ruzafa,,1b3e6cfe-0c98-5eda-89c6-079015067a1d,5/2/26,11:50 PM,Delivery - Partner Using Uber App,Unknown,iOS,,,,,,,,,,,,,,Uber One member,21.09,0,2.11,0,23.2,0,0,0,0,0,0,0,0,0,0,0,0,0,0,,0,0,0,0,0,0,0,0,0,0,0,0,0,0,23.2,https://restaurant.uber.com/manager/payments/invoices/order/1ce268e4-f08f-5203-a527-3758d1300959?invoiceType=restaurant_to_customer,0,0,0,,-4.52,0,-4.52,-0.95,-5.47,https://restaurant.uber.com/manager/payments/download-invoice?invoiceUUID=46f4ef2b-5857-5ce7-95a8-6579853ad8fc,0,0,0,,0,17.73,5/4/26,Completed,,V375U9QCNGPQ
,a9d41451-bab7-4b31-9cc2-18069e99aa9f,,,1b3e6cfe-0c98-5eda-89c6-079015067a1d,5/2/26,11:50 PM,Delivery - Partner Using Uber App,,iOS,Cheesecake de Fresa,Cheesecake_de_Fresa,,Count,Count,0,0,0,2,2,2,2,5.8,,10.55,0,1.05,0,11.6,0,0,0,0,0,,,,,,,,,,,,,,,,,,,,,,,,,,,,,,,,,,,,,,,,,,,,,,
,a9d41451-bab7-4b31-9cc2-18069e99aa9f,,,1b3e6cfe-0c98-5eda-89c6-079015067a1d,5/2/26,11:50 PM,Delivery - Partner Using Uber App,,iOS,Tarta de Oreo,TARTA_DE_OREO,,Count,Count,0,0,0,2,2,2,2,5.8,,10.54,0,1.06,0,11.6,0,0,0,0,0,,,,,,,,,,,,,,,,,,,,,,,,,,,,,,,,,,,,,,,,,,,,,,
#55904,6617a628-b753-4d35-bf29-5177ded55904,GULA - Valencia Ruzafa,,1b3e6cfe-0c98-5eda-89c6-079015067a1d,5/3/26,12:40 AM,Delivery - Partner Using Uber App,Unknown,Unknown,,,,,,,,,,,,,,Uber One member,16.09,0,1.61,0,17.7,0,0,0,0,0,0,0,0,0,0,0,0,0,0,,0,0,0,0,0,0,0,0,0,0,0,0,0,0,17.7,https://restaurant.uber.com/manager/payments/invoices/order/3143ece5-5b1b-5bcd-850f-133d3298ada7?invoiceType=restaurant_to_customer,0,0,0,,-3.45,0,-3.45,-0.72,-4.17,https://restaurant.uber.com/manager/payments/download-invoice?invoiceUUID=46f4ef2b-5857-5ce7-95a8-6579853ad8fc,0,0,0,,0,13.53,5/4/26,Completed,,V375U9QCNGPQ
,6617a628-b753-4d35-bf29-5177ded55904,,,1b3e6cfe-0c98-5eda-89c6-079015067a1d,5/3/26,12:40 AM,Delivery - Partner Using Uber App,,Unknown,The Sinner Combo,The_Sinner_Combo,,Count,Count,0,0,0,1,1,1,1,14.9,,16.09,0,1.61,0,17.7,0,0,0,0,0,,,,,,,,,,,,,,,,,,,,,,,,,,,,,,,,,,,,,,,,,,,,,,
,,GULA - Valencia Ruzafa,,1b3e6cfe-0c98-5eda-89c6-079015067a1d,5/3/26,,,,Unknown,,,,,,,,,,,,,,,0,0,0,0,0,0,0,0,0,0,0,0,0,0,0,0,0,0,0,,0,0,0,0,0,0,0,0,0,0,0,0,0,0,0,,0,0,0,,0,0,0,0,0,,0,0,0,Ad Spend,-0.44,-0.44,5/4/26,,,V375U9QCNGPQ
#5DF69,738a950b-ae81-4d03-b8ae-fd9db795df69,GULA - Valencia Ruzafa,,1b3e6cfe-0c98-5eda-89c6-079015067a1d,5/3/26,3:04 PM,Delivery - Partner Using Uber App,Unknown,iOS,,,,,,,,,,,,,,Non-member,43.82,0,4.38,0,48.2,0,0,0,0,0,-5.27,0,-0.53,0,-5.8,0,0,0,0,,0,0,0,0,0,0,0,0,0,0,0,0,0,0,42.4,https://restaurant.uber.com/manager/payments/invoices/order/51ccd2fd-7bd1-59a7-819e-db023beb5c90?invoiceType=restaurant_to_customer,0,0,0,,-7.63,0,-7.63,-1.6,-9.23,https://restaurant.uber.com/manager/payments/download-invoice?invoiceUUID=46f4ef2b-5857-5ce7-95a8-6579853ad8fc,0,0,0,,0,33.17,5/4/26,Completed,,V375U9QCNGPQ
,738a950b-ae81-4d03-b8ae-fd9db795df69,,,1b3e6cfe-0c98-5eda-89c6-079015067a1d,5/3/26,3:04 PM,Delivery - Partner Using Uber App,,iOS,Pleasure for 2,Pleasure_for_2,,Count,Count,0,0,0,1,1,1,1,31.9,,29.91,0,2.99,0,32.9,0,0,0,0,0,,,,,,,,,,,,,,,,,,,,,,,,,,,,,,,,,,,,,,,,,,,,,,
,738a950b-ae81-4d03-b8ae-fd9db795df69,,,1b3e6cfe-0c98-5eda-89c6-079015067a1d,5/3/26,3:04 PM,Delivery - Partner Using Uber App,,iOS,Tarta de Oreo,TARTA_DE_OREO,,Count,Count,0,0,0,1,1,1,1,5.8,,5.27,0,0.53,0,5.8,0,0,0,0,0,,,,,,,,,,,,,,,,,,,,,,,,,,,,,,,,,,,,,,,,,,,,,,
,738a950b-ae81-4d03-b8ae-fd9db795df69,,,1b3e6cfe-0c98-5eda-89c6-079015067a1d,5/3/26,3:04 PM,Delivery - Partner Using Uber App,,iOS,GOLDEN SLIDER,GOLDEN_SLIDER,,Count,Count,0,0,0,1,1,1,1,9.5,,8.64,0,0.86,0,9.5,0,0,0,0,0,,,,,,,,,,,,,,,,,,,,,,,,,,,,,,,,,,,,,,,,,,,,,,
#D730C,06e0473d-beb3-4a02-a061-d8d8ae0d730c,GULA - Valencia Ruzafa,,1b3e6cfe-0c98-5eda-89c6-079015067a1d,5/3/26,8:14 PM,Delivery - Partner Using Uber App,Unknown,iOS,,,,,,,,,,,,,,Uber One member,61.36,0,6.14,0,67.5,0,0,0,0,0,0,0,0,0,0,0,0,0,0,,0,0,0,0,0,0,0,0,0,0,0,0,0,0,67.5,https://restaurant.uber.com/manager/payments/invoices/order/e29173fd-d7f1-5ba1-bf2e-6f33930081f2?invoiceType=restaurant_to_customer,0,0,0,,-13.16,0,-13.16,-2.76,-15.92,https://restaurant.uber.com/manager/payments/download-invoice?invoiceUUID=46f4ef2b-5857-5ce7-95a8-6579853ad8fc,0,0,0,,0,51.58,5/4/26,Completed,,V375U9QCNGPQ
,06e0473d-beb3-4a02-a061-d8d8ae0d730c,,,1b3e6cfe-0c98-5eda-89c6-079015067a1d,5/3/26,8:14 PM,Delivery - Partner Using Uber App,,iOS,The Trufa Corp,The_Trufa_Corp,,Count,Count,0,0,0,2,2,2,2,14.9,,27.09,0,2.71,0,29.8,0,0,0,0,0,,,,,,,,,,,,,,,,,,,,,,,,,,,,,,,,,,,,,,,,,,,,,,
,06e0473d-beb3-4a02-a061-d8d8ae0d730c,,,1b3e6cfe-0c98-5eda-89c6-079015067a1d,5/3/26,8:14 PM,Delivery - Partner Using Uber App,,iOS,Cheese Bacon,Cheese_Bacon_V,,Count,Count,0,0,0,2,2,2,2,13.9,,25.27,0,2.53,0,27.8,0,0,0,0,0,,,,,,,,,,,,,,,,,,,,,,,,,,,,,,,,,,,,,,,,,,,,,,
,06e0473d-beb3-4a02-a061-d8d8ae0d730c,,,1b3e6cfe-0c98-5eda-89c6-079015067a1d,5/3/26,8:14 PM,Delivery - Partner Using Uber App,,iOS,Fritas Trufadas,Fritas_Trufadas,,Count,Count,0,0,0,1,1,1,1,6.5,,5.91,0,0.59,0,6.5,0,0,0,0,0,,,,,,,,,,,,,,,,,,,,,,,,,,,,,,,,,,,,,,,,,,,,,,
,06e0473d-beb3-4a02-a061-d8d8ae0d730c,,,1b3e6cfe-0c98-5eda-89c6-079015067a1d,5/3/26,8:14 PM,Delivery - Partner Using Uber App,,iOS,Nuestras Fritas,Nuestras_Fritas,,Count,Count,0,0,0,1,1,1,1,3.4,,3.09,0,0.31,0,3.4,0,0,0,0,0,,,,,,,,,,,,,,,,,,,,,,,,,,,,,,,,,,,,,,,,,,,,,,
#45790,9166d9da-0382-4d9d-94ed-64c6d5045790,GULA - Valencia Ruzafa,,1b3e6cfe-0c98-5eda-89c6-079015067a1d,5/3/26,8:24 PM,Delivery - Partner Using Uber App,Unknown,iOS,,,,,,,,,,,,,,Uber One member,19,0,1.9,0,20.9,0,0,0,0,0,0,0,0,0,0,0,0,0,0,,0,0,0,0,0,0,0,0,0,0,0,0,0,0,20.9,https://restaurant.uber.com/manager/payments/invoices/order/66869647-d67e-5b5d-acf8-ca547b11d767?invoiceType=restaurant_to_customer,0,0,0,,-4.08,0,-4.08,-0.86,-4.94,https://restaurant.uber.com/manager/payments/download-invoice?invoiceUUID=46f4ef2b-5857-5ce7-95a8-6579853ad8fc,0,0,0,,0,15.96,5/4/26,Completed,,V375U9QCNGPQ
,9166d9da-0382-4d9d-94ed-64c6d5045790,,,1b3e6cfe-0c98-5eda-89c6-079015067a1d,5/3/26,8:24 PM,Delivery - Partner Using Uber App,,iOS,The Pope' s Burger,The_Pope'_s_Burger,,Count,Count,0,0,0,1,1,1,1,12.9,,11.73,0,1.17,0,12.9,0,0,0,0,0,,,,,,,,,,,,,,,,,,,,,,,,,,,,,,,,,,,,,,,,,,,,,,
,9166d9da-0382-4d9d-94ed-64c6d5045790,,,1b3e6cfe-0c98-5eda-89c6-079015067a1d,5/3/26,8:24 PM,Delivery - Partner Using Uber App,,iOS,Fritas Bacon Queso,Fritas_Bacon_Queso,,Count,Count,0,0,0,1,1,1,1,6.5,,5.91,0,0.59,0,6.5,0,0,0,0,0,,,,,,,,,,,,,,,,,,,,,,,,,,,,,,,,,,,,,,,,,,,,,,
,9166d9da-0382-4d9d-94ed-64c6d5045790,,,1b3e6cfe-0c98-5eda-89c6-079015067a1d,5/3/26,8:24 PM,Delivery - Partner Using Uber App,,iOS,Salsa Chile Chipotle,Salsa_Chile_Chipotle,,Count,Count,0,0,0,1,1,1,1,1.5,,1.36,0,0.14,0,1.5,0,0,0,0,0,,,,,,,,,,,,,,,,,,,,,,,,,,,,,,,,,,,,,,,,,,,,,,
#B1D77,a0958af9-aa41-4536-9360-ca19257b1d77,GULA - Valencia Ruzafa,,1b3e6cfe-0c98-5eda-89c6-079015067a1d,5/3/26,8:28 PM,Delivery - Partner Using Uber App,Unknown,iOS,,,,,,,,,,,,,,Uber One member,34.27,0,3.43,0,37.7,0,0,0,0,0,-5.27,0,-0.53,0,-5.8,0,0,0,0,,0,0,0,0,0,0,0,0,0,0,0,0,0,0,31.9,https://restaurant.uber.com/manager/payments/invoices/order/260d8419-dbd4-5abc-9d60-e41417ae2062?invoiceType=restaurant_to_customer,0,0,0,,-6.22,0,-6.22,-1.31,-7.53,https://restaurant.uber.com/manager/payments/download-invoice?invoiceUUID=46f4ef2b-5857-5ce7-95a8-6579853ad8fc,0,0,0,,0,24.37,5/4/26,Completed,,V375U9QCNGPQ
,a0958af9-aa41-4536-9360-ca19257b1d77,,,1b3e6cfe-0c98-5eda-89c6-079015067a1d,5/3/26,8:28 PM,Delivery - Partner Using Uber App,,iOS,Tarta de Oreo,TARTA_DE_OREO,,Count,Count,0,0,0,1,1,1,1,5.8,,5.27,0,0.53,0,5.8,0,0,0,0,0,,,,,,,,,,,,,,,,,,,,,,,,,,,,,,,,,,,,,,,,,,,,,,
,a0958af9-aa41-4536-9360-ca19257b1d77,,,1b3e6cfe-0c98-5eda-89c6-079015067a1d,5/3/26,8:28 PM,Delivery - Partner Using Uber App,,iOS,Pleasure for 2,Pleasure_for_2,,Count,Count,0,0,0,1,1,1,1,31.9,,29,0,2.9,0,31.9,0,0,0,0,0,,,,,,,,,,,,,,,,,,,,,,,,,,,,,,,,,,,,,,,,,,,,,,
#0E9BD,9024b0f6-c7a0-433f-948f-bbcfdf30e9bd,GULA - Valencia Ruzafa,,1b3e6cfe-0c98-5eda-89c6-079015067a1d,5/3/26,9:02 PM,Delivery - Partner Using Uber App,Unknown,Uber Eats Web,,,,,,,,,,,,,,Uber One member,13.55,0,1.35,0,14.9,0,0,0,0,0,0,0,0,0,0,0,0,0,0,,0,0,0,0,0,0,0,0,0,0,0,0,0,0,14.9,https://restaurant.uber.com/manager/payments/invoices/order/972e2e3c-31bc-5766-9b69-3476933092b0?invoiceType=restaurant_to_customer,0,0,0,,-2.68,0,-2.68,-0.56,-3.24,https://restaurant.uber.com/manager/payments/download-invoice?invoiceUUID=46f4ef2b-5857-5ce7-95a8-6579853ad8fc,0,0,0,,0,11.66,5/4/26,Unfulfilled,,V375U9QCNGPQ
,9024b0f6-c7a0-433f-948f-bbcfdf30e9bd,,,1b3e6cfe-0c98-5eda-89c6-079015067a1d,5/3/26,9:02 PM,Delivery - Partner Using Uber App,,Uber Eats Web,The Trufa Corp,The_Trufa_Corp,,Count,Count,0,0,0,1,1,1,1,14.9,,13.55,0,1.35,0,14.9,0,0,0,0,0,,,,,,,,,,,,,,,,,,,,,,,,,,,,,,,,,,,,,,,,,,,,,,
#E9CA7,4df2f9cc-fd15-4704-97e8-2cc60f2e9ca7,GULA - Valencia Ruzafa,,1b3e6cfe-0c98-5eda-89c6-079015067a1d,5/3/26,9:05 PM,Delivery - Partner Using Uber App,Unknown,Unknown,,,,,,,,,,,,,,Non-member,10.82,0,1.08,0,11.9,0,0,0,0,0,0,0,0,0,0,0,0,0,0,,0,0,0,0,0,0,0,0,0,0,0,0,0,0,11.9,https://restaurant.uber.com/manager/payments/invoices/order/4194cfda-5e9f-5ca0-93f4-2d94cc9b0158?invoiceType=restaurant_to_customer,0,0,0,,-2.14,0,-2.14,-0.45,-2.59,https://restaurant.uber.com/manager/payments/download-invoice?invoiceUUID=46f4ef2b-5857-5ce7-95a8-6579853ad8fc,0,0,0,,0,9.31,5/4/26,Completed,,V375U9QCNGPQ
,4df2f9cc-fd15-4704-97e8-2cc60f2e9ca7,,,1b3e6cfe-0c98-5eda-89c6-079015067a1d,5/3/26,9:05 PM,Delivery - Partner Using Uber App,,Unknown,Gula Cheeseburger,Gula_Cheeseburger,,Count,Count,0,0,0,1,1,1,1,11.9,,10.82,0,1.08,0,11.9,0,0,0,0,0,,,,,,,,,,,,,,,,,,,,,,,,,,,,,,,,,,,,,,,,,,,,,,
#541C2,d851239f-469b-450f-96b6-321f03f541c2,GULA - Valencia Ruzafa,,1b3e6cfe-0c98-5eda-89c6-079015067a1d,5/3/26,8:38 PM,Delivery - Partner Using Uber App,Unknown,iOS,,,,,,,,,,,,,,Uber One member,46.91,0,4.69,0,51.6,0,0,0,0,0,-5.27,0,-0.53,0,-5.8,0,0,0,0,,0,0,0,0,0,0,0,0,0,0,0,0,0,0,45.8,https://restaurant.uber.com/manager/payments/invoices/order/68e4a48a-faf7-5e80-97a4-f75f43870568?invoiceType=restaurant_to_customer,0,0,0,,-8.93,0,-8.93,-1.88,-10.81,https://restaurant.uber.com/manager/payments/download-invoice?invoiceUUID=46f4ef2b-5857-5ce7-95a8-6579853ad8fc,0,0,0,,0,34.99,5/4/26,Completed,,V375U9QCNGPQ
,d851239f-469b-450f-96b6-321f03f541c2,,,1b3e6cfe-0c98-5eda-89c6-079015067a1d,5/3/26,8:38 PM,Delivery - Partner Using Uber App,,iOS,Tarta de Oreo,TARTA_DE_OREO,,Count,Count,0,0,0,1,1,1,1,5.8,,5.27,0,0.53,0,5.8,0,0,0,0,0,,,,,,,,,,,,,,,,,,,,,,,,,,,,,,,,,,,,,,,,,,,,,,
,d851239f-469b-450f-96b6-321f03f541c2,,,1b3e6cfe-0c98-5eda-89c6-079015067a1d,5/3/26,8:38 PM,Delivery - Partner Using Uber App,,iOS,Pleasure for 2,Pleasure_for_2,,Count,Count,0,0,0,1,1,1,1,31.9,,41.64,0,4.16,0,45.8,0,0,0,0,0,,,,,,,,,,,,,,,,,,,,,,,,,,,,,,,,,,,,,,,,,,,,,,
,,GULA - Valencia Ruzafa,,1b3e6cfe-0c98-5eda-89c6-079015067a1d,5/4/26,,,,Unknown,,,,,,,,,,,,,,,0,0,0,0,0,0,0,0,0,0,0,0,0,0,0,0,0,0,0,,0,0,0,0,0,0,0,0,0,0,0,0,0,0,0,,0,0,0,,0,0,0,0,0,,0,0,0,Ad Spend,-1.74,-1.74,5/11/26,,,70IRBGMR74FB
,,GULA - Valencia Ruzafa,,1b3e6cfe-0c98-5eda-89c6-079015067a1d,5/5/26,,,,Unknown,,,,,,,,,,,,,,,0,0,0,0,0,0,0,0,0,0,0,0,0,0,0,0,0,0,0,,0,0,0,0,0,0,0,0,0,0,0,0,0,0,0,,0,0,0,,0,0,0,0,0,,0,0,0,Ad Spend,-2.47,-2.47,5/11/26,,,70IRBGMR74FB
#49F64,0ed90664-7a08-427a-9c6f-765bf0f49f64,GULA - Valencia Ruzafa,,1b3e6cfe-0c98-5eda-89c6-079015067a1d,5/5/26,8:53 PM,Delivery - Partner Using Uber App,Unknown,iOS,,,,,,,,,,,,,,Non-member,17.91,0,1.79,0,19.7,0,0,0,0,0,0,0,0,0,0,0,0,0,0,,0,0,0,0,0,0,0,0,0,0,0,0,0,0,19.7,https://restaurant.uber.com/manager/payments/invoices/order/046570ce-08d8-57b2-9dd1-293744caef9d?invoiceType=restaurant_to_customer,0,0,0,,-3.55,0,-3.55,-0.75,-4.3,,0,0,0,,0,15.4,5/11/26,Completed,,70IRBGMR74FB
,0ed90664-7a08-427a-9c6f-765bf0f49f64,,,1b3e6cfe-0c98-5eda-89c6-079015067a1d,5/5/26,8:53 PM,Delivery - Partner Using Uber App,,iOS,The Pope' s Burger,The_Pope'_s_Burger,,Count,Count,0,0,0,1,1,1,1,12.9,,14.82,0,1.48,0,16.3,0,0,0,0,0,,,,,,,,,,,,,,,,,,,,,,,,,,,,,,,,,,,,,,,,,,,,,,
,0ed90664-7a08-427a-9c6f-765bf0f49f64,,,1b3e6cfe-0c98-5eda-89c6-079015067a1d,5/5/26,8:53 PM,Delivery - Partner Using Uber App,,iOS,Nuestras Fritas,Nuestras_Fritas,,Count,Count,0,0,0,1,1,1,1,3.4,,3.09,0,0.31,0,3.4,0,0,0,0,0,,,,,,,,,,,,,,,,,,,,,,,,,,,,,,,,,,,,,,,,,,,,,,
#56B0E,4cf55989-6404-4c4b-adf6-185422056b0e,GULA - Valencia Ruzafa,,1b3e6cfe-0c98-5eda-89c6-079015067a1d,5/5/26,10:04 PM,Delivery - Partner Using Uber App,Unknown,Android,,,,,,,,,,,,,,Uber One member,12.64,0,1.26,0,13.9,0,0,0,0,0,0,0,0,0,0,0,0,0,0,,0,0,0,0,0,0,0,0,0,0,0,0,0,0,13.9,https://restaurant.uber.com/manager/payments/invoices/order/163b6525-99a9-543b-8e0c-31eac483805a?invoiceType=restaurant_to_customer,0,0,0,,-2.71,0,-2.71,-0.57,-3.28,,0,0,0,,0,10.62,5/11/26,Completed,,70IRBGMR74FB
,4cf55989-6404-4c4b-adf6-185422056b0e,,,1b3e6cfe-0c98-5eda-89c6-079015067a1d,5/5/26,10:04 PM,Delivery - Partner Using Uber App,,Android,BBK,BBK,,Count,Count,0,0,0,1,1,1,1,13.9,,12.64,0,1.26,0,13.9,0,0,0,0,0,,,,,,,,,,,,,,,,,,,,,,,,,,,,,,,,,,,,,,,,,,,,,,
#39898,a570b5ab-d394-4ad1-926a-ab0213739898,GULA - Valencia Ruzafa,,1b3e6cfe-0c98-5eda-89c6-079015067a1d,5/6/26,9:08 PM,Delivery - Partner Using Uber App,Unknown,iOS,,,,,,,,,,,,,,Uber One member,16.64,0,1.66,0,18.3,0,0,0,0,0,0,0,0,0,0,0,0,0,0,,0,0,0,0,0,0,0,0,0,0,0,0,0,0,18.3,https://restaurant.uber.com/manager/payments/invoices/order/08a04b6a-c19f-5eb9-8ff9-72d4d90f2558?invoiceType=restaurant_to_customer,0,0,0,,-3.57,0,-3.57,-0.75,-4.32,,0,0,0,,0,13.98,5/11/26,Completed,,70IRBGMR74FB
,a570b5ab-d394-4ad1-926a-ab0213739898,,,1b3e6cfe-0c98-5eda-89c6-079015067a1d,5/6/26,9:08 PM,Delivery - Partner Using Uber App,,iOS,The Trufa Corp,The_Trufa_Corp,,Count,Count,0,0,0,1,1,1,1,14.9,,13.55,0,1.35,0,14.9,0,0,0,0,0,,,,,,,,,,,,,,,,,,,,,,,,,,,,,,,,,,,,,,,,,,,,,,
,a570b5ab-d394-4ad1-926a-ab0213739898,,,1b3e6cfe-0c98-5eda-89c6-079015067a1d,5/6/26,9:08 PM,Delivery - Partner Using Uber App,,iOS,Nuestras Fritas,Nuestras_Fritas,,Count,Count,0,0,0,1,1,1,1,3.4,,3.09,0,0.31,0,3.4,0,0,0,0,0,,,,,,,,,,,,,,,,,,,,,,,,,,,,,,,,,,,,,,,,,,,,,,
#A2D01,23aa09ce-ae11-4241-a721-9e8e6fca2d01,GULA - Valencia Ruzafa,,1b3e6cfe-0c98-5eda-89c6-079015067a1d,5/6/26,8:48 PM,Delivery - Partner Using Uber App,Unknown,iOS,,,,,,,,,,,,,,Uber One member,28,0,2.8,0,30.8,0,0,0,0,0,0,0,0,0,0,0,0,0,0,,0,0,0,0,0,0,0,0,0,0,0,0,0,0,30.8,https://restaurant.uber.com/manager/payments/invoices/order/f30ee50e-a50b-577e-82b9-47dabd1bb09c?invoiceType=restaurant_to_customer,0,0,0,,-6.01,0,-6.01,-1.26,-7.27,,0,0,0,,0,23.53,5/11/26,Completed,,70IRBGMR74FB
,23aa09ce-ae11-4241-a721-9e8e6fca2d01,,,1b3e6cfe-0c98-5eda-89c6-079015067a1d,5/6/26,8:48 PM,Delivery - Partner Using Uber App,,iOS,The Sinner Combo,The_Sinner_Combo,,Count,Count,0,0,0,1,1,1,1,14.9,,13.55,0,1.35,0,14.9,0,0,0,0,0,,,,,,,,,,,,,,,,,,,,,,,,,,,,,,,,,,,,,,,,,,,,,,
,23aa09ce-ae11-4241-a721-9e8e6fca2d01,,,1b3e6cfe-0c98-5eda-89c6-079015067a1d,5/6/26,8:48 PM,Delivery - Partner Using Uber App,,iOS,The Sinner Combo,The_Sinner_Combo,,Count,Count,0,0,0,1,1,1,1,14.9,,14.45,0,1.45,0,15.9,0,0,0,0,0,,,,,,,,,,,,,,,,,,,,,,,,,,,,,,,,,,,,,,,,,,,,,,
,,GULA - Valencia Ruzafa,,1b3e6cfe-0c98-5eda-89c6-079015067a1d,5/7/26,,,,Unknown,,,,,,,,,,,,,,,0,0,0,0,0,0,0,0,0,0,0,0,0,0,0,0,0,0,0,,0,0,0,0,0,0,0,0,0,0,0,0,0,0,0,,0,0,0,,0,0,0,0,0,,0,0,0,Ad Spend,-1.04,-1.04,5/11/26,,,70IRBGMR74FB
#7D9AD,59f60c85-fc0d-415f-bc84-f4e224a7d9ad,GULA - Valencia Ruzafa,,1b3e6cfe-0c98-5eda-89c6-079015067a1d,5/7/26,8:11 PM,Delivery - Partner Using Uber App,Unknown,iOS,,,,,,,,,,,,,,Non-member,36.09,0,3.61,0,39.7,0,0,0,0,0,-5.27,0,-0.53,0,-5.8,0,0,0,0,,0,0,0,0,0,0,0,0,0,0,0,0,0,0,33.9,https://restaurant.uber.com/manager/payments/invoices/order/442fc912-d998-59c5-9edf-51d0fce01e70?invoiceType=restaurant_to_customer,0,0,0,,-6.1,0,-6.1,-1.28,-7.38,,0,0,0,,0,26.52,5/11/26,Completed,,70IRBGMR74FB
,59f60c85-fc0d-415f-bc84-f4e224a7d9ad,,,1b3e6cfe-0c98-5eda-89c6-079015067a1d,5/7/26,8:11 PM,Delivery - Partner Using Uber App,,iOS,Pleasure for 2,Pleasure_for_2,,Count,Count,0,0,0,1,1,1,1,31.9,,30.82,0,3.08,0,33.9,0,0,0,0,0,,,,,,,,,,,,,,,,,,,,,,,,,,,,,,,,,,,,,,,,,,,,,,
,59f60c85-fc0d-415f-bc84-f4e224a7d9ad,,,1b3e6cfe-0c98-5eda-89c6-079015067a1d,5/7/26,8:11 PM,Delivery - Partner Using Uber App,,iOS,Tarta de Oreo,TARTA_DE_OREO,,Count,Count,0,0,0,1,1,1,1,5.8,,5.27,0,0.53,0,5.8,0,0,0,0,0,,,,,,,,,,,,,,,,,,,,,,,,,,,,,,,,,,,,,,,,,,,,,,
#2269F,e34f48fc-edc6-4d70-9b99-2eb07282269f,GULA - Valencia Ruzafa,,1b3e6cfe-0c98-5eda-89c6-079015067a1d,5/7/26,9:33 PM,Delivery - Partner Using Uber App,Unknown,Android,,,,,,,,,,,,,,Non-member,18.55,0,1.85,0,20.4,0,0,0,0,0,0,0,0,0,0,0,0,0,0,,0,0,0,0,0,0,0,0,0,0,0,0,0,0,20.4,https://restaurant.uber.com/manager/payments/invoices/order/6ddddb72-f01e-58ec-a63d-0e993e7de6f8?invoiceType=restaurant_to_customer,0,0,0,,-3.67,0,-3.67,-0.77,-4.44,,0,0,0,,0,15.96,5/11/26,Completed,,70IRBGMR74FB
,e34f48fc-edc6-4d70-9b99-2eb07282269f,,,1b3e6cfe-0c98-5eda-89c6-079015067a1d,5/7/26,9:33 PM,Delivery - Partner Using Uber App,,Android,Cheese Bacon,Cheese_Bacon_V,,Count,Count,0,0,0,1,1,1,1,13.9,,12.64,0,1.26,0,13.9,0,0,0,0,0,,,,,,,,,,,,,,,,,,,,,,,,,,,,,,,,,,,,,,,,,,,,,,
,e34f48fc-edc6-4d70-9b99-2eb07282269f,,,1b3e6cfe-0c98-5eda-89c6-079015067a1d,5/7/26,9:33 PM,Delivery - Partner Using Uber App,,Android,Fritas Bacon Queso,Fritas_Bacon_Queso,,Count,Count,0,0,0,1,1,1,1,6.5,,5.91,0,0.59,0,6.5,0,0,0,0,0,,,,,,,,,,,,,,,,,,,,,,,,,,,,,,,,,,,,,,,,,,,,,,
#02275,5bb328ef-bd8c-4905-8ccb-a13eb1802275,GULA - Valencia Ruzafa,,1b3e6cfe-0c98-5eda-89c6-079015067a1d,5/7/26,9:37 PM,Delivery - Partner Using Uber App,Unknown,Uber Eats Web,,,,,,,,,,,,,,Uber One member,35.18,0,3.52,0,38.7,0,0,0,0,0,-5.27,0,-0.53,0,-5.8,0,0,0,0,,0,0,0,0,0,0,0,0,0,0,0,0,0,0,32.9,https://restaurant.uber.com/manager/payments/invoices/order/c45a5a0d-90af-5b0c-a5c0-2037e9a88012?invoiceType=restaurant_to_customer,0,0,0,,-6.42,0,-6.42,-1.35,-7.77,,0,0,0,,0,25.13,5/11/26,Completed,,70IRBGMR74FB
,5bb328ef-bd8c-4905-8ccb-a13eb1802275,,,1b3e6cfe-0c98-5eda-89c6-079015067a1d,5/7/26,9:37 PM,Delivery - Partner Using Uber App,,Uber Eats Web,Tarta de Oreo,TARTA_DE_OREO,,Count,Count,0,0,0,1,1,1,1,5.8,,5.27,0,0.53,0,5.8,0,0,0,0,0,,,,,,,,,,,,,,,,,,,,,,,,,,,,,,,,,,,,,,,,,,,,,,
,5bb328ef-bd8c-4905-8ccb-a13eb1802275,,,1b3e6cfe-0c98-5eda-89c6-079015067a1d,5/7/26,9:37 PM,Delivery - Partner Using Uber App,,Uber Eats Web,Pleasure for 2,Pleasure_for_2,,Count,Count,0,0,0,1,1,1,1,31.9,,29.91,0,2.99,0,32.9,0,0,0,0,0,,,,,,,,,,,,,,,,,,,,,,,,,,,,,,,,,,,,,,,,,,,,,,
,,GULA - Valencia Ruzafa,,1b3e6cfe-0c98-5eda-89c6-079015067a1d,5/8/26,,,,Unknown,,,,,,,,,,,,,,,0,0,0,0,0,0,0,0,0,0,0,0,0,0,0,0,0,0,0,,0,0,0,0,0,0,0,0,0,0,0,0,0,0,0,,0,0,0,,0,0,0,0,0,,0,0,0,Ad Spend,-0.46,-0.46,5/11/26,,,70IRBGMR74FB
#600A4,f231f872-52d0-4fd1-b571-602a7ae600a4,GULA - Valencia Ruzafa,,1b3e6cfe-0c98-5eda-89c6-079015067a1d,5/8/26,1:19 PM,Delivery - Partner Using Uber App,Unknown,Unknown,,,,,,,,,,,,,,Uber One member,28.73,0,2.87,0,31.6,0,0,0,0,0,0,0,0,0,0,0,0,0,0,,0,0,0,0,0,0,0,0,0,0,0,0,0,0,31.6,https://restaurant.uber.com/manager/payments/invoices/order/d26474a1-4f80-5f02-a85b-273452626e93?invoiceType=restaurant_to_customer,0,0,0,,-6.16,0,-6.16,-1.29,-7.45,,0,0,0,,0,24.15,5/11/26,Completed,,70IRBGMR74FB
,f231f872-52d0-4fd1-b571-602a7ae600a4,,,1b3e6cfe-0c98-5eda-89c6-079015067a1d,5/8/26,1:19 PM,Delivery - Partner Using Uber App,,Unknown,The Sinner Combo,The_Sinner_Combo,,Count,Count,0,0,0,1,1,1,1,14.9,,13.55,0,1.35,0,14.9,0,0,0,0,0,,,,,,,,,,,,,,,,,,,,,,,,,,,,,,,,,,,,,,,,,,,,,,
,f231f872-52d0-4fd1-b571-602a7ae600a4,,,1b3e6cfe-0c98-5eda-89c6-079015067a1d,5/8/26,1:19 PM,Delivery - Partner Using Uber App,,Unknown,The Sinner Combo,The_Sinner_Combo,,Count,Count,0,0,0,1,1,1,1,14.9,,15.18,0,1.52,0,16.7,0,0,0,0,0,,,,,,,,,,,,,,,,,,,,,,,,,,,,,,,,,,,,,,,,,,,,,,
#FFFC4,deb871a2-4977-4591-983b-94b97b3fffc4,GULA - Valencia Ruzafa,,1b3e6cfe-0c98-5eda-89c6-079015067a1d,5/8/26,2:13 PM,Delivery - Partner Using Uber App,Unknown,iOS,,,,,,,,,,,,,,Uber One member,13.55,0,1.35,0,14.9,0,0,0,0,0,0,0,0,0,0,0,0,0,0,,0,0,0,0,0,0,0,0,0,0,0,0,0,0,14.9,https://restaurant.uber.com/manager/payments/invoices/order/964c9128-1a4c-56c7-b7ea-ff05ecb292e7?invoiceType=restaurant_to_customer,0,0,0,,-2.91,0,-2.91,-0.61,-3.52,,0,0,0,,0,11.38,5/11/26,Completed,,70IRBGMR74FB
,deb871a2-4977-4591-983b-94b97b3fffc4,,,1b3e6cfe-0c98-5eda-89c6-079015067a1d,5/8/26,2:13 PM,Delivery - Partner Using Uber App,,iOS,The Sinner Combo,The_Sinner_Combo,,Count,Count,0,0,0,1,1,1,1,14.9,,13.55,0,1.35,0,14.9,0,0,0,0,0,,,,,,,,,,,,,,,,,,,,,,,,,,,,,,,,,,,,,,,,,,,,,,
#BC122,efb7b874-7e4e-4d44-a7ad-350900dbc122,GULA - Valencia Ruzafa,,1b3e6cfe-0c98-5eda-89c6-079015067a1d,5/8/26,8:47 PM,Delivery - Partner Using Uber App,Unknown,Android,,,,,,,,,,,,,,Uber One member,33,0,3.3,0,36.3,0,0,0,0,0,0,0,0,0,0,0,0,0,0,,0,0,0,0,0,0,0,0,0,0,0,0,0,0,36.3,https://restaurant.uber.com/manager/payments/invoices/order/95346ed5-e9fd-54c4-8b4f-1a7c7877ca68?invoiceType=restaurant_to_customer,0,0,0,,-7.08,0,-7.08,-1.49,-8.57,,0,0,0,,0,27.73,5/11/26,Completed,,70IRBGMR74FB
,efb7b874-7e4e-4d44-a7ad-350900dbc122,,,1b3e6cfe-0c98-5eda-89c6-079015067a1d,5/8/26,8:47 PM,Delivery - Partner Using Uber App,,Android,Pleasure for 2,Pleasure_for_2,,Count,Count,0,0,0,1,1,1,1,31.9,,29.91,0,2.99,0,32.9,0,0,0,0,0,,,,,,,,,,,,,,,,,,,,,,,,,,,,,,,,,,,,,,,,,,,,,,
,efb7b874-7e4e-4d44-a7ad-350900dbc122,,,1b3e6cfe-0c98-5eda-89c6-079015067a1d,5/8/26,8:47 PM,Delivery - Partner Using Uber App,,Android,Nuestras Fritas,Nuestras_Fritas,,Count,Count,0,0,0,1,1,1,1,3.4,,3.09,0,0.31,0,3.4,0,0,0,0,0,,,,,,,,,,,,,,,,,,,,,,,,,,,,,,,,,,,,,,,,,,,,,,
#4B9F1,695ebb11-c1f8-4740-8948-4d286f44b9f1,GULA - Valencia Ruzafa,,1b3e6cfe-0c98-5eda-89c6-079015067a1d,5/8/26,8:34 PM,Delivery - Partner Using Uber App,Unknown,iOS,,,,,,,,,,,,,,Non-member,38.36,0,3.84,0,42.2,0,0,0,0,0,-5.27,0,-0.53,0,-5.8,0,0,0,0,,0,0,0,0,0,0,0,0,0,0,0,0,0,0,36.4,https://restaurant.uber.com/manager/payments/invoices/order/7075839b-3dd5-55fa-aa61-775430756d0e?invoiceType=restaurant_to_customer,0,0,0,,-6.55,0,-6.55,-1.38,-7.93,,0,0,0,,0,28.47,5/11/26,Completed,,70IRBGMR74FB
,695ebb11-c1f8-4740-8948-4d286f44b9f1,,,1b3e6cfe-0c98-5eda-89c6-079015067a1d,5/8/26,8:34 PM,Delivery - Partner Using Uber App,,iOS,Tarta de Oreo,TARTA_DE_OREO,,Count,Count,0,0,0,1,1,1,1,5.8,,5.27,0,0.53,0,5.8,0,0,0,0,0,,,,,,,,,,,,,,,,,,,,,,,,,,,,,,,,,,,,,,,,,,,,,,
,695ebb11-c1f8-4740-8948-4d286f44b9f1,,,1b3e6cfe-0c98-5eda-89c6-079015067a1d,5/8/26,8:34 PM,Delivery - Partner Using Uber App,,iOS,Pleasure for 2,Pleasure_for_2,,Count,Count,0,0,0,1,1,1,1,31.9,,33.09,0,3.31,0,36.4,0,0,0,0,0,,,,,,,,,,,,,,,,,,,,,,,,,,,,,,,,,,,,,,,,,,,,,,
#F4C4E,4e4f3a06-18da-4be0-ac72-a137ab3f4c4e,GULA - Valencia Ruzafa,,1b3e6cfe-0c98-5eda-89c6-079015067a1d,5/9/26,12:26 AM,Delivery - Partner Using Uber App,Unknown,Android,,,,,,,,,,,,,,Uber One member,15.82,0,1.58,0,17.4,0,0,0,0,0,0,0,0,0,0,0,0,0,0,,0,0,0,0,0,0,0,0,0,0,0,0,0,0,17.4,https://restaurant.uber.com/manager/payments/invoices/order/fd293802-d51d-59d5-807b-900734dc575b?invoiceType=restaurant_to_customer,0,0,0,,-3.39,0,-3.39,-0.71,-4.1,,0,0,0,,0,13.3,5/11/26,Completed,,70IRBGMR74FB
,4e4f3a06-18da-4be0-ac72-a137ab3f4c4e,,,1b3e6cfe-0c98-5eda-89c6-079015067a1d,5/9/26,12:26 AM,Delivery - Partner Using Uber App,,Android,Tarta de Oreo,TARTA_DE_OREO,,Count,Count,0,0,0,1,1,1,1,5.8,,5.27,0,0.53,0,5.8,0,0,0,0,0,,,,,,,,,,,,,,,,,,,,,,,,,,,,,,,,,,,,,,,,,,,,,,
,4e4f3a06-18da-4be0-ac72-a137ab3f4c4e,,,1b3e6cfe-0c98-5eda-89c6-079015067a1d,5/9/26,12:26 AM,Delivery - Partner Using Uber App,,Android,Cheesecake de Fresa,Cheesecake_de_Fresa,,Count,Count,0,0,0,1,1,1,1,5.8,,5.27,0,0.53,0,5.8,0,0,0,0,0,,,,,,,,,,,,,,,,,,,,,,,,,,,,,,,,,,,,,,,,,,,,,,
,4e4f3a06-18da-4be0-ac72-a137ab3f4c4e,,,1b3e6cfe-0c98-5eda-89c6-079015067a1d,5/9/26,12:26 AM,Delivery - Partner Using Uber App,,Android,Brownie,Brownie,,Count,Count,0,0,0,1,1,1,1,5.8,,5.28,0,0.52,0,5.8,0,0,0,0,0,,,,,,,,,,,,,,,,,,,,,,,,,,,,,,,,,,,,,,,,,,,,,,
,,GULA - Valencia Ruzafa,,1b3e6cfe-0c98-5eda-89c6-079015067a1d,5/9/26,,,,Unknown,,,,,,,,,,,,,,,0,0,0,0,0,0,0,0,0,0,0,0,0,0,0,0,0,0,0,,0,0,0,0,0,0,0,0,0,0,0,0,0,0,0,,0,0,0,,0,0,0,0,0,,0,0,0,Ad Spend,-1.16,-1.16,5/11/26,,,70IRBGMR74FB
#EB255,65639490-64ad-4c60-b314-bf85cd6eb255,GULA - Valencia Ruzafa,,1b3e6cfe-0c98-5eda-89c6-079015067a1d,5/9/26,1:17 PM,Pickup,Unknown,iOS,,,,,,,,,,,,,,Non-member,3.09,0,0.31,0,3.4,0,0,0,0,0,0,0,0,0,0,0,0,0,0,,0,0,0,0,0,0,0,0,0,0,0,0,0,0,3.4,https://restaurant.uber.com/manager/payments/invoices/order/75543f45-e658-5e59-ad71-8e185ff91a57?invoiceType=restaurant_to_customer,0,0,0,,-0.51,0,-0.51,-0.11,-0.62,,0,0,0,,0,2.78,5/11/26,Completed,,70IRBGMR74FB
,65639490-64ad-4c60-b314-bf85cd6eb255,,,1b3e6cfe-0c98-5eda-89c6-079015067a1d,5/9/26,1:17 PM,Pickup,,iOS,Nuestras Fritas,Nuestras_Fritas,,Count,Count,0,0,0,1,1,1,1,3.4,,3.09,0,0.31,0,3.4,0,0,0,0,0,,,,,,,,,,,,,,,,,,,,,,,,,,,,,,,,,,,,,,,,,,,,,,
#14F76,bff533b6-5bba-4ed8-ae8c-a5053eb14f76,GULA - Valencia Ruzafa,,1b3e6cfe-0c98-5eda-89c6-079015067a1d,5/9/26,12:57 PM,Delivery - Partner Using Uber App,Unknown,iOS,,,,,,,,,,,,,,Uber One member,14.45,0,1.45,0,15.9,0,0,0,0,0,0,0,0,0,0,0,0,0,0,,0,0,0,0,0,0,0,0,0,0,0,0,0,0,15.9,https://restaurant.uber.com/manager/payments/invoices/order/0f8f1bb2-358c-5a88-bdc1-dd3299fac7f9?invoiceType=restaurant_to_customer,0,0,0,,-3.1,0,-3.1,-0.65,-3.75,,0,0,0,,0,12.15,5/11/26,Completed,,70IRBGMR74FB
,bff533b6-5bba-4ed8-ae8c-a5053eb14f76,,,1b3e6cfe-0c98-5eda-89c6-079015067a1d,5/9/26,12:57 PM,Delivery - Partner Using Uber App,,iOS,The Sinner Combo,The_Sinner_Combo,,Count,Count,0,0,0,1,1,1,1,14.9,,14.45,0,1.45,0,15.9,0,0,0,0,0,,,,,,,,,,,,,,,,,,,,,,,,,,,,,,,,,,,,,,,,,,,,,,
#3D371,5a7f95d0-b4d6-4781-a65b-be959343d371,GULA - Valencia Ruzafa,,1b3e6cfe-0c98-5eda-89c6-079015067a1d,5/9/26,8:19 PM,Delivery - Partner Using Uber App,Unknown,Unknown,,,,,,,,,,,,,,Uber One member,35.18,0,3.52,0,38.7,0,0,0,0,0,-5.27,0,-0.53,0,-5.8,0,0,0,0,,0,0,0,0,0,0,0,0,0,0,0,0,0,0,32.9,https://restaurant.uber.com/manager/payments/invoices/order/a2be2e98-f90d-5cf9-a4f3-d68fbdb55989?invoiceType=restaurant_to_customer,0,0,0,,-6.42,0,-6.42,-1.35,-7.77,,0,0,0,,0,25.13,5/11/26,Completed,,70IRBGMR74FB
,5a7f95d0-b4d6-4781-a65b-be959343d371,,,1b3e6cfe-0c98-5eda-89c6-079015067a1d,5/9/26,8:19 PM,Delivery - Partner Using Uber App,,Unknown,Pleasure for 2,Pleasure_for_2,,Count,Count,0,0,0,1,1,1,1,31.9,,29.91,0,2.99,0,32.9,0,0,0,0,0,,,,,,,,,,,,,,,,,,,,,,,,,,,,,,,,,,,,,,,,,,,,,,
,5a7f95d0-b4d6-4781-a65b-be959343d371,,,1b3e6cfe-0c98-5eda-89c6-079015067a1d,5/9/26,8:19 PM,Delivery - Partner Using Uber App,,Unknown,Tarta de Oreo,TARTA_DE_OREO,,Count,Count,0,0,0,1,1,1,1,5.8,,5.27,0,0.53,0,5.8,0,0,0,0,0,,,,,,,,,,,,,,,,,,,,,,,,,,,,,,,,,,,,,,,,,,,,,,
#340B3,40f9ec91-1101-4c6a-9f1c-7562fd3340b3,GULA - Valencia Ruzafa,,1b3e6cfe-0c98-5eda-89c6-079015067a1d,5/9/26,9:19 PM,Pickup,Unknown,Unknown,,,,,,,,,,,,,,Non-member,37.27,0,3.73,0,41,0,0,0,0,0,-5.27,0,-0.53,0,-5.8,0,0,0,0,,0,0,0,0,0,0,0,0,0,0,0,0,0,0,35.2,https://restaurant.uber.com/manager/payments/invoices/order/c1209ccc-481d-5c4f-b8c4-7442a6762dcb?invoiceType=restaurant_to_customer,0,0,0,,-5.28,0,-5.28,-1.11,-6.39,,0,0,0,,0,28.81,5/11/26,Completed,,70IRBGMR74FB
,40f9ec91-1101-4c6a-9f1c-7562fd3340b3,,,1b3e6cfe-0c98-5eda-89c6-079015067a1d,5/9/26,9:19 PM,Pickup,,Unknown,Salsa Chile Chipotle,Salsa_Chile_Chipotle,,Count,Count,0,0,0,1,1,1,1,1.5,,1.36,0,0.14,0,1.5,0,0,0,0,0,,,,,,,,,,,,,,,,,,,,,,,,,,,,,,,,,,,,,,,,,,,,,,
,40f9ec91-1101-4c6a-9f1c-7562fd3340b3,,,1b3e6cfe-0c98-5eda-89c6-079015067a1d,5/9/26,9:19 PM,Pickup,,Unknown,Pleasure for 2,Pleasure_for_2,,Count,Count,0,0,0,1,1,1,1,31.9,,30.64,0,3.06,0,33.7,0,0,0,0,0,,,,,,,,,,,,,,,,,,,,,,,,,,,,,,,,,,,,,,,,,,,,,,
,40f9ec91-1101-4c6a-9f1c-7562fd3340b3,,,1b3e6cfe-0c98-5eda-89c6-079015067a1d,5/9/26,9:19 PM,Pickup,,Unknown,Tarta de Oreo,TARTA_DE_OREO,,Count,Count,0,0,0,1,1,1,1,5.8,,5.27,0,0.53,0,5.8,0,0,0,0,0,,,,,,,,,,,,,,,,,,,,,,,,,,,,,,,,,,,,,,,,,,,,,,
#0174A,430aa538-02b5-4d16-8f4d-346318b0174a,GULA - Valencia Ruzafa,,1b3e6cfe-0c98-5eda-89c6-079015067a1d,5/9/26,9:00 PM,Delivery - Partner Using Uber App,Unknown,Uber Eats Web,,,,,,,,,,,,,,Non-member,24.73,0,2.47,0,27.2,0,0,0,0,0,0,0,0,0,0,0,0,0,0,,0,0,0,0,0,0,0,0,0,0,0,0,0,0,27.2,https://restaurant.uber.com/manager/payments/invoices/order/006723b2-47b5-5e08-aa86-fc09d1bba567?invoiceType=restaurant_to_customer,0,0,0,,-4.9,0,-4.9,-1.03,-5.93,,0,0,0,,0,21.27,5/11/26,Completed,,70IRBGMR74FB
,430aa538-02b5-4d16-8f4d-346318b0174a,,,1b3e6cfe-0c98-5eda-89c6-079015067a1d,5/9/26,9:00 PM,Delivery - Partner Using Uber App,,Uber Eats Web,Nuestras Fritas,Nuestras_Fritas,,Count,Count,0,0,0,1,1,1,1,3.4,,3.09,0,0.31,0,3.4,0,0,0,0,0,,,,,,,,,,,,,,,,,,,,,,,,,,,,,,,,,,,,,,,,,,,,,,
,430aa538-02b5-4d16-8f4d-346318b0174a,,,1b3e6cfe-0c98-5eda-89c6-079015067a1d,5/9/26,9:00 PM,Delivery - Partner Using Uber App,,Uber Eats Web,Cheese Bacon,Cheese_Bacon_V,,Count,Count,0,0,0,1,1,1,1,13.9,,12.64,0,1.26,0,13.9,0,0,0,0,0,,,,,,,,,,,,,,,,,,,,,,,,,,,,,,,,,,,,,,,,,,,,,,
,430aa538-02b5-4d16-8f4d-346318b0174a,,,1b3e6cfe-0c98-5eda-89c6-079015067a1d,5/9/26,9:00 PM,Delivery - Partner Using Uber App,,Uber Eats Web,Pollo frito al estilo GULA,Pollo_frito_al_estil,,Count,Count,0,0,0,1,1,1,1,9.9,,9,0,0.9,0,9.9,0,0,0,0,0,,,,,,,,,,,,,,,,,,,,,,,,,,,,,,,,,,,,,,,,,,,,,,
#1C4AB,c452b243-110a-4859-bbb4-198753c1c4ab,GULA - Valencia Ruzafa,,1b3e6cfe-0c98-5eda-89c6-079015067a1d,5/9/26,9:17 PM,Delivery - Partner Using Uber App,Unknown,Android,,,,,,,,,,,,,,Non-member,36.09,0,3.61,0,39.7,0,0,0,0,0,-5.27,0,-0.53,0,-5.8,0,0,0,0,,0,0,0,0,0,0,0,0,0,0,0,0,0,0,33.9,https://restaurant.uber.com/manager/payments/invoices/order/c6659070-1399-5218-a770-46948fb08431?invoiceType=restaurant_to_customer,0,0,0,,-6.1,0,-6.1,-1.28,-7.38,,0,0,0,,0,26.52,5/11/26,Completed,,70IRBGMR74FB
,c452b243-110a-4859-bbb4-198753c1c4ab,,,1b3e6cfe-0c98-5eda-89c6-079015067a1d,5/9/26,9:17 PM,Delivery - Partner Using Uber App,,Android,Pleasure for 2,Pleasure_for_2,,Count,Count,0,0,0,1,1,1,1,31.9,,30.82,0,3.08,0,33.9,0,0,0,0,0,,,,,,,,,,,,,,,,,,,,,,,,,,,,,,,,,,,,,,,,,,,,,,
,c452b243-110a-4859-bbb4-198753c1c4ab,,,1b3e6cfe-0c98-5eda-89c6-079015067a1d,5/9/26,9:17 PM,Delivery - Partner Using Uber App,,Android,Tarta de Oreo,TARTA_DE_OREO,,Count,Count,0,0,0,1,1,1,1,5.8,,5.27,0,0.53,0,5.8,0,0,0,0,0,,,,,,,,,,,,,,,,,,,,,,,,,,,,,,,,,,,,,,,,,,,,,,
#5D78A,001a73c3-febc-4eec-a2c0-ec9be3f5d78a,GULA - Valencia Ruzafa,,1b3e6cfe-0c98-5eda-89c6-079015067a1d,5/9/26,9:27 PM,Delivery - Partner Using Uber App,Unknown,iOS,,,,,,,,,,,,,,Uber One member,68.64,0,6.86,0,75.5,0,0,0,0,0,0,0,0,0,0,0,0,0,0,,0,0,0,0,0,0,0,0,0,0,0,0,0,0,75.5,https://restaurant.uber.com/manager/payments/invoices/order/8a42460c-bc1a-549c-b8c5-72dc04c8bd57?invoiceType=restaurant_to_customer,0,0,0,,-14.72,0,-14.72,-3.09,-17.81,,0,0,0,,0,57.69,5/11/26,Completed,,70IRBGMR74FB
,001a73c3-febc-4eec-a2c0-ec9be3f5d78a,,,1b3e6cfe-0c98-5eda-89c6-079015067a1d,5/9/26,9:27 PM,Delivery - Partner Using Uber App,,iOS,The Sinner Combo,The_Sinner_Combo,,Count,Count,0,0,0,2,2,2,2,14.9,,30.74,0,3.06,0,33.8,0,0,0,0,0,,,,,,,,,,,,,,,,,,,,,,,,,,,,,,,,,,,,,,,,,,,,,,
,001a73c3-febc-4eec-a2c0-ec9be3f5d78a,,,1b3e6cfe-0c98-5eda-89c6-079015067a1d,5/9/26,9:27 PM,Delivery - Partner Using Uber App,,iOS,The Sinner Combo,The_Sinner_Combo,,Count,Count,0,0,0,1,1,1,1,14.9,,14.45,0,1.45,0,15.9,0,0,0,0,0,,,,,,,,,,,,,,,,,,,,,,,,,,,,,,,,,,,,,,,,,,,,,,
,001a73c3-febc-4eec-a2c0-ec9be3f5d78a,,,1b3e6cfe-0c98-5eda-89c6-079015067a1d,5/9/26,9:27 PM,Delivery - Partner Using Uber App,,iOS,Pollo frito al estilo GULA,Pollo_frito_al_estil,,Count,Count,0,0,0,1,1,1,1,9.9,,9,0,0.9,0,9.9,0,0,0,0,0,,,,,,,,,,,,,,,,,,,,,,,,,,,,,,,,,,,,,,,,,,,,,,
,001a73c3-febc-4eec-a2c0-ec9be3f5d78a,,,1b3e6cfe-0c98-5eda-89c6-079015067a1d,5/9/26,9:27 PM,Delivery - Partner Using Uber App,,iOS,The Sinner Combo,The_Sinner_Combo,,Count,Count,0,0,0,1,1,1,1,14.9,,14.45,0,1.45,0,15.9,0,0,0,0,0,,,,,,,,,,,,,,,,,,,,,,,,,,,,,,,,,,,,,,,,,,,,,,
#783CA,935d0249-cb17-4da6-8016-01c3e2b783ca,GULA - Valencia Ruzafa,,1b3e6cfe-0c98-5eda-89c6-079015067a1d,5/9/26,9:38 PM,Delivery - Partner Using Uber App,Unknown,iOS,,,,,,,,,,,,,,Uber One member,19.18,0,1.92,0,21.1,0,0,0,0,0,0,0,0,0,0,0,0,0,0,,0,0,0,0,0,0,0,0,0,0,0,0,0,0,21.1,https://restaurant.uber.com/manager/payments/invoices/order/2ea31427-2d6f-5a8b-a219-fc0e47fad79a?invoiceType=restaurant_to_customer,0,0,0,,-4.11,0,-4.11,-0.86,-4.97,,0,0,0,,0,16.13,5/11/26,Completed,,70IRBGMR74FB
,935d0249-cb17-4da6-8016-01c3e2b783ca,,,1b3e6cfe-0c98-5eda-89c6-079015067a1d,5/9/26,9:38 PM,Delivery - Partner Using Uber App,,iOS,The Sinner Combo,The_Sinner_Combo,,Count,Count,0,0,0,1,1,1,1,14.9,,14.45,0,1.45,0,15.9,0,0,0,0,0,,,,,,,,,,,,,,,,,,,,,,,,,,,,,,,,,,,,,,,,,,,,,,
,935d0249-cb17-4da6-8016-01c3e2b783ca,,,1b3e6cfe-0c98-5eda-89c6-079015067a1d,5/9/26,9:38 PM,Delivery - Partner Using Uber App,,iOS,Nuestras Fritas,Nuestras_Fritas,,Count,Count,0,0,0,1,1,1,1,3.4,,3.09,0,0.31,0,3.4,0,0,0,0,0,,,,,,,,,,,,,,,,,,,,,,,,,,,,,,,,,,,,,,,,,,,,,,
,935d0249-cb17-4da6-8016-01c3e2b783ca,,,1b3e6cfe-0c98-5eda-89c6-079015067a1d,5/9/26,9:38 PM,Delivery - Partner Using Uber App,,iOS,Salsa GULA,Salsa_GULA,,Count,Count,0,0,0,1,1,1,1,1.8,,1.64,0,0.16,0,1.8,0,0,0,0,0,,,,,,,,,,,,,,,,,,,,,,,,,,,,,,,,,,,,,,,,,,,,,,
#3A2F1,f6838882-fb5d-4b0b-97de-b2cb88d3a2f1,GULA - Valencia Ruzafa,,1b3e6cfe-0c98-5eda-89c6-079015067a1d,5/9/26,9:51 PM,Delivery - Partner Using Uber App,Unknown,iOS,,,,,,,,,,,,,,Non-member,16.73,0,1.67,0,18.4,0,0,0,0,0,0,0,0,0,0,0,0,0,0,,0,0,0,0,0,0,0,0,0,0,0,0,0,0,18.4,https://restaurant.uber.com/manager/payments/invoices/order/d5e8c3ff-c817-5bc7-801c-ffc742c0b458?invoiceType=restaurant_to_customer,0,0,0,,-3.31,0,-3.31,-0.7,-4.01,,0,0,0,,0,14.39,5/11/26,Completed,,70IRBGMR74FB
,f6838882-fb5d-4b0b-97de-b2cb88d3a2f1,,,1b3e6cfe-0c98-5eda-89c6-079015067a1d,5/9/26,9:51 PM,Delivery - Partner Using Uber App,,iOS,Gula Cheeseburger,Gula_Cheeseburger,,Count,Count,0,0,0,1,1,1,1,11.9,,10.82,0,1.08,0,11.9,0,0,0,0,0,,,,,,,,,,,,,,,,,,,,,,,,,,,,,,,,,,,,,,,,,,,,,,
,f6838882-fb5d-4b0b-97de-b2cb88d3a2f1,,,1b3e6cfe-0c98-5eda-89c6-079015067a1d,5/9/26,9:51 PM,Delivery - Partner Using Uber App,,iOS,Fritas Trufadas,Fritas_Trufadas,,Count,Count,0,0,0,1,1,1,1,6.5,,5.91,0,0.59,0,6.5,0,0,0,0,0,,,,,,,,,,,,,,,,,,,,,,,,,,,,,,,,,,,,,,,,,,,,,,
#00820,f087c33f-afd6-4011-ba98-79a616f00820,GULA - Valencia Ruzafa,,1b3e6cfe-0c98-5eda-89c6-079015067a1d,5/9/26,11:39 PM,Delivery - Partner Using Uber App,Unknown,iOS,,,,,,,,,,,,,,Non-member,13.91,0,1.39,0,15.3,0,0,0,0,0,0,0,0,0,0,0,0,0,0,,0,0,0,0,0,0,0,0,0,0,0,0,0,0,15.3,https://restaurant.uber.com/manager/payments/invoices/order/9465b25d-2bf2-51eb-bed6-e95668d80f7e?invoiceType=restaurant_to_customer,0,0,0,,-2.75,0,-2.75,-0.58,-3.33,,0,0,0,,0,11.97,5/11/26,Completed,,70IRBGMR74FB
,f087c33f-afd6-4011-ba98-79a616f00820,,,1b3e6cfe-0c98-5eda-89c6-079015067a1d,5/9/26,11:39 PM,Delivery - Partner Using Uber App,,iOS,Gula Cheeseburger,Gula_Cheeseburger,,Count,Count,0,0,0,1,1,1,1,11.9,,10.82,0,1.08,0,11.9,0,0,0,0,0,,,,,,,,,,,,,,,,,,,,,,,,,,,,,,,,,,,,,,,,,,,,,,
,f087c33f-afd6-4011-ba98-79a616f00820,,,1b3e6cfe-0c98-5eda-89c6-079015067a1d,5/9/26,11:39 PM,Delivery - Partner Using Uber App,,iOS,Nuestras Fritas,Nuestras_Fritas,,Count,Count,0,0,0,1,1,1,1,3.4,,3.09,0,0.31,0,3.4,0,0,0,0,0,,,,,,,,,,,,,,,,,,,,,,,,,,,,,,,,,,,,,,,,,,,,,,
#E0309,a708a95a-5f66-4c9c-b241-65b0e8be0309,GULA - Valencia Ruzafa,,1b3e6cfe-0c98-5eda-89c6-079015067a1d,5/9/26,11:53 PM,Delivery - Partner Using Uber App,Unknown,iOS,,,,,,,,,,,,,,Non-member,30.55,0,3.05,0,33.6,0,0,0,0,0,0,0,0,0,0,0,0,0,0,,0,0,0,0,0,0,0,0,0,0,0,0,0,0,33.6,https://restaurant.uber.com/manager/payments/invoices/order/6194f615-4e78-5aa8-8069-c2167fcccce4?invoiceType=restaurant_to_customer,0,0,0,,-6.05,0,-6.05,-1.27,-7.32,,0,0,0,,0,26.28,5/11/26,Completed,,70IRBGMR74FB
,a708a95a-5f66-4c9c-b241-65b0e8be0309,,,1b3e6cfe-0c98-5eda-89c6-079015067a1d,5/9/26,11:53 PM,Delivery - Partner Using Uber App,,iOS,The Sinner Combo,The_Sinner_Combo,,Count,Count,0,0,0,1,1,1,1,14.9,,14.45,0,1.45,0,15.9,0,0,0,0,0,,,,,,,,,,,,,,,,,,,,,,,,,,,,,,,,,,,,,,,,,,,,,,
,a708a95a-5f66-4c9c-b241-65b0e8be0309,,,1b3e6cfe-0c98-5eda-89c6-079015067a1d,5/9/26,11:53 PM,Delivery - Partner Using Uber App,,iOS,The Sinner Combo,The_Sinner_Combo,,Count,Count,0,0,0,1,1,1,1,14.9,,14.46,0,1.44,0,15.9,0,0,0,0,0,,,,,,,,,,,,,,,,,,,,,,,,,,,,,,,,,,,,,,,,,,,,,,
,a708a95a-5f66-4c9c-b241-65b0e8be0309,,,1b3e6cfe-0c98-5eda-89c6-079015067a1d,5/9/26,11:53 PM,Delivery - Partner Using Uber App,,iOS,Salsa Bacon,Salsa_Bacon_V,,Count,Count,0,0,0,1,1,1,1,1.8,,1.64,0,0.16,0,1.8,0,0,0,0,0,,,,,,,,,,,,,,,,,,,,,,,,,,,,,,,,,,,,,,,,,,,,,,
#F35FF,9c1504de-6f6e-4cd6-b1db-f081f2bf35ff,GULA - Valencia Ruzafa,,1b3e6cfe-0c98-5eda-89c6-079015067a1d,5/9/26,11:56 PM,Delivery - Partner Using Uber App,Unknown,Android,,,,,,,,,,,,,,Uber One member,37,0,3.7,0,40.7,0,0,0,0,0,-5.27,0,-0.53,0,-5.8,0,0,0,0,,0,0,0,0,0,0,0,0,0,0,0,0,0,0,34.9,https://restaurant.uber.com/manager/payments/invoices/order/55190491-52cc-5fcf-a4ad-5389479881b1?invoiceType=restaurant_to_customer,0,0,0,,-6.81,0,-6.81,-1.43,-8.24,,0,0,0,,0,26.66,5/11/26,Completed,,70IRBGMR74FB
,9c1504de-6f6e-4cd6-b1db-f081f2bf35ff,,,1b3e6cfe-0c98-5eda-89c6-079015067a1d,5/9/26,11:56 PM,Delivery - Partner Using Uber App,,Android,Pleasure for 2,Pleasure_for_2,,Count,Count,0,0,0,1,1,1,1,31.9,,31.73,0,3.17,0,34.9,0,0,0,0,0,,,,,,,,,,,,,,,,,,,,,,,,,,,,,,,,,,,,,,,,,,,,,,
,9c1504de-6f6e-4cd6-b1db-f081f2bf35ff,,,1b3e6cfe-0c98-5eda-89c6-079015067a1d,5/9/26,11:56 PM,Delivery - Partner Using Uber App,,Android,Tarta de Oreo,TARTA_DE_OREO,,Count,Count,0,0,0,1,1,1,1,5.8,,5.27,0,0.53,0,5.8,0,0,0,0,0,,,,,,,,,,,,,,,,,,,,,,,,,,,,,,,,,,,,,,,,,,,,,,
,,GULA - Valencia Ruzafa,,1b3e6cfe-0c98-5eda-89c6-079015067a1d,5/10/26,,,,Unknown,,,,,,,,,,,,,,,0,0,0,0,0,0,0,0,0,0,0,0,0,0,0,0,0,0,0,,0,0,0,0,0,0,0,0,0,0,0,0,0,0,0,,0,0,0,,0,0,0,0,0,,0,0,0,Ad Spend,-1.25,-1.25,5/11/26,,,70IRBGMR74FB
#513BA,a3d5c1c2-3054-472b-9450-e28ae77513ba,GULA - Valencia Ruzafa,,1b3e6cfe-0c98-5eda-89c6-079015067a1d,5/10/26,2:17 PM,Delivery - Partner Using Uber App,Unknown,iOS,,,,,,,,,,,,,,Uber One member,13.55,0,1.35,0,14.9,0,0,0,0,0,0,0,0,0,0,0,0,0,0,,0,0,0,0,0,0,0,0,0,0,0,0,0,0,14.9,https://restaurant.uber.com/manager/payments/invoices/order/3ad679ad-688d-560b-aca4-ab93518be550?invoiceType=restaurant_to_customer,0,0,0,,-2.91,0,-2.91,-0.61,-3.52,,0,0,0,,0,11.38,5/11/26,Completed,,70IRBGMR74FB
,a3d5c1c2-3054-472b-9450-e28ae77513ba,,,1b3e6cfe-0c98-5eda-89c6-079015067a1d,5/10/26,2:17 PM,Delivery - Partner Using Uber App,,iOS,The Sinner Combo,The_Sinner_Combo,,Count,Count,0,0,0,1,1,1,1,14.9,,13.55,0,1.35,0,14.9,0,0,0,0,0,,,,,,,,,,,,,,,,,,,,,,,,,,,,,,,,,,,,,,,,,,,,,,
#D8753,413a9813-f094-499a-b0c6-ada221fd8753,GULA - Valencia Ruzafa,,1b3e6cfe-0c98-5eda-89c6-079015067a1d,5/10/26,10:50 PM,Delivery - Partner Using Uber App,Unknown,iOS,,,,,,,,,,,,,,Uber One member,21,0,2.1,0,23.1,0,0,0,0,0,0,0,0,0,0,0,0,0,0,,0,0,0,0,0,0,0,0,0,0,0,0,0,0,23.1,https://restaurant.uber.com/manager/payments/invoices/order/59292c32-ffab-5f73-85ef-870b3790815d?invoiceType=restaurant_to_customer,0,0,0,,-4.5,0,-4.5,-0.95,-5.45,,0,0,0,,0,17.65,5/11/26,Completed,,70IRBGMR74FB
,413a9813-f094-499a-b0c6-ada221fd8753,,,1b3e6cfe-0c98-5eda-89c6-079015067a1d,5/10/26,10:50 PM,Delivery - Partner Using Uber App,,iOS,The Sinner,The_Sinner,,Count,Count,0,0,0,1,1,1,1,13.9,,15.73,0,1.57,0,17.3,0,0,0,0,0,,,,,,,,,,,,,,,,,,,,,,,,,,,,,,,,,,,,,,,,,,,,,,
,413a9813-f094-499a-b0c6-ada221fd8753,,,1b3e6cfe-0c98-5eda-89c6-079015067a1d,5/10/26,10:50 PM,Delivery - Partner Using Uber App,,iOS,Brownie,Brownie,,Count,Count,0,0,0,1,1,1,1,5.8,,5.27,0,0.53,0,5.8,0,0,0,0,0,,,,,,,,,,,,,,,,,,,,,,,,,,,,,,,,,,,,,,,,,,,,,,
#F0D25,e32c217b-52a9-4160-9017-1a73fa9f0d25,GULA - Valencia Ruzafa,,1b3e6cfe-0c98-5eda-89c6-079015067a1d,5/10/26,10:41 PM,Delivery - Partner Using Uber App,Unknown,Android,,,,,,,,,,,,,,Uber One member,36.09,0,3.61,0,39.7,0,0,0,0,0,-5.27,0,-0.53,0,-5.8,0,0,0,0,,0,0,0,0,0,0,0,0,0,0,0,0,0,0,33.9,https://restaurant.uber.com/manager/payments/invoices/order/d7e97a2b-3a33-5d0a-bcc7-d0d4c5b9ab6e?invoiceType=restaurant_to_customer,0,0,0,,-6.61,0,-6.61,-1.39,-8,,0,0,0,,0,25.9,5/11/26,Completed,,70IRBGMR74FB
,e32c217b-52a9-4160-9017-1a73fa9f0d25,,,1b3e6cfe-0c98-5eda-89c6-079015067a1d,5/10/26,10:41 PM,Delivery - Partner Using Uber App,,Android,Pleasure for 2,Pleasure_for_2,,Count,Count,0,0,0,1,1,1,1,31.9,,30.82,0,3.08,0,33.9,0,0,0,0,0,,,,,,,,,,,,,,,,,,,,,,,,,,,,,,,,,,,,,,,,,,,,,,
,e32c217b-52a9-4160-9017-1a73fa9f0d25,,,1b3e6cfe-0c98-5eda-89c6-079015067a1d,5/10/26,10:41 PM,Delivery - Partner Using Uber App,,Android,Tarta de Oreo,TARTA_DE_OREO,,Count,Count,0,0,0,1,1,1,1,5.8,,5.27,0,0.53,0,5.8,0,0,0,0,0,,,,,,,,,,,,,,,,,,,,,,,,,,,,,,,,,,,,,,,,,,,,,,
,,GULA - Valencia Ruzafa,,1b3e6cfe-0c98-5eda-89c6-079015067a1d,5/11/26,,,,Unknown,,,,,,,,,,,,,,,0,0,0,0,0,0,0,0,0,0,0,0,0,0,0,0,0,0,0,,0,0,0,0,0,0,0,0,0,0,0,0,0,0,0,,0,0,0,,0,0,0,0,0,,0,0,0,Ad Spend,-1.5,-1.5,,,,
