Restaurant name,Order ID,Store ID,Delivery Type,Payment type,Payment method,Is Pro Order,Restaurant Address,Order status,Order received at,Has Complaint?,Complaint Reason,Cancelled at,Cancellation reason,Cancellation owner,Subtotal,Service fee,Packaging charges,Minimum order value fee,Vendor Refunds,Customer Fee Total,Tax Charge,Online Payment Fee,Discount Funded by you,Voucher Funded by you,Commission,Operational Charges,Ads Fee,Wait time fee,Marketing Fees,Avoidable cancellation fee,Is Payable,Is Paid,Estimated earnings,Cash amount already collected by you,Amount owed back to platform,Payout Amount,Platform-Funded Discount,Platform-Funded Voucher,Total Discount,Total Voucher,Tax Amount,Order Items
GULA - VAL - Calle Cadis,101639366833,923697,Platform delivery,Online,SINGLE-1,N,"Carrer de Cadis 41
46004 Valencia València
España",Delivered,2026-05-01 14:41,N,,,,,39.70,0.00,0.00,0.00,0.00,0.00,1.58,0.00,9.57,0.00,7.53,0.00,0.00,0.00,,0.00,,,21.02,0.00,0.00,21.02,0.00,0.00,9.57,0.00,0.00,"1 Pleasure For 2 Combo [1 Burger BBK, 1 Burger The Trufa Corp Chicken, 1 Fritas bacon queso, 1 Coca-Cola Sabor Original lata 330ml., 1 Fanta Naranja lata 330ml., 1 Extra: Tarta de Lotus]"
GULA - VAL - Calle Cadis,101639893737,923697,Platform delivery,Online,SINGLE-1,N,"Carrer de Cadis 41
46004 Valencia València
España",Delivered,2026-05-01 21:04,N,,,,,33.90,0.00,0.00,0.00,0.00,0.00,1.28,0.00,9.57,0.00,6.08,0.00,0.00,0.00,,0.00,,,16.97,0.00,0.00,16.97,0.00,0.00,9.57,0.00,0.00,"1 Pleasure For 2 Combo [1 Gula Cheeseburger, 1 Burger The Trufa Corp, 1 Fritas trufadas, 2 Coca-Cola Zero Azúcar lata 330ml.]"
GULA - VAL - Calle Cadis,101639899284,923697,Platform delivery,Online,SINGLE-1,Y,"Carrer de Cadis 41
46004 Valencia València
España",Delivered,2026-05-01 21:05,N,,,,,33.90,0.00,0.00,0.00,0.00,0.00,1.40,0.00,9.57,0.00,6.08,0.00,0.00,0.00,Prime Order Fee: 0.55,0.00,,,16.30,0.00,0.00,16.30,0.00,0.00,9.57,0.00,0.00,"1 Pleasure For 2 Combo [1 Gula Cheeseburger, 1 Burger The Trufa Corp, 1 Nuestras fritas, 2 Coca-Cola Zero Azúcar lata 330ml.]"
GULA - VAL - Calle Cadis,101640070769,923697,Platform delivery,Online,SINGLE-1,N,"Carrer de Cadis 41
46004 Valencia València
España",Delivered,2026-05-01 22:58,N,,,,,29.20,0.00,0.00,0.00,0.00,0.00,1.53,0.00,0.00,0.00,7.30,0.00,0.00,0.00,,0.00,,,20.37,0.00,0.00,20.37,0.00,0.00,0.00,0.00,0.00,"1 GULA Cheeseburger [1 Sin Extras], 1 The Sinner, 1 Nuestras Fritas"
GULA - VAL - Calle Cadis,101640084813,923697,Platform delivery,Online,SINGLE-1,Y,"Carrer de Cadis 41
46004 Valencia València
España",Delivered,2026-05-01 23:08,N,,,,,16.70,0.00,0.00,0.00,0.00,0.00,0.74,0.00,5.01,0.00,2.92,0.00,0.00,0.00,Prime Order Fee: 0.55,0.00,,,7.48,0.00,0.00,7.48,0.00,0.00,5.01,0.00,0.00,"1 Cheese Bacon, 1 Coca-Cola Zero Azúcar Lata 330Ml."
GULA - VAL - Calle Cadis,101640483258,923697,Platform delivery,Online,SINGLE-1,N,"Carrer de Cadis 41
46004 Valencia València
España",Delivered,2026-05-02 15:00,N,,,,,41.70,0.00,0.00,0.00,0.00,0.00,1.68,0.00,9.57,0.00,8.03,0.00,0.00,0.00,,0.00,,,22.42,0.00,0.00,22.42,0.00,0.00,9.57,0.00,0.00,"1 Pleasure For 2 Combo [1 Burger Spicy V, 1 Burger The Sinner, 1 Fritas buffalo ranch, 2 Coca-Cola Sabor Original lata 330ml., 1 Extra: Tarta de Lotus]"
GULA - VAL - Calle Cadis,101640508641,923697,Platform delivery,Cash,SINGLE-1,N,"Carrer de Cadis 41
46004 Valencia València
España",Delivered,2026-05-02 15:18,N,,,,,20.70,0.00,0.00,0.00,0.00,0.00,1.08,0.00,0.00,0.00,5.18,0.00,0.00,0.00,,0.00,,,14.44,0.00,0.00,14.44,0.00,0.00,0.00,0.00,0.00,"1 The Sinner Combo [1 Gula Cheeseburger, 1 Fuze Tea Limón Sabor Original Lata 330ml, 1 Extra: Tarta de Lotus]"
GULA - VAL - Calle Cadis,101640797997,923697,Platform delivery,Online,SINGLE-1,Y,"Carrer de Cadis 41
46004 Valencia València
España",Delivered,2026-05-02 19:56,N,,,,,21.70,0.00,0.00,0.00,0.00,0.00,1.26,0.00,0.00,0.00,5.43,0.00,0.00,0.00,Prime Order Fee: 0.55,0.00,,,14.46,0.00,0.00,14.46,0.00,0.00,0.00,0.00,0.00,"1 The Sinner Combo [1 Burger The Trufa Corp Chicken, 1 Coca-Cola Sabor Original lata 330ml.], 1 Brownie"
GULA - VAL - Calle Cadis,101640879242,923697,Platform delivery,Online,SINGLE-1,N,"Carrer de Cadis 41
46004 Valencia València
España",Delivered,2026-05-02 20:30,N,,,,,32.90,0.00,0.00,0.00,0.00,0.00,1.22,0.00,9.57,0.00,5.83,0.00,0.00,0.00,,0.00,,,16.28,0.00,0.00,16.28,0.00,0.00,9.57,0.00,0.00,"1 Pleasure For 2 Combo [1 Gula Cheeseburger, 1 Burger Buffalo Ranch, 1 Fritas bacon queso, 2 Agua Cabreiroa (330 ml.)]"
GULA - VAL - Calle Cadis,101640912440,923697,Platform delivery,Online,SINGLE-1,N,"Carrer de Cadis 41
46004 Valencia València
España",Delivered,2026-05-02 20:50,N,,,,,20.40,0.00,0.00,0.00,0.00,0.00,0.75,0.00,6.12,0.00,3.57,0.00,0.00,0.00,,0.00,,,9.96,0.00,0.00,9.96,0.00,0.00,6.12,0.00,0.00,"1 Cheese Bacon, 1 Fritas Trufadas"
GULA - VAL - Calle Cadis,101640958181,923697,Platform delivery,Online,SINGLE-1,N,"Carrer de Cadis 41
46004 Valencia València
España",Delivered,2026-05-02 21:10,N,,,,,34.90,0.00,0.00,0.00,0.00,0.00,1.33,0.00,9.57,0.00,6.33,0.00,0.00,0.00,,0.00,,,17.67,0.00,0.00,17.67,0.00,0.00,9.57,0.00,0.00,"1 Pleasure For 2 Combo [1 Burger The Trufa Corp, 1 Burger BBK, 1 Fritas bacon queso, 1 Agua Cabreiroa (330 ml.), 1 Cerveza Estrella Galicia (330 ml.), 1 Sin Extras]"
GULA - VAL - Calle Cadis,101641024383,923697,Platform delivery,Online,SINGLE-1,N,"Carrer de Cadis 41
46004 Valencia València
España",Delivered,2026-05-02 21:47,N,,,,,27.80,0.00,0.00,0.00,0.00,0.00,1.02,0.00,8.34,0.00,4.87,0.00,0.00,0.00,,0.00,,,13.57,0.00,0.00,13.57,0.00,0.00,8.34,0.00,0.00,2 Cheese Bacon
GULA - VAL - Calle Cadis,101641026839,923697,Platform delivery,Online,SINGLE-1,N,"Carrer de Cadis 41
46004 Valencia València
España",Delivered,2026-05-02 22:02,N,,,,,21.90,0.00,0.00,0.00,0.00,0.00,1.15,0.00,0.00,0.00,5.48,0.00,0.00,0.00,,0.00,,,15.27,0.00,0.00,15.27,0.00,0.00,0.00,0.00,0.00,"1 The Golden Bite Combo [1 Gula Cheeseburger, 1 Fritas buffalo ranch, 1 Agua Cabreiroa (330 ml.)]"
GULA - VAL - Calle Cadis,101641028957,923697,Platform delivery,Online,SINGLE-1,N,"Carrer de Cadis 41
46004 Valencia València
España",Delivered,2026-05-02 21:50,N,,,,,17.30,0.00,0.00,0.00,0.00,0.00,0.69,0.00,4.17,0.00,3.28,0.00,0.00,0.00,,0.00,,,9.16,0.00,0.00,9.16,0.00,0.00,4.17,0.00,0.00,"1 Cheese Bacon, 1 Nuestras Fritas"
GULA - VAL - Calle Cadis,101641047677,923697,Platform delivery,Online,SINGLE-1,N,"Carrer de Cadis 41
46004 Valencia València
España",Delivered,2026-05-02 22:04,N,,,,,31.90,0.00,0.00,0.00,0.00,0.00,1.17,0.00,9.57,0.00,5.58,0.00,0.00,2.50,,0.00,,,13.08,0.00,0.00,13.08,0.00,0.00,9.57,0.00,0.00,"1 Pleasure For 2 Combo [2 Gula Cheeseburger, 1 Fritas trufadas, 2 Fuze Tea Limón Sabor Original Lata 330ml]"
GULA - VAL - Calle Cadis,101641050208,923697,Platform delivery,Online,SINGLE-1,N,"Carrer de Cadis 41
46004 Valencia València
España",Delivered,2026-05-02 22:06,N,,,,,33.90,0.00,0.00,0.00,0.00,0.00,1.27,0.00,9.57,0.00,6.08,0.00,0.00,1.00,,0.00,,,15.98,0.00,0.00,15.98,0.00,0.00,9.57,0.00,0.00,"1 Pleasure For 2 Combo [1 Burger Cheese Bacon, 1 Burger The Trufa Corp Chicken, 1 Fritas bacon queso, 1 Agua Cabreiroa (330 ml.), 1 Aquarius Naranja lata 330ml.]"
GULA - VAL - Calle Cadis,101641050753,923697,Platform delivery,Online,SINGLE-1,Y,"Carrer de Cadis 41
46004 Valencia València
España",Delivered,2026-05-02 22:05,N,,,,,20.40,0.00,0.00,0.00,0.00,0.00,0.87,0.00,6.12,0.00,3.57,0.00,0.00,0.00,Prime Order Fee: 0.55,0.00,,,9.29,0.00,0.00,9.29,0.00,0.00,6.12,0.00,0.00,"1 Cheese Bacon, 1 Fritas Trufadas"
GULA - VAL - Calle Cadis,101641129545,923697,Platform delivery,Cash,SINGLE-1,N,"Carrer de Cadis 41
46004 Valencia València
España",Delivered,2026-05-02 23:21,N,,,,,13.90,0.00,0.00,0.00,0.00,0.00,0.73,0.00,0.00,0.00,3.48,0.00,0.00,0.00,,0.00,,,9.69,0.00,0.00,9.69,0.00,0.00,0.00,0.00,0.00,1 BBK
GULA - VAL - Calle Cadis,101641361785,923697,Platform delivery,Online,SINGLE-1,N,"Carrer de Cadis 41
46004 Valencia València
España",Delivered,2026-05-03 13:02,N,,,,,23.20,0.00,0.00,0.00,0.00,0.00,0.85,0.00,6.96,0.00,4.06,0.00,0.00,0.00,,0.00,,,11.33,0.00,0.00,11.33,0.00,0.00,6.96,0.00,0.00,"1 Cheese Bacon, 1 Fritas Trufadas, 1 Coca-Cola Zero Azúcar Lata 330Ml."
GULA - VAL - Calle Cadis,101641944705,923697,Platform delivery,Online,SINGLE-1,Y,"Carrer de Cadis 41
46004 Valencia València
España",Delivered,2026-05-03 20:12,N,,,,,20.40,0.00,0.00,0.00,0.00,0.00,0.87,0.00,6.12,0.00,3.57,0.00,0.00,0.00,Prime Order Fee: 0.55,0.00,,,9.29,0.00,0.00,9.29,0.00,0.00,6.12,0.00,0.00,"1 Cheese Bacon [1 Sin Extras], 1 Fritas Trufadas [1 Sin Extras]"
GULA - VAL - Calle Cadis,101641949190,923697,Platform delivery,Online,SINGLE-1,N,"Carrer de Cadis 41
46004 Valencia València
España",Delivered,2026-05-03 20:12,N,,,,,13.90,0.00,0.00,0.00,0.00,0.00,0.51,0.00,4.17,0.00,2.43,0.00,0.00,0.00,,0.00,,,6.79,0.00,0.00,6.79,0.00,0.00,4.17,0.00,0.00,1 Cheese Bacon
GULA - VAL - Calle Cadis,101641959032,923697,Platform delivery,Online,SINGLE-1,N,"Carrer de Cadis 41
46004 Valencia València
España",Delivered,2026-05-03 20:16,N,,,,,34.90,0.00,0.00,0.00,0.00,0.00,1.33,0.00,9.57,0.00,6.33,0.00,0.00,0.50,,0.00,,,17.17,0.00,0.00,17.17,0.00,0.00,9.57,0.00,0.00,"1 Pleasure For 2 Combo [1 Burger The Trufa Corp, 1 Burger Cheese Bacon, 1 Fritas trufadas, 2 Agua Cabreiroa (330 ml.)]"
GULA - VAL - Calle Cadis,101641973598,923697,Platform delivery,Online,SINGLE-1,N,"Carrer de Cadis 41
46004 Valencia València
España",Delivered,2026-05-03 20:23,Y,Wrong item,,,,41.70,0.00,0.00,0.00,0.00,0.00,1.68,0.00,9.57,0.00,8.03,4.47,0.00,0.00,,0.00,,,17.95,0.00,0.00,17.95,0.00,0.00,9.57,0.00,0.00,"1 Pleasure For 2 Combo  [1 Burger The Trufa Corp, 1 Burger The Sinner, 1 Fritas bacon queso, 1 Coca-Cola Sabor Original lata 330ml., 1 Fuze Tea Limón Sabor Original Lata 330ml, 1 Extra: Tarta de Zanahoria]"
GULA - VAL - Calle Cadis,101641976510,923697,Platform delivery,Online,SINGLE-1,N,"Carrer de Cadis 41
46004 Valencia València
España",Delivered,2026-05-03 20:23,N,,,,,23.40,0.00,0.00,0.00,0.00,0.00,1.23,0.00,0.00,0.00,5.85,0.00,0.00,1.50,,0.00,,,14.82,0.00,0.00,14.82,0.00,0.00,0.00,0.00,0.00,"1 The Sinner Combo [1 Burger Buffalo Ranch, 1 Fuze Tea Limón Sabor Original Lata 330ml, 1 Extra: Fritas buffalo ranch]"
GULA - VAL - Calle Cadis,101641995699,923697,Platform delivery,Online,SINGLE-1,N,"Carrer de Cadis 41
46004 Valencia València
España",Delivered,2026-05-03 20:32,N,,,,,33.90,0.00,0.00,0.00,0.00,0.00,1.28,0.00,9.57,0.00,6.08,0.00,0.00,0.00,,0.00,,,16.97,0.00,0.00,16.97,0.00,0.00,9.57,0.00,0.00,"1 Pleasure For 2 Combo [1 Gula Cheeseburger, 1 Burger The Trufa Corp, 1 Fritas bacon queso, 1 Aquarius Naranja lata 330ml., 1 Cerveza Estrella Galicia (330 ml.)]"
GULA - VAL - Calle Cadis,101642009429,923697,Platform delivery,Online,SINGLE-1,N,"Carrer de Cadis 41
46004 Valencia València
España",Delivered,2026-05-03 20:37,N,,,,,31.90,0.00,0.00,0.00,0.00,0.00,1.18,0.00,9.57,0.00,5.58,0.00,0.00,0.50,,0.00,,,15.07,0.00,0.00,15.07,0.00,0.00,9.57,0.00,0.00,"1 Pleasure For 2 Combo [2 Gula Cheeseburger, 1 Fritas bacon queso, 1 Coca-Cola Sabor Original lata 330ml., 1 Fanta Naranja lata 330ml.]"
GULA - VAL - Calle Cadis,101642010299,923697,Platform delivery,Online,SINGLE-1,N,"Carrer de Cadis 41
46004 Valencia València
España",Delivered,2026-05-03 20:38,N,,,,,33.90,0.00,0.00,0.00,0.00,0.00,1.27,0.00,9.57,0.00,6.08,0.00,0.00,0.00,,0.00,,,16.98,0.00,0.00,16.98,0.00,0.00,9.57,0.00,0.00,"1 Pleasure For 2 Combo [1 Burger Spicy V, 1 Burger BBK, 1 Fritas trufadas, 2 Coca-Cola Zero Azúcar lata 330ml.]"
GULA - VAL - Calle Cadis,101642054249,923697,Platform delivery,Online,SINGLE-1,Y,"Carrer de Cadis 41
46004 Valencia València
España",Delivered,2026-05-03 21:00,N,,,,,20.40,0.00,0.00,0.00,0.00,0.00,0.87,0.00,6.12,0.00,3.57,0.00,0.00,0.00,Prime Order Fee: 0.55,0.00,,,9.29,0.00,0.00,9.29,0.00,0.00,6.12,0.00,0.00,"1 Cheese Bacon [1 Sin Extras], 1 Fritas Trufadas"
GULA - VAL - Calle Cadis,101642056937,923697,Platform delivery,Online,SINGLE-1,N,"Carrer de Cadis 41
46004 Valencia València
España",Delivered,2026-05-03 21:03,N,,,,,36.70,0.00,0.00,0.00,0.00,0.00,1.42,0.00,9.57,0.00,6.78,0.00,0.00,0.00,,0.00,,,18.93,0.00,0.00,18.93,0.00,0.00,9.57,0.00,0.00,"1 Pleasure For 2 Combo [1 Burger The Trufa Corp, 1 Burger Cheese Bacon, 1 Fritas trufadas, 1 Agua Cabreiroa (330 ml.), 1 Fanta Naranja lata 330ml., 1 Extra: Salsa bacon]"
GULA - VAL - Calle Cadis,101642057354,923697,Platform delivery,Online,SINGLE-1,N,"Carrer de Cadis 41
46004 Valencia València
España",Delivered,2026-05-03 21:03,N,,,,,35.90,0.00,0.00,0.00,0.00,0.00,1.38,0.00,9.57,0.00,6.58,0.00,0.00,0.00,,0.00,,,18.37,0.00,0.00,18.37,0.00,0.00,9.57,0.00,0.00,"1 Pleasure For 2 Combo [1 Burger Cheese Bacon, 1 Burger The Sinner, 1 Fritas buffalo ranch, 2 Aquarius Limón lata 330ml.]"
GULA - VAL - Calle Cadis,101642086927,923697,Platform delivery,Online,SINGLE-1,N,"Carrer de Cadis 41
46004 Valencia València
España",Delivered,2026-05-03 21:21,N,,,,,68.80,0.00,0.00,0.00,0.00,0.00,2.61,0.00,19.14,0.00,12.42,0.00,0.00,2.50,,0.00,,,32.13,0.00,0.00,32.13,0.00,0.00,19.14,0.00,0.00,"1 Pleasure For 2 Combo [1 Burger The Trufa Corp, 1 Burger The Trufa Corp Chicken, 1 Fritas trufadas, 1 Coca-Cola Zero Azúcar lata 330ml., 1 Fuze Tea Limón Sabor Original Lata 330ml], 1 Pleasure For 2 Combo [1 Burger Cheese Bacon, 1 Burger Spicy V, 1 Fritas bacon queso, 1 Coca-Cola Sabor Original lata 330ml., 1 Fanta Naranja lata 330ml.]"
GULA - VAL - Calle Cadis,101643847308,923697,Platform delivery,Online,SINGLE-1,N,"Carrer de Cadis 41
46004 Valencia València
España",Delivered,2026-05-05 21:34,N,,,,,14.90,0.00,0.00,0.00,0.00,0.00,0.66,0.00,2.24,0.00,3.17,0.00,0.00,0.00,,0.00,,,8.83,0.00,0.00,8.83,0.00,0.00,2.24,0.00,0.00,"1 The Sinner Combo [1 Gula Cheeseburger, 1 Coca-Cola Zero Azúcar lata 330ml.]"
GULA - VAL - Calle Cadis,101643863852,923697,Platform delivery,Cash,SINGLE-1,N,"Carrer de Cadis 41
46004 Valencia València
España",Delivered,2026-05-05 21:34,N,,,,,23.20,0.00,0.00,0.00,0.00,0.00,1.21,0.00,0.00,0.00,5.80,0.00,0.00,0.00,,0.00,,,16.19,0.00,0.00,16.19,0.00,0.00,0.00,0.00,0.00,"1 Cheese Bacon, 1 Fritas Bacon Queso, 1 Coca-Cola Zero Azúcar Lata 330Ml."
GULA - VAL - Calle Cadis,101643910086,923697,Platform delivery,Online,SINGLE-1,N,"Carrer de Cadis 41
46004 Valencia València
España",Delivered,2026-05-05 22:12,N,,,,,22.40,0.00,0.00,0.00,0.00,0.00,1.06,0.00,2.24,0.00,5.04,0.00,0.00,0.00,,0.00,,,14.06,0.00,0.00,14.06,0.00,0.00,2.24,0.00,0.00,"1 The Sinner Combo [1 Burger Spicy V, 1 Aquarius Limón lata 330ml., 1 Extra: Fritas bacon queso]"
GULA - VAL - Calle Cadis,101643925216,923697,Platform delivery,Online,SINGLE-1,Y,"Carrer de Cadis 41
46004 Valencia València
España",Delivered,2026-05-05 22:50,N,,,,,31.80,0.00,0.00,0.00,0.00,0.00,1.47,0.00,5.96,0.00,6.46,0.00,0.00,0.00,Prime Order Fee: 0.55,0.00,,,17.36,0.00,0.00,17.36,0.00,0.00,5.96,0.00,0.00,"2 The Sinner Combo [1 Burger Cheese Bacon, 1 Agua Cabreiroa (330 ml.)]"
GULA - VAL - Calle Cadis,101644684142,923697,Platform delivery,Cash,SINGLE-1,N,"Carrer de Cadis 41
46004 Valencia València
España",Delivered,2026-05-06 20:57,N,,,,,14.90,0.00,0.00,0.00,0.00,0.00,0.66,0.00,2.24,0.00,3.17,0.00,0.00,0.00,,0.00,,,8.83,0.00,0.00,8.83,0.00,0.00,2.24,0.00,0.00,"1 The Sinner Combo [1 Gula Cheeseburger, 1 Coca-Cola Zero Azúcar lata 330ml.]"
GULA - VAL - Calle Cadis,101644689991,923697,Platform delivery,Online,SINGLE-1,N,"Carrer de Cadis 41
46004 Valencia València
España",Delivered,2026-05-06 21:15,N,,,,,28.30,0.00,0.00,0.00,0.00,0.00,1.48,0.00,0.00,0.00,7.08,0.00,0.00,0.00,,0.00,,,19.74,0.00,0.00,19.74,0.00,0.00,0.00,0.00,0.00,"1 GULA Cheeseburger, 1 Fritas Bacon Queso, 1 Pollo Frito Al Estilo GULA [1 Salsa GULA]"
GULA - VAL - Calle Cadis,101644835436,923697,Platform delivery,Online,SINGLE-1,N,"Carrer de Cadis 41
46004 Valencia València
España",Delivered,2026-05-06 23:25,N,,,,,31.90,0.00,0.00,0.00,0.00,0.00,1.68,0.00,0.00,0.00,7.98,0.00,0.00,0.00,,0.00,,,22.24,0.00,0.00,22.24,0.00,0.00,0.00,0.00,0.00,"1 Pleasure For 2 Combo [2 Gula Cheeseburger, 1 Fritas bacon queso, 1 Coca-Cola Zero Azúcar lata 330ml., 1 Coca-Cola Sabor Original lata 330ml.]"
GULA - VAL - Calle Cadis,101645096135,923697,Platform delivery,Online,SINGLE-1,Y,"Carrer de Cadis 41
46004 Valencia València
España",Delivered,2026-05-07 13:42,N,,,,,15.90,0.00,0.00,0.00,0.00,0.00,0.79,0.00,2.98,0.00,3.23,0.00,0.00,0.00,Prime Order Fee: 0.55,0.00,,,8.35,0.00,0.00,8.35,0.00,0.00,2.98,0.00,0.00,"1 The Sinner Combo [1 Burger Spicy V, 1 Fanta Naranja lata 330ml.]"
GULA - VAL - Calle Cadis,101646592037,923697,Platform delivery,Online,SINGLE-1,Y,"Carrer de Cadis 41
46004 Valencia València
España",Delivered,2026-05-08 21:07,N,,,,,15.90,0.00,0.00,0.00,0.00,0.00,0.79,0.00,2.98,0.00,3.23,0.00,0.00,0.00,Prime Order Fee: 0.55,0.00,,,8.35,0.00,0.00,8.35,0.00,0.00,2.98,0.00,0.00,"1 The Sinner Combo [1 Burger Cheese Bacon, 1 Coca-Cola Sabor Original lata 330ml.]"
GULA - VAL - Calle Cadis,101646681709,923697,Platform delivery,Online,SINGLE-1,N,"Carrer de Cadis 41
46004 Valencia València
España",Delivered,2026-05-08 21:56,N,,,,,33.30,0.00,0.00,0.00,0.00,0.00,1.75,0.00,0.00,0.00,8.33,0.00,0.00,0.00,,0.00,,,23.22,0.00,0.00,23.22,0.00,0.00,0.00,0.00,0.00,"1 GULA Cheeseburger, 1 The Sinner, 1 Fritas Buffalo Ranch"
GULA - VAL - Calle Cadis,101646740045,923697,Platform delivery,Online,SINGLE-1,N,"Carrer de Cadis 41
46004 Valencia València
España",Delivered,2026-05-08 22:46,N,,,,,21.40,0.00,0.00,0.00,0.00,0.00,1.13,0.00,0.49,0.00,5.35,0.00,0.00,0.00,,0.00,,,14.43,0.00,0.00,14.43,0.00,0.00,0.49,0.00,0.00,"1 The Trufa Corp, 1 Fritas Trufadas"
GULA - VAL - Calle Cadis,101646781351,923697,Platform delivery,Online,SINGLE-1,N,"Carrer de Cadis 41
46004 Valencia València
España",Delivered,2026-05-08 23:13,N,,,,,55.70,0.00,0.00,0.00,0.00,0.00,2.93,0.00,2.99,0.00,13.93,0.00,0.00,0.00,,0.00,,,35.85,0.00,0.00,35.85,0.00,0.00,2.99,0.00,0.00,"1 The Trufa Corp, 1 Spicy V, 1 The Trufa Corp Chicken, 1 Fritas Trufadas, 1 Fritas Bacon Queso"
GULA - VAL - Calle Cadis,101646796923,923697,Platform delivery,Online,SINGLE-1,N,"Carrer de Cadis 41
46004 Valencia València
España",Delivered,2026-05-08 23:37,N,,,,,14.90,0.00,0.00,0.00,0.00,0.00,0.66,0.00,3.73,0.00,3.17,0.00,0.00,0.00,,0.00,,,7.34,0.00,0.00,7.34,0.00,0.00,3.73,0.00,0.00,"1 The Sinner Combo [1 Gula Cheeseburger, 1 Coca-Cola Zero Azúcar lata 330ml.]"
GULA - VAL - Calle Cadis,101647025503,923697,Pickup,Online,SINGLE-1,N,"Carrer de Cadis 41
46004 Valencia València
España",Delivered,2026-05-09 12:51,N,,,,,1.80,0.00,0.00,0.00,0.00,0.00,0.06,0.00,0.00,0.00,0.27,0.00,0.00,0.00,,0.00,,,1.47,0.00,0.00,1.47,0.00,0.00,0.00,0.00,0.00,1 Salsa GULA
GULA - VAL - Calle Cadis,101647054089,923697,Pickup,Online,SINGLE-1,N,"Carrer de Cadis 41
46004 Valencia València
España",Delivered,2026-05-09 13:15,N,,,,,3.40,0.00,0.00,0.00,0.00,0.00,0.11,0.00,0.00,0.00,0.51,0.00,0.00,0.00,,0.00,,,2.78,0.00,0.00,2.78,0.00,0.00,0.00,0.00,0.00,1 Nuestras Fritas
GULA - VAL - Calle Cadis,101647121549,923697,Pickup,Online,SINGLE-1,N,"Carrer de Cadis 41
46004 Valencia València
España",Delivered,2026-05-09 14:03,N,,,,,1.80,0.00,0.00,0.00,0.00,0.00,0.06,0.00,0.00,0.00,0.27,0.00,0.00,0.00,,0.00,,,1.47,0.00,0.00,1.47,0.00,0.00,0.00,0.00,0.00,1 Salsa Bacon
GULA - VAL - Calle Cadis,101647644119,923697,Platform delivery,Online,SINGLE-1,N,"Carrer de Cadis 41
46004 Valencia València
España",Delivered,2026-05-09 20:38,N,,,,,31.80,0.00,0.00,0.00,0.00,0.00,1.43,0.00,5.47,0.00,6.83,0.00,0.00,0.00,,0.00,,,18.07,0.00,0.00,18.07,0.00,0.00,5.47,0.00,0.00,"1 The Sinner Combo [1 The Pope's Burger, 1 Fuze Tea Limón Sabor Original Lata 330ml], 1 The Sinner Combo [1 Burger Cheese Bacon, 1 Aquarius Naranja lata 330ml.]"
GULA - VAL - Calle Cadis,101647666112,923697,Pickup,Online,SINGLE-1,N,"Carrer de Cadis 41
46004 Valencia València
España",Delivered,2026-05-09 20:48,N,,,,,3.40,0.00,0.00,0.00,0.00,0.00,0.11,0.00,0.00,0.00,0.51,0.00,0.00,0.00,,0.00,,,2.78,0.00,0.00,2.78,0.00,0.00,0.00,0.00,0.00,1 Nuestras Fritas
GULA - VAL - Calle Cadis,101647848748,923697,Platform delivery,Online,SINGLE-1,N,"Carrer de Cadis 41
46004 Valencia València
España",Delivered,2026-05-09 22:37,N,,,,,29.80,0.00,0.00,0.00,0.00,0.00,1.56,0.00,0.49,0.00,7.45,0.00,0.00,0.00,,0.00,,,20.30,0.00,0.00,20.30,0.00,0.00,0.49,0.00,0.00,"1 Golden Slider, 1 The Golden Bite Combo [1 Burger Cheese Bacon, 1 Fritas trufadas, 1 Fanta Limón lata 330ml.]"
GULA - VAL - Calle Cadis,101647893705,923697,Platform delivery,Online,SINGLE-1,Y,"Carrer de Cadis 41
46004 Valencia València
España",Delivered,2026-05-09 23:20,N,,,,,21.40,0.00,0.00,0.00,0.00,0.00,1.09,0.00,2.98,0.00,4.61,0.00,0.00,0.00,Prime Order Fee: 0.55,0.00,,,12.17,0.00,0.00,12.17,0.00,0.00,2.98,0.00,0.00,"1 The Sinner Combo [1 Gula Cheeseburger, 1 Aquarius Naranja lata 330ml., 1 Extra: Fritas bacon queso]"
GULA - VAL - Calle Cadis,101648211683,923697,Platform delivery,Online,SINGLE-1,N,"Carrer de Cadis 41
46004 Valencia València
España",Delivered,2026-05-10 13:41,N,,,,,15.90,0.00,0.00,0.00,0.00,0.00,0.72,0.00,4.73,0.00,3.42,0.00,0.00,0.00,,0.00,,,7.03,0.00,0.00,7.03,0.00,0.00,4.73,0.00,0.00,"1 The Sinner Combo [1 Burger BBK, 1 Coca-Cola Zero Azúcar lata 330ml.]"
GULA - VAL - Calle Cadis,101648232918,923697,Platform delivery,Online,SINGLE-1,N,"Carrer de Cadis 41
46004 Valencia València
España",Delivered,2026-05-10 13:54,N,,,,,33.60,0.00,0.00,0.00,0.00,0.00,1.77,0.00,4.99,0.00,8.40,0.00,0.00,0.00,,0.00,,,18.44,0.00,0.00,18.44,0.00,0.00,4.99,0.00,0.00,"1 Pollo Frito Al Estilo GULA [1 Extra: Salsa bacon, 1 Salsa BBK], 1 The Golden Bite Combo [1 Burger Cheese Bacon, 1 Fritas bacon queso, 1 Fuze Tea Limón Sabor Original Lata 330ml, 1 Sin Extras]"
GULA - VAL - Calle Cadis,101648306586,923697,Pickup,Online,SINGLE-1,N,"Carrer de Cadis 41
46004 Valencia València
España",Delivered,2026-05-10 14:42,N,,,,,1.80,0.00,0.00,0.00,0.00,0.00,0.06,0.00,0.00,0.00,0.27,0.00,0.00,0.00,,0.00,,,1.47,0.00,0.00,1.47,0.00,0.00,0.00,0.00,0.00,1 Salsa Bacon
GULA - VAL - Calle Cadis,101648326631,923697,Pickup,Online,SINGLE-1,N,"Carrer de Cadis 41
46004 Valencia València
España",Delivered,2026-05-10 14:56,N,,,,,6.95,0.00,0.00,0.00,0.00,0.00,0.22,0.00,0.00,0.00,1.04,0.00,0.00,0.00,,0.00,,,5.69,0.00,0.00,5.69,0.00,0.00,0.00,0.00,0.00,1 Cheese Jr.
GULA - VAL - Calle Cadis,101648802655,923697,Platform delivery,Online,SINGLE-1,N,"Carrer de Cadis 41
46004 Valencia València
España",Delivered,2026-05-10 20:35,N,,,,,15.90,0.00,0.00,0.00,0.00,0.00,0.72,0.00,2.24,0.00,3.42,0.00,0.00,0.00,,0.00,,,9.52,0.00,0.00,9.52,0.00,0.00,2.24,0.00,0.00,"1 The Sinner Combo [1 Burger Cheese Bacon, 1 Fanta Naranja lata 330ml.]"
GULA - VAL - Calle Cadis,101648814747,923697,Platform delivery,Online,SINGLE-1,N,"Carrer de Cadis 41
46004 Valencia València
España",Delivered,2026-05-10 20:50,N,,,,,21.90,0.00,0.00,0.00,0.00,0.00,1.15,0.00,0.00,0.00,5.48,0.00,0.00,0.00,,0.00,,,15.27,0.00,0.00,15.27,0.00,0.00,0.00,0.00,0.00,"1 The Golden Bite Combo [1 Gula Cheeseburger, 1 Fritas buffalo ranch, 1 Agua Cabreiroa (330 ml.)]"
GULA - VAL - Calle Cadis,101648826040,923697,Platform delivery,Online,SINGLE-1,N,"Carrer de Cadis 41
46004 Valencia València
España",Delivered,2026-05-10 20:50,N,,,,,30.80,0.00,0.00,0.00,0.00,0.00,1.38,0.00,4.48,0.00,6.58,0.00,0.00,0.00,,0.00,,,18.36,0.00,0.00,18.36,0.00,0.00,4.48,0.00,0.00,"1 The Sinner Combo [1 Gula Cheeseburger, 1 Coca-Cola Zero Azúcar lata 330ml.], 1 The Sinner Combo [1 Burger Cheese Bacon, 1 Coca-Cola Zero Azúcar lata 330ml.]"
GULA - VAL - Calle Cadis,101648858084,923697,Platform delivery,Online,SINGLE-1,N,"Carrer de Cadis 41
46004 Valencia València
España",Delivered,2026-05-10 21:18,N,,,,,15.90,0.00,0.00,0.00,0.00,0.00,0.72,0.00,2.24,0.00,3.42,0.00,0.00,0.00,,0.00,,,9.52,0.00,0.00,9.52,0.00,0.00,2.24,0.00,0.00,"1 The Sinner Combo [1 Burger Cheese Bacon, 1 Agua Cabreiroa (330 ml.)]"
GULA - CAA - Calle Jimenez de la Espada,101639281119,925154,Platform delivery,Online,SINGLE-1,Y,"Calle Jiménez de la Espada 17
30204 Murcia Cartagena
España",Delivered,2026-05-01 13:11,N,,,,,32.70,0.00,0.00,0.00,0.00,0.00,1.11,0.00,13.77,0.00,4.73,0.00,0.00,0.00,Prime Order Fee: 0.55,0.00,,,12.54,0.00,0.00,12.54,0.00,0.00,13.77,0.00,0.00,"1 The Pope'S Burger, 2 Pollo Frito Al Estilo GULA [1 Salsa GULA]"
GULA - CAA - Calle Jimenez de la Espada,101639301694,925154,Platform delivery,Online,SINGLE-1,N,"Calle Jiménez de la Espada 17
30204 Murcia Cartagena
España",Delivered,2026-05-01 13:27,N,,,,,33.90,0.00,0.00,0.00,0.00,0.00,1.28,0.00,9.57,0.00,6.08,0.00,0.00,0.00,,0.00,,,16.97,0.00,0.00,16.97,0.00,0.00,9.57,0.00,0.00,"1 Pleasure For 2 Combo [2 Burger Spicy V, 1 Fritas bacon queso, 2 Coca-Cola Sabor Original lata 330ml.]"
GULA - CAA - Calle Jimenez de la Espada,101639314893,925154,Platform delivery,Online,SINGLE-1,N,"Calle Jiménez de la Espada 17
30204 Murcia Cartagena
España",Delivered,2026-05-01 13:37,N,,,,,47.15,0.00,0.00,0.00,0.00,0.00,1.74,0.00,14.07,0.00,8.27,0.00,0.00,0.00,,0.00,,,23.07,0.00,0.00,23.07,0.00,0.00,14.07,0.00,0.00,"1 The Trufa Corp Chicken, 1 Cheese Jr., 1 Fritas Bacon Queso, 2 Pollo Frito Al Estilo GULA [1 Salsa chile chipotle]"
GULA - CAA - Calle Jimenez de la Espada,101639315389,925154,Platform delivery,Online,SINGLE-1,N,"Calle Jiménez de la Espada 17
30204 Murcia Cartagena
España",Delivered,2026-05-01 13:37,N,,,,,66.70,0.00,0.00,0.00,0.00,0.00,2.27,0.00,23.37,0.00,10.83,0.00,0.00,0.00,,0.00,,,30.23,0.00,0.00,30.23,0.00,0.00,23.37,0.00,0.00,"2 Fritas Trufadas, 2 Pollo Frito Al Estilo GULA [1 Salsa GULA], 1 Pleasure For 2 Combo [1 Gula Cheeseburger, 1 Burger Cheese Bacon, 1 Fritas buffalo ranch, 2 Coca-Cola Zero Azúcar lata 330ml.]"
GULA - CAA - Calle Jimenez de la Espada,101639383827,925154,Platform delivery,Online,SINGLE-1,N,"Calle Jiménez de la Espada 17
30204 Murcia Cartagena
España",Delivered,2026-05-01 14:26,Y,Wrong item,,,,17.30,0.00,0.00,0.00,0.00,0.00,0.69,0.00,4.17,0.00,3.28,9.73,0.00,0.00,,0.00,,,-0.57,0.00,0.57,0.00,0.00,0.00,4.17,0.00,0.00,"1 Cheese Bacon  [1 Sin Extras], 1 Nuestras Fritas [1 Sin Extras]"
GULA - CAA - Calle Jimenez de la Espada,101639390489,925154,Platform delivery,Online,SINGLE-1,N,"Calle Jiménez de la Espada 17
30204 Murcia Cartagena
España",Delivered,2026-05-01 14:54,Y,Missing item,,,,52.80,0.00,0.00,0.00,0.00,0.00,2.02,0.00,14.37,0.00,9.61,15.84,0.00,0.50,,0.00,,,10.46,0.00,0.00,10.46,0.00,0.00,14.37,0.00,0.00,"1 The Trufa Corp  [1 Extra: Fritas trufadas], 2 Pollo Frito Al Estilo GULA [1 Salsa GULA], 1 Cheescake de Fresa , 1 Tarta de Oreo "
GULA - CAA - Calle Jimenez de la Espada,101639412089,925154,Platform delivery,Online,SINGLE-1,N,"Calle Jiménez de la Espada 17
30204 Murcia Cartagena
España",Delivered,2026-05-01 14:58,N,,,,,40.80,0.00,0.00,0.00,0.00,0.00,1.82,0.00,6.12,0.00,8.67,0.00,0.00,1.75,,0.00,,,22.44,0.00,0.00,22.44,0.00,0.00,6.12,0.00,0.00,"1 GULA Cheeseburger, 1 Cheese Bacon, 1 Fritas Trufadas, 1 Alitas BBK"
GULA - CAA - Calle Jimenez de la Espada,101639413247,925154,Platform delivery,Cash,SINGLE-1,Y,"Calle Jiménez de la Espada 17
30204 Murcia Cartagena
España",Delivered,2026-05-01 14:49,N,,,,,26.20,0.00,0.00,0.00,0.00,0.00,1.29,0.00,3.87,0.00,5.58,0.00,0.00,0.00,Prime Order Fee: 0.55,0.00,,,14.91,0.00,0.00,14.91,0.00,0.00,3.87,0.00,0.00,"1 The Pope'S Burger, 1 Fritas Buffalo Ranch, 1 Brownie"
GULA - CAA - Calle Jimenez de la Espada,101639415300,925154,Platform delivery,Online,SINGLE-1,N,"Calle Jiménez de la Espada 17
30204 Murcia Cartagena
España",Delivered,2026-05-01 14:51,N,,,,,80.40,0.00,0.00,0.00,0.00,0.00,3.33,0.00,16.98,0.00,15.86,0.00,0.00,0.50,,0.00,,,43.73,0.00,0.00,43.73,0.00,0.00,16.98,0.00,0.00,"2 GULA Cheeseburger, 1 The Trufa Corp, 2 Cheese Bacon, 1 The Trufa Corp Chicken"
GULA - CAA - Calle Jimenez de la Espada,101639445198,925154,Platform delivery,Online,SINGLE-1,N,"Calle Jiménez de la Espada 17
30204 Murcia Cartagena
España",Delivered,2026-05-01 15:16,N,,,,,33.70,0.00,0.00,0.00,0.00,0.00,1.03,0.00,14.07,0.00,4.91,0.00,0.00,0.00,,0.00,,,13.69,0.00,0.00,13.69,0.00,0.00,14.07,0.00,0.00,"1 Cheese Bacon, 2 Pollo Frito Al Estilo GULA [1 Salsa GULA]"
GULA - CAA - Calle Jimenez de la Espada,101639782702,925154,Platform delivery,Online,SINGLE-1,N,"Calle Jiménez de la Espada 17
30204 Murcia Cartagena
España",Delivered,2026-05-01 20:49,N,,,,,33.90,0.00,0.00,0.00,0.00,0.00,1.28,0.00,9.57,0.00,6.08,0.00,0.00,0.00,,0.00,,,16.97,0.00,0.00,16.97,0.00,0.00,9.57,0.00,0.00,"1 Pleasure For 2 Combo [1 Gula Cheeseburger, 1 Burger The Trufa Corp, 1 Nuestras fritas, 2 Coca-Cola Sabor Original lata 330ml., 1 Sin Extras]"
GULA - CAA - Calle Jimenez de la Espada,101639791534,925154,Platform delivery,Online,SINGLE-1,N,"Calle Jiménez de la Espada 17
30204 Murcia Cartagena
España",Delivered,2026-05-01 20:11,N,,,,,21.40,0.00,0.00,0.00,0.00,0.00,0.91,0.00,4.17,0.00,4.31,0.00,0.00,0.00,,0.00,,,12.01,0.00,0.00,12.01,0.00,0.00,4.17,0.00,0.00,"1 Cheese Bacon, 1 Fritas Buffalo Ranch"
GULA - CAA - Calle Jimenez de la Espada,101639851520,925154,Platform delivery,Online,SINGLE-1,N,"Calle Jiménez de la Espada 17
30204 Murcia Cartagena
España",Delivered,2026-05-01 21:29,N,,,,,31.70,0.00,0.00,0.00,0.00,0.00,1.14,0.00,9.90,0.00,5.45,0.00,0.00,0.00,,0.00,,,15.21,0.00,0.00,15.21,0.00,0.00,9.90,0.00,0.00,"1 GULA Cheeseburger, 2 Pollo Frito Al Estilo GULA [1 Salsa GULA]"
GULA - CAA - Calle Jimenez de la Espada,101639876241,925154,Platform delivery,Online,SINGLE-1,N,"Calle Jiménez de la Espada 17
30204 Murcia Cartagena
España",Delivered,2026-05-01 20:57,N,,,,,31.90,0.00,0.00,0.00,0.00,0.00,1.17,0.00,9.57,0.00,5.58,0.00,0.00,0.00,,0.00,,,15.58,0.00,0.00,15.58,0.00,0.00,9.57,0.00,0.00,"1 Pleasure For 2 Combo [2 Gula Cheeseburger, 1 Fritas trufadas, 1 Agua Cabreiroa (330 ml.), 1 Coca-Cola Sabor Original lata 330ml.]"
GULA - CAA - Calle Jimenez de la Espada,101639885429,925154,Platform delivery,Online,SINGLE-1,N,"Calle Jiménez de la Espada 17
30204 Murcia Cartagena
España",Delivered,2026-05-01 20:57,N,,,,,31.69,0.00,0.00,0.00,0.00,0.00,1.17,0.00,9.51,0.00,5.55,0.00,0.00,0.00,,0.00,,,15.46,0.00,0.00,15.46,0.00,0.00,9.51,0.00,0.00,"1 The Sinner, 1 Golden Slider, 1 Fritas Trufadas"
GULA - CAA - Calle Jimenez de la Espada,101639890705,925154,Platform delivery,Online,SINGLE-1,N,"Calle Jiménez de la Espada 17
30204 Murcia Cartagena
España",Delivered,2026-05-01 21:00,N,,,,,19.80,0.00,0.00,0.00,0.00,0.00,0.52,0.00,9.90,0.00,2.48,0.00,0.00,0.00,,0.00,,,6.90,0.00,0.00,6.90,0.00,0.00,9.90,0.00,0.00,2 Pollo Frito Al Estilo GULA [1 Salsa bacon]
GULA - CAA - Calle Jimenez de la Espada,101639901211,925154,Platform delivery,Online,SINGLE-1,N,"Calle Jiménez de la Espada 17
30204 Murcia Cartagena
España",Delivered,2026-05-01 21:05,N,,,,,33.90,0.00,0.00,0.00,0.00,0.00,1.28,0.00,9.57,0.00,6.08,0.00,0.00,0.00,,0.00,,,16.97,0.00,0.00,16.97,0.00,0.00,9.57,0.00,0.00,"1 Pleasure For 2 Combo [1 Burger Cheese Bacon, 1 Burger The Trufa Corp Chicken, 1 Fritas bacon queso, 2 Coca-Cola Zero Azúcar Zero Cafeína lata 330ml.]"
GULA - CAA - Calle Jimenez de la Espada,101639902652,925154,Platform delivery,Online,SINGLE-1,N,"Calle Jiménez de la Espada 17
30204 Murcia Cartagena
España",Delivered,2026-05-01 21:06,N,,,,,43.99,0.00,0.00,0.00,0.00,0.00,2.13,0.00,3.39,0.00,10.15,0.00,0.00,0.00,,0.00,,,28.32,0.00,0.00,28.32,0.00,0.00,3.39,0.00,0.00,"1 Spicy V [1 Extra: Fritas buffalo ranch, 1 Extra: Fuze Tea Maracuyá (330 ml.)], 1 Golden Slider, 1 Nuestras Fritas [1 Extra: Salsa GULA, 1 Extra: Salsa bacon, 1 Extra: Salsa BBK]"
GULA - CAA - Calle Jimenez de la Espada,101639918160,925154,Platform delivery,Online,SINGLE-1,N,"Calle Jiménez de la Espada 17
30204 Murcia Cartagena
España",Delivered,2026-05-01 21:14,N,,,,,18.40,0.00,0.00,0.00,0.00,0.00,0.86,0.00,1.95,0.00,4.11,0.00,0.00,0.00,,0.00,,,11.48,0.00,0.00,11.48,0.00,0.00,1.95,0.00,0.00,"1 GULA Cheeseburger, 1 Fritas Trufadas"
GULA - CAA - Calle Jimenez de la Espada,101639929168,925154,Platform delivery,Online,SINGLE-1,N,"Calle Jiménez de la Espada 17
30204 Murcia Cartagena
España",Delivered,2026-05-01 21:29,N,,,,,19.70,0.00,0.00,0.00,0.00,0.00,0.81,0.00,4.17,0.00,3.88,0.00,0.00,0.00,,0.00,,,10.84,0.00,0.00,10.84,0.00,0.00,4.17,0.00,0.00,"1 Cheese Bacon, 1 Tarta de Lotus"
GULA - CAA - Calle Jimenez de la Espada,101639933917,925154,Platform delivery,Online,SINGLE-1,N,"Calle Jiménez de la Espada 17
30204 Murcia Cartagena
España",Delivered,2026-05-01 21:28,N,,,,,33.70,0.00,0.00,0.00,0.00,0.00,1.03,0.00,14.07,0.00,4.91,0.00,0.00,0.00,,0.00,,,13.69,0.00,0.00,13.69,0.00,0.00,14.07,0.00,0.00,"1 Cheese Bacon, 2 Pollo Frito Al Estilo GULA [1 Salsa bacon]"
GULA - CAA - Calle Jimenez de la Espada,101639968403,925154,Platform delivery,Online,SINGLE-1,N,"Calle Jiménez de la Espada 17
30204 Murcia Cartagena
España",Delivered,2026-05-01 21:58,N,,,,,59.89,0.00,0.00,0.00,0.00,0.00,1.99,0.00,21.93,0.00,9.49,0.00,0.00,0.00,,0.00,,,26.48,0.00,0.00,26.48,0.00,0.00,21.93,0.00,0.00,"1 The Trufa Corp, 1 Cheese Bacon, 1 Golden Slider, 2 Pollo Frito Al Estilo GULA [1 Salsa GULA]"
GULA - CAA - Calle Jimenez de la Espada,101639995303,925154,Platform delivery,Online,SINGLE-1,N,"Calle Jiménez de la Espada 17
30204 Murcia Cartagena
España",Delivered,2026-05-01 21:59,Y,Missing item,,,,73.10,0.00,0.00,0.00,0.00,0.00,2.49,0.00,25.59,0.00,11.88,42.96,0.00,0.00,,0.00,,,-9.82,0.00,9.82,0.00,0.00,0.00,25.59,0.00,0.00,"1 The Trufa Corp Chicken , 1 Fritas Trufadas, 2 Pollo Frito Al Estilo GULA  [1 Salsa GULA, 1 Sin Extras], 1 Pleasure For 2 Combo  [2 Gula Cheeseburger, 1 Fritas buffalo ranch, 2 Agua Cabreiroa (330 ml.)]"
GULA - CAA - Calle Jimenez de la Espada,101640068672,925154,Platform delivery,Online,SINGLE-1,N,"Calle Jiménez de la Espada 17
30204 Murcia Cartagena
España",Delivered,2026-05-01 22:49,N,,,,,15.90,0.00,0.00,0.00,0.00,0.00,0.84,0.00,0.00,0.00,3.98,0.00,0.00,0.00,,0.00,,,11.08,0.00,0.00,11.08,0.00,0.00,0.00,0.00,0.00,"1 The Sinner Combo [1 Burger Cheese Bacon, 1 Agua Cabreiroa (330 ml.)]"
GULA - CAA - Calle Jimenez de la Espada,101640367670,925154,Platform delivery,Online,SINGLE-1,N,"Calle Jiménez de la Espada 17
30204 Murcia Cartagena
España",Delivered,2026-05-02 13:26,N,,,,,33.70,0.00,0.00,0.00,0.00,0.00,1.25,0.00,9.90,0.00,5.95,0.00,0.00,0.00,,0.00,,,16.60,0.00,0.00,16.60,0.00,0.00,9.90,0.00,0.00,"1 Spicy V, 2 Pollo Frito Al Estilo GULA [1 Salsa GULA]"
GULA - CAA - Calle Jimenez de la Espada,101640371832,925154,Platform delivery,Cash,SINGLE-1,N,"Calle Jiménez de la Espada 17
30204 Murcia Cartagena
España",Delivered,2026-05-02 13:30,N,,,,,33.90,0.00,0.00,0.00,0.00,0.00,1.28,0.00,9.57,0.00,6.08,0.00,0.00,0.00,,0.00,,,16.97,0.00,0.00,16.97,0.00,0.00,9.57,0.00,0.00,"1 Pleasure For 2 Combo [1 The Pope's Burger, 1 Burger Cheese Bacon, 1 Fritas bacon queso, 1 Agua Cabreiroa (330 ml.), 1 Aquarius Naranja lata 330ml.]"
GULA - CAA - Calle Jimenez de la Espada,101640390404,925154,Platform delivery,Online,SINGLE-1,N,"Calle Jiménez de la Espada 17
30204 Murcia Cartagena
España",Delivered,2026-05-02 13:44,N,,,,,29.08,0.00,0.00,0.00,0.00,0.00,1.07,0.00,8.73,0.00,5.09,0.00,0.00,0.00,,0.00,,,14.19,0.00,0.00,14.19,0.00,0.00,8.73,0.00,0.00,"2 Golden Slider, 1 Fritas Trufadas"
GULA - CAA - Calle Jimenez de la Espada,101640410584,925154,Platform delivery,Online,SINGLE-1,N,"Calle Jiménez de la Espada 17
30204 Murcia Cartagena
España",Delivered,2026-05-02 13:59,N,,,,,42.20,0.00,0.00,0.00,0.00,0.00,1.71,0.00,9.57,0.00,8.16,0.00,0.00,0.00,,0.00,,,22.76,0.00,0.00,22.76,0.00,0.00,9.57,0.00,0.00,"1 Pleasure For 2 Combo [1 Burger The Trufa Corp, 1 Burger Cheese Bacon, 1 Pollo frito al estilo GULA, 1 Coca-Cola Zero Azúcar Zero Cafeína lata 330ml., 1 Fuze Tea Limón Sabor Original Lata 330ml], 1 Tarta de Lotus"
GULA - CAA - Calle Jimenez de la Espada,101640841051,925154,Platform delivery,Online,SINGLE-1,N,"Calle Jiménez de la Espada 17
30204 Murcia Cartagena
España",Delivered,2026-05-02 20:06,N,,,,,30.30,0.00,0.00,0.00,0.00,0.00,1.59,0.00,0.19,0.00,7.58,0.00,0.00,0.00,,0.00,,,20.94,0.00,0.00,20.94,0.00,0.00,0.19,0.00,0.00,"2 GULA Cheeseburger, 1 Fritas Bacon Queso"
GULA - CAA - Calle Jimenez de la Espada,101640915025,925154,Platform delivery,Online,SINGLE-1,N,"Calle Jiménez de la Espada 17
30204 Murcia Cartagena
España",Delivered,2026-05-02 21:01,N,,,,,40.40,0.00,0.00,0.00,0.00,0.00,1.52,0.00,14.51,0.00,7.22,0.00,0.00,0.00,,0.00,,,17.15,0.00,0.00,17.15,0.00,0.00,14.51,0.00,0.00,"1 Fritas Trufadas, 1 Pleasure For 2 Combo [1 Burger Cheese Bacon, 1 Burger Spicy V, 1 Nuestras fritas, 2 Fuze Tea Limón Sabor Original Lata 330ml]"
GULA - CAA - Calle Jimenez de la Espada,101640952988,925154,Platform delivery,Online,SINGLE-1,N,"Calle Jiménez de la Espada 17
30204 Murcia Cartagena
España",Delivered,2026-05-02 21:07,N,,,,,57.10,0.00,0.00,0.00,0.00,0.00,1.98,0.00,19.96,0.00,9.41,0.00,0.00,0.00,,0.00,,,25.75,0.00,0.00,25.75,0.00,0.00,19.96,0.00,0.00,"1 Nuestras Fritas, 2 Pollo Frito Al Estilo GULA [1 Salsa GULA], 1 Pleasure For 2 Combo [1 Burger Cheese Bacon, 1 Burger Spicy V, 1 Fritas bacon queso, 1 Aquarius Limón lata 330ml., 1 Aquarius Naranja lata 330ml.]"
GULA - CAA - Calle Jimenez de la Espada,101640991866,925154,Platform delivery,Cash,SINGLE-1,N,"Calle Jiménez de la Espada 17
30204 Murcia Cartagena
España",Delivered,2026-05-02 21:42,Y,Missing item,,,,33.90,0.00,0.00,0.00,0.00,0.00,1.28,0.00,10.56,0.00,6.08,1.44,0.00,0.00,,0.00,,,14.54,0.00,0.00,14.54,0.00,0.00,10.56,0.00,0.00,"1 Pleasure For 2 Combo  [2 Burger Cheese Bacon, 1 Fritas bacon queso, 2 Coca-Cola Zero Azúcar Zero Cafeína lata 330ml.]"
GULA - CAA - Calle Jimenez de la Espada,101640995207,925154,Platform delivery,Online,SINGLE-1,N,"Calle Jiménez de la Espada 17
30204 Murcia Cartagena
España",Delivered,2026-05-02 21:45,Y,Wrong item,,,,52.70,0.00,0.00,0.00,0.00,0.00,1.75,0.00,20.46,0.00,8.31,5.66,0.00,2.50,,0.00,,,14.02,0.00,0.00,14.02,0.00,0.00,20.46,0.00,0.00,"2 Pollo Frito Al Estilo GULA [1 Salsa Queen], 1 Pleasure For 2 Combo  [1 Gula Cheeseburger, 1 Burger BBK, 1 Fritas bacon queso, 1 Coca-Cola Zero Azúcar Zero Cafeína lata 330ml., 1 Aquarius Naranja lata 330ml.]"
GULA - CAA - Calle Jimenez de la Espada,101641038549,925154,Platform delivery,Online,SINGLE-1,N,"Calle Jiménez de la Espada 17
30204 Murcia Cartagena
España",Delivered,2026-05-02 22:10,N,,,,,28.90,0.00,0.00,0.00,0.00,0.00,1.00,0.00,10.39,0.00,4.75,0.00,0.00,2.50,,0.00,,,10.26,0.00,0.00,10.26,0.00,0.00,10.39,0.00,0.00,"2 Pollo Frito Al Estilo GULA [1 Salsa BBK], 1 Aguila Sin Filtrar, 1 Tarta de Lotus"
GULA - CAA - Calle Jimenez de la Espada,101641039677,925154,Platform delivery,Online,SINGLE-1,N,"Calle Jiménez de la Espada 17
30204 Murcia Cartagena
España",Cancelled,2026-05-02 22:09,N,,,,,34.90,0.00,0.00,0.00,0.00,0.00,1.83,0.00,0.00,0.00,8.73,0.00,0.00,0.00,,0.00,,,24.34,0.00,0.00,24.34,0.00,0.00,0.00,0.00,0.00,"1 Pleasure For 2 Combo [1 Burger Cheese Bacon, 1 Burger The Trufa Corp Chicken, 1 Fritas buffalo ranch, 1 Coca-Cola Zero Azúcar lata 330ml., 1 Fuze Tea Limón Sabor Original Lata 330ml]"
GULA - CAA - Calle Jimenez de la Espada,101641040709,925154,Platform delivery,Online,SINGLE-1,N,"Calle Jiménez de la Espada 17
30204 Murcia Cartagena
España",Delivered,2026-05-02 22:07,N,,,,,17.70,0.00,0.00,0.00,0.00,0.00,0.93,0.00,0.99,0.00,4.43,0.00,0.00,0.00,,0.00,,,11.35,0.00,0.00,11.35,0.00,0.00,0.99,0.00,0.00,"1 The Sinner Combo [1 Burger Cheese Bacon, 1 Coca-Cola Sabor Original lata 330ml.], 1 Salsa Bacon"
GULA - CAA - Calle Jimenez de la Espada,101641044179,925154,Platform delivery,Online,SINGLE-1,N,"Calle Jiménez de la Espada 17
30204 Murcia Cartagena
España",Delivered,2026-05-02 22:07,N,,,,,16.70,0.00,0.00,0.00,0.00,0.00,0.88,0.00,0.49,0.00,4.18,0.00,0.00,2.50,,0.00,,,8.65,0.00,0.00,8.65,0.00,0.00,0.49,0.00,0.00,"1 The Sinner Combo [1 Gula Cheeseburger, 1 Fanta Naranja lata 330ml., 1 Extra: Salsa GULA]"
GULA - CAA - Calle Jimenez de la Espada,101641398259,925154,Platform delivery,Online,SINGLE-1,N,"Calle Jiménez de la Espada 17
30204 Murcia Cartagena
España",Delivered,2026-05-03 13:36,N,,,,,14.69,0.00,0.00,0.00,0.00,0.00,0.59,0.00,3.88,0.00,2.83,0.00,0.00,0.00,,0.00,,,7.39,0.00,0.00,7.39,0.00,0.00,3.88,0.00,0.00,"1 Golden Slider, 1 Nuestras Fritas"
GULA - CAA - Calle Jimenez de la Espada,101641413045,925154,Platform delivery,Online,SINGLE-1,Y,"Calle Jiménez de la Espada 17
30204 Murcia Cartagena
España",Delivered,2026-05-03 13:36,N,,,,,33.90,0.00,0.00,0.00,0.00,0.00,1.40,0.00,9.57,0.00,6.08,0.00,0.00,0.00,Prime Order Fee: 0.55,0.00,,,16.30,0.00,0.00,16.30,0.00,0.00,9.57,0.00,0.00,"1 Pleasure For 2 Combo [1 Gula Cheeseburger, 1 Burger The Trufa Corp, 1 Fritas trufadas, 1 Aquarius Limón lata 330ml., 1 Fuze Tea Maracuyá (330 ml.)]"
GULA - CAA - Calle Jimenez de la Espada,101641425938,925154,Platform delivery,Online,SINGLE-1,N,"Calle Jiménez de la Espada 17
30204 Murcia Cartagena
España",Cancelled,2026-05-03 14:00,N,,,,,15.70,0.00,0.00,0.00,0.00,0.00,0.60,0.00,5.16,0.00,2.88,0.00,0.00,0.00,,0.00,,,7.06,0.00,0.00,7.06,0.00,0.00,5.16,0.00,0.00,"1 Cheese Bacon, 1 Salsa Bacon"
GULA - CAA - Calle Jimenez de la Espada,101641444408,925154,Platform delivery,Online,SINGLE-1,Y,"Calle Jiménez de la Espada 17
30204 Murcia Cartagena
España",Delivered,2026-05-03 14:00,N,,,,,41.05,0.00,0.00,0.00,0.00,0.00,2.07,0.00,3.87,0.00,9.30,0.00,0.00,0.00,Prime Order Fee: 0.55,0.00,,,25.26,0.00,0.00,25.26,0.00,0.00,3.87,0.00,0.00,"1 The Pope'S Burger, 1 Cheese Jr., 1 Nuestras Fritas, 1 Fritas Buffalo Ranch [1 Extra: Salsa GULA], 1 Alitas BBK"
GULA - CAA - Calle Jimenez de la Espada,101641454315,925154,Platform delivery,Online,SINGLE-1,N,"Calle Jiménez de la Espada 17
30204 Murcia Cartagena
España",Delivered,2026-05-03 14:22,N,,,,,35.40,0.00,0.00,0.00,0.00,0.00,1.36,0.00,10.06,0.00,6.46,0.00,0.00,0.00,,0.00,,,17.52,0.00,0.00,17.52,0.00,0.00,10.06,0.00,0.00,"1 Pleasure For 2 Combo [1 Burger Cheese Bacon, 1 Burger Buffalo Ranch, 1 Fritas buffalo ranch, 1 Aquarius Limón lata 330ml., 1 Cerveza Estrella Galicia 1906 (330 ml.)]"
GULA - CAA - Calle Jimenez de la Espada,101641521153,925154,Platform delivery,Online,SINGLE-1,N,"Calle Jiménez de la Espada 17
30204 Murcia Cartagena
España",Delivered,2026-05-03 15:11,N,,,,,29.00,0.00,0.00,0.00,0.00,0.00,1.20,0.00,6.31,0.00,5.72,0.00,0.00,0.00,,0.00,,,15.77,0.00,0.00,15.77,0.00,0.00,6.31,0.00,0.00,"1 Cheese Bacon, 1 Fritas Trufadas, 1 Coca-Cola Zero Azúcar Zero Cafeína lata 330ml., 1 Cheescake de Fresa"
GULA - CAA - Calle Jimenez de la Espada,101641524570,925154,Platform delivery,Online,SINGLE-1,N,"Calle Jiménez de la Espada 17
30204 Murcia Cartagena
España",Delivered,2026-05-03 15:12,N,,,,,57.30,0.00,0.00,0.00,0.00,0.00,2.40,0.00,13.51,0.00,11.45,0.00,0.00,0.00,,0.00,,,29.94,0.00,0.00,29.94,0.00,0.00,13.51,0.00,0.00,"1 Fritas Trufadas, 1 The Sinner Combo [1 Burger The Trufa Corp, 1 Cerveza Estrella Galicia (330 ml.)], 1 Pleasure For 2 Combo [1 Gula Cheeseburger, 1 Burger The Trufa Corp, 1 Fritas bacon queso, 2 Agua Cabreiroa (330 ml.)]"
GULA - CAA - Calle Jimenez de la Espada,101641544199,925154,Platform delivery,Online,SINGLE-1,N,"Calle Jiménez de la Espada 17
30204 Murcia Cartagena
España",Cancelled,2026-05-03 15:21,N,,,,,14.90,0.00,0.00,0.00,0.00,0.00,0.78,0.00,0.49,0.00,3.73,0.00,0.00,0.00,,0.00,,,9.90,0.00,0.00,9.90,0.00,0.00,0.49,0.00,0.00,"1 The Sinner Combo [1 Gula Cheeseburger, 1 Coca-Cola Zero Azúcar lata 330ml.]"
GULA - CAA - Calle Jimenez de la Espada,101641603250,925154,Platform delivery,Online,SINGLE-1,N,"Calle Jiménez de la Espada 17
30204 Murcia Cartagena
España",Delivered,2026-05-03 15:48,N,,,,,16.90,0.00,0.00,0.00,0.00,0.00,0.89,0.00,0.99,0.00,4.23,0.00,0.00,0.00,,0.00,,,10.79,0.00,0.00,10.79,0.00,0.00,0.99,0.00,0.00,"1 The Sinner Combo [1 Burger The Trufa Corp, 1 Coca-Cola Sabor Original lata 330ml., 1 Sin Extras]"
GULA - CAA - Calle Jimenez de la Espada,101641981137,925154,Platform delivery,Online,SINGLE-1,N,"Calle Jiménez de la Espada 17
30204 Murcia Cartagena
España",Delivered,2026-05-03 20:30,N,,,,,57.10,0.00,0.00,0.00,0.00,0.00,2.49,0.00,9.76,0.00,11.88,0.00,0.00,0.00,,0.00,,,32.97,0.00,0.00,32.97,0.00,0.00,9.76,0.00,0.00,"1 GULA Cheeseburger [1 Extra: Fritas trufadas], 1 Pleasure For 2 Combo [1 Gula Cheeseburger, 1 Burger Cheese Bacon, 1 Fritas trufadas, 1 Coca-Cola Zero Azúcar Zero Cafeína lata 330ml., 1 Cerveza Estrella Galicia (330 ml.), 1 Extra: Brownie]"
GULA - CAA - Calle Jimenez de la Espada,101641983285,925154,Platform delivery,Online,SINGLE-1,N,"Calle Jiménez de la Espada 17
30204 Murcia Cartagena
España",Delivered,2026-05-03 20:42,Y,Missing item,,,,44.99,0.00,0.00,0.00,0.00,0.00,1.44,0.00,18.45,0.00,6.88,4.95,0.00,0.00,,0.00,,,13.27,0.00,0.00,13.27,0.00,0.00,18.45,0.00,0.00,"1 The Sinner, 1 Golden Slider, 2 Pollo Frito Al Estilo GULA  [1 Salsa trufada]"
GULA - CAA - Calle Jimenez de la Espada,101641995332,925154,Platform delivery,Online,SINGLE-1,N,"Calle Jiménez de la Espada 17
30204 Murcia Cartagena
España",Delivered,2026-05-03 20:51,N,,,,,45.80,0.00,0.00,0.00,0.00,0.00,1.68,0.00,14.23,0.00,8.02,0.00,0.00,0.00,,0.00,,,21.87,0.00,0.00,21.87,0.00,0.00,14.23,0.00,0.00,"1 Cheese Bacon, 1 Pleasure For 2 Combo [2 Gula Cheeseburger, 1 Fritas trufadas, 1 Agua Cabreiroa (330 ml.), 1 Fanta Naranja lata 330ml.]"
GULA - CAA - Calle Jimenez de la Espada,101641997210,925154,Platform delivery,Cash,SINGLE-1,N,"Calle Jiménez de la Espada 17
30204 Murcia Cartagena
España",Delivered,2026-05-03 20:31,N,,,,,44.99,0.00,0.00,0.00,0.00,0.00,1.44,0.00,17.95,0.00,6.88,0.00,0.00,0.00,,0.00,,,18.72,0.00,0.00,18.72,0.00,0.00,17.95,0.00,0.00,"1 Cheese Bacon, 1 Golden Slider, 2 Pollo Frito Al Estilo GULA [1 Salsa bacon]"
GULA - CAA - Calle Jimenez de la Espada,101642004240,925154,Platform delivery,Online,SINGLE-1,N,"Calle Jiménez de la Espada 17
30204 Murcia Cartagena
España",Delivered,2026-05-03 22:02,N,,,,,34.70,0.00,0.00,0.00,0.00,0.00,1.32,0.00,12.06,0.00,6.28,0.00,0.00,0.00,,0.00,,,15.04,0.00,0.00,15.04,0.00,0.00,12.06,0.00,0.00,"1 Pleasure For 2 Combo [1 Gula Cheeseburger, 1 The Pope's Burger, 1 Fritas trufadas, 1 Coca-Cola Zero Azúcar lata 330ml., 1 Fuze Tea Maracuyá (330 ml.), 1 Extra: Salsa trufada]"
GULA - CAA - Calle Jimenez de la Espada,101642010564,925154,Platform delivery,Online,SINGLE-1,N,"Calle Jiménez de la Espada 17
30204 Murcia Cartagena
España",Delivered,2026-05-03 20:51,N,,,,,25.19,0.00,0.00,0.00,0.00,0.00,0.93,0.00,8.05,0.00,4.41,0.00,0.00,0.00,,0.00,,,11.80,0.00,0.00,11.80,0.00,0.00,8.05,0.00,0.00,"1 Cheese Bacon, 1 Golden Slider"
GULA - CAA - Calle Jimenez de la Espada,101642012977,925154,Platform delivery,Online,SINGLE-1,N,"Calle Jiménez de la Espada 17
30204 Murcia Cartagena
España",Delivered,2026-05-03 20:42,N,,,,,48.90,0.00,0.00,0.00,0.00,0.00,2.06,0.00,9.76,0.00,9.83,0.00,0.00,0.00,,0.00,,,27.25,0.00,0.00,27.25,0.00,0.00,9.76,0.00,0.00,"1 Fritas Buffalo Ranch, 1 Alitas BBK, 1 Pleasure For 2 Combo [1 Gula Cheeseburger, 1 Burger Bohemian Chicken, 1 Fritas bacon queso, 2 Fanta Naranja lata 330ml.]"
GULA - CAA - Calle Jimenez de la Espada,101642072899,925154,Platform delivery,Online,SINGLE-1,N,"Calle Jiménez de la Espada 17
30204 Murcia Cartagena
España",Delivered,2026-05-03 21:24,N,,,,,33.90,0.00,0.00,0.00,0.00,0.00,1.28,0.00,10.06,0.00,6.08,0.00,0.00,0.00,,0.00,,,16.48,0.00,0.00,16.48,0.00,0.00,10.06,0.00,0.00,"1 Pleasure For 2 Combo [1 Burger Cheese Bacon, 1 Burger The Trufa Corp Chicken, 1 Fritas bacon queso, 1 Coca-Cola Zero Azúcar Zero Cafeína lata 330ml., 1 Fanta Limón lata 330ml.]"
GULA - CAA - Calle Jimenez de la Espada,101642094090,925154,Platform delivery,Online,SINGLE-1,N,"Calle Jiménez de la Espada 17
30204 Murcia Cartagena
España",Cancelled,2026-05-03 21:47,N,,,,,14.90,0.00,0.00,0.00,0.00,0.00,0.78,0.00,0.49,0.00,3.73,0.00,0.00,0.00,,0.00,,,9.90,0.00,0.00,9.90,0.00,0.00,0.49,0.00,0.00,"1 The Sinner Combo [1 Gula Cheeseburger, 1 Agua Cabreiroa (330 ml.)]"
GULA - CAA - Calle Jimenez de la Espada,101642148922,925154,Platform delivery,Online,SINGLE-1,N,"Calle Jiménez de la Espada 17
30204 Murcia Cartagena
España",Delivered,2026-05-03 21:47,N,,,,,26.20,0.00,0.00,0.00,0.00,0.00,1.16,0.00,4.36,0.00,5.51,0.00,0.00,0.00,,0.00,,,15.17,0.00,0.00,15.17,0.00,0.00,4.36,0.00,0.00,"1 Cheese Bacon [1 Extra: Fritas trufadas, 1 Extra: Tarta de Oreo]"
GULA - CAA - Calle Jimenez de la Espada,101642183463,925154,Platform delivery,Online,SINGLE-1,N,"Calle Jiménez de la Espada 17
30204 Murcia Cartagena
España",Delivered,2026-05-03 22:31,N,,,,,26.90,0.00,0.00,0.00,0.00,0.00,1.21,0.00,4.09,0.00,5.75,0.00,0.00,0.00,,0.00,,,15.85,0.00,0.00,15.85,0.00,0.00,4.09,0.00,0.00,"1 Spicy V, 2 Fritas Trufadas"
GULA - CAA - Calle Jimenez de la Espada,101642195556,925154,Platform delivery,Online,SINGLE-1,N,"Calle Jiménez de la Espada 17
30204 Murcia Cartagena
España",Delivered,2026-05-03 22:19,N,,,,,32.90,0.00,0.00,0.00,0.00,0.00,1.22,0.00,9.76,0.00,5.83,0.00,0.00,0.00,,0.00,,,16.09,0.00,0.00,16.09,0.00,0.00,9.76,0.00,0.00,"1 Pleasure For 2 Combo [1 Gula Cheeseburger, 1 Burger Cheese Bacon, 1 Fritas trufadas, 1 Coca-Cola Sabor Original lata 330ml., 1 Fanta Naranja lata 330ml.]"
GULA - CAA - Calle Jimenez de la Espada,101643761204,925154,Platform delivery,Cash,SINGLE-1,N,"Calle Jiménez de la Espada 17
30204 Murcia Cartagena
España",Delivered,2026-05-05 20:15,N,,,,,14.90,0.00,0.00,0.00,0.00,0.00,0.78,0.00,0.00,0.00,3.73,0.00,0.00,0.00,,0.00,,,10.39,0.00,0.00,10.39,0.00,0.00,0.00,0.00,0.00,"1 The Sinner Combo [1 Gula Cheeseburger, 1 Coca-Cola Sabor Original lata 330ml., 1 Sin Extras]"
GULA - CAA - Calle Jimenez de la Espada,101643765427,925154,Platform delivery,Online,SINGLE-1,Y,"Calle Jiménez de la Espada 17
30204 Murcia Cartagena
España",Delivered,2026-05-05 20:18,N,,,,,21.40,0.00,0.00,0.00,0.00,0.00,0.91,0.00,6.42,0.00,3.75,0.00,0.00,0.00,Prime Order Fee: 0.55,0.00,,,9.77,0.00,0.00,9.77,0.00,0.00,6.42,0.00,0.00,"1 The Trufa Corp [1 Sin Extras], 1 Fritas Trufadas"
GULA - CAA - Calle Jimenez de la Espada,101643805954,925154,Platform delivery,Online,SINGLE-1,N,"Calle Jiménez de la Espada 17
30204 Murcia Cartagena
España",Delivered,2026-05-05 20:47,N,,,,,40.80,0.00,0.00,0.00,0.00,0.00,1.36,0.00,14.84,0.00,6.49,0.00,0.00,0.00,,0.00,,,18.11,0.00,0.00,18.11,0.00,0.00,14.84,0.00,0.00,"2 Cheese Bacon, 2 Fritas Bacon Queso"
GULA - CAA - Calle Jimenez de la Espada,101643808678,925154,Platform delivery,Online,SINGLE-1,Y,"Calle Jiménez de la Espada 17
30204 Murcia Cartagena
España",Delivered,2026-05-05 21:00,N,,,,,34.90,0.00,0.00,0.00,0.00,0.00,1.45,0.00,9.57,0.00,6.33,0.00,0.00,0.00,Prime Order Fee: 0.55,0.00,,,17.00,0.00,0.00,17.00,0.00,0.00,9.57,0.00,0.00,"1 Pleasure For 2 Combo [1 Burger The Trufa Corp, 1 The Pope's Burger, 1 Nuestras fritas, 2 Coca-Cola Sabor Original lata 330ml.]"
GULA - CAA - Calle Jimenez de la Espada,101643823669,925154,Pickup,Online,SINGLE-1,N,"Calle Jiménez de la Espada 17
30204 Murcia Cartagena
España",Delivered,2026-05-05 20:58,N,,,,,1.50,0.00,0.00,0.00,0.00,0.00,0.05,0.00,0.00,0.00,0.23,0.00,0.00,0.00,,0.00,,,1.22,0.00,0.00,1.22,0.00,0.00,0.00,0.00,0.00,1 Salsa Chile Chipotle
GULA - CAA - Calle Jimenez de la Espada,101643825624,925154,Platform delivery,Online,SINGLE-1,N,"Calle Jiménez de la Espada 17
30204 Murcia Cartagena
España",Delivered,2026-05-05 21:00,N,,,,,20.40,0.00,0.00,0.00,0.00,0.00,0.75,0.00,6.12,0.00,3.57,0.00,0.00,0.00,,0.00,,,9.96,0.00,0.00,9.96,0.00,0.00,6.12,0.00,0.00,"1 The Sinner, 1 Fritas Trufadas"
GULA - CAA - Calle Jimenez de la Espada,101643866561,925154,Platform delivery,Online,SINGLE-1,N,"Calle Jiménez de la Espada 17
30204 Murcia Cartagena
España",Delivered,2026-05-05 21:31,N,,,,,23.80,0.00,0.00,0.00,0.00,0.00,0.93,0.00,6.12,0.00,4.42,0.00,0.00,0.00,,0.00,,,12.33,0.00,0.00,12.33,0.00,0.00,6.12,0.00,0.00,"1 Cheese Bacon, 1 Nuestras Fritas, 1 Fritas Trufadas"
GULA - CAA - Calle Jimenez de la Espada,101643898130,925154,Platform delivery,Cash,SINGLE-1,N,"Calle Jiménez de la Espada 17
30204 Murcia Cartagena
España",Delivered,2026-05-05 22:35,N,,,,,39.80,0.00,0.00,0.00,0.00,0.00,1.33,0.00,14.54,0.00,6.32,0.00,0.00,0.00,,0.00,,,17.61,0.00,0.00,17.61,0.00,0.00,14.54,0.00,0.00,"1 The Pope'S Burger, 1 Cheese Bacon, 2 Fritas Bacon Queso"
GULA - CAA - Calle Jimenez de la Espada,101643904975,925154,Pickup,Online,SINGLE-1,N,"Calle Jiménez de la Espada 17
30204 Murcia Cartagena
España",Delivered,2026-05-05 22:04,N,,,,,1.80,0.00,0.00,0.00,0.00,0.00,0.06,0.00,0.00,0.00,0.27,0.00,0.00,0.00,,0.00,,,1.47,0.00,0.00,1.47,0.00,0.00,0.00,0.00,0.00,1 Salsa Bacon
GULA - CAA - Calle Jimenez de la Espada,101643932798,925154,Platform delivery,Online,SINGLE-1,N,"Calle Jiménez de la Espada 17
30204 Murcia Cartagena
España",Delivered,2026-05-05 22:37,N,,,,,15.90,0.00,0.00,0.00,0.00,0.00,0.84,0.00,0.00,0.00,3.98,0.00,0.00,0.00,,0.00,,,11.08,0.00,0.00,11.08,0.00,0.00,0.00,0.00,0.00,"1 The Sinner Combo [1 Burger Cheese Bacon, 1 Agua Cabreiroa (330 ml.)]"
GULA - CAA - Calle Jimenez de la Espada,101643935119,925154,Platform delivery,Online,SINGLE-1,N,"Calle Jiménez de la Espada 17
30204 Murcia Cartagena
España",Delivered,2026-05-05 22:41,N,,,,,33.90,0.00,0.00,0.00,0.00,0.00,1.28,0.00,9.57,0.00,6.08,0.00,0.00,0.00,,0.00,,,16.97,0.00,0.00,16.97,0.00,0.00,9.57,0.00,0.00,"1 Pleasure For 2 Combo [1 Burger Buffalo Ranch, 1 Burger BBK, 1 Fritas bacon queso, 2 Fuze Tea Maracuyá (330 ml.)]"
GULA - CAA - Calle Jimenez de la Espada,101644641375,925154,Platform delivery,Online,SINGLE-1,N,"Calle Jiménez de la Espada 17
30204 Murcia Cartagena
España",Cancelled,2026-05-06 20:26,N,,,,,9.50,0.00,0.00,0.00,0.00,0.00,0.50,0.00,0.00,0.00,2.38,0.00,0.00,0.00,,0.00,,,6.62,0.00,0.00,6.62,0.00,0.00,0.00,0.00,0.00,"1 Fritas Buffalo Ranch, 1 Agua Mineral Natural Solán de Cabras Botella 0,5L"
GULA - CAA - Calle Jimenez de la Espada,101644656511,925154,Platform delivery,Online,SINGLE-1,N,"Calle Jiménez de la Espada 17
30204 Murcia Cartagena
España",Delivered,2026-05-06 20:35,Y,Missing item,,,,26.90,0.00,0.00,0.00,0.00,0.00,0.85,0.00,10.67,0.00,4.06,3.25,0.00,0.00,,0.00,,,8.07,0.00,0.00,8.07,0.00,0.00,10.67,0.00,0.00,"1 Cheese Bacon, 2 Fritas Bacon Queso "
GULA - CAA - Calle Jimenez de la Espada,101644660048,925154,Platform delivery,Online,SINGLE-1,N,"Calle Jiménez de la Espada 17
30204 Murcia Cartagena
España",Delivered,2026-05-06 20:38,N,,,,,46.80,0.00,0.00,0.00,0.00,0.00,1.72,0.00,14.04,0.00,8.19,0.00,0.00,0.00,,0.00,,,22.85,0.00,0.00,22.85,0.00,0.00,14.04,0.00,0.00,"1 The Trufa Corp, 1 Pleasure For 2 Combo [2 Gula Cheeseburger, 1 Fritas trufadas, 1 Agua Cabreiroa (330 ml.), 1 Fanta Naranja lata 330ml.]"
GULA - CAA - Calle Jimenez de la Espada,101644707723,925154,Pickup,Online,SINGLE-1,N,"Calle Jiménez de la Espada 17
30204 Murcia Cartagena
España",Delivered,2026-05-06 21:08,N,,,,,6.95,0.00,0.00,0.00,0.00,0.00,0.22,0.00,0.00,0.00,1.04,0.00,0.00,0.00,,0.00,,,5.69,0.00,0.00,5.69,0.00,0.00,0.00,0.00,0.00,1 Cheese Jr.
GULA - CAA - Calle Jimenez de la Espada,101644720034,925154,Platform delivery,Online,SINGLE-1,N,"Calle Jiménez de la Espada 17
30204 Murcia Cartagena
España",Delivered,2026-05-06 21:18,N,,,,,26.90,0.00,0.00,0.00,0.00,0.00,0.85,0.00,10.67,0.00,4.06,0.00,0.00,0.00,,0.00,,,11.32,0.00,0.00,11.32,0.00,0.00,10.67,0.00,0.00,"1 Cheese Bacon, 2 Fritas Bacon Queso"
GULA - CAA - Calle Jimenez de la Espada,101644740984,925154,Platform delivery,Online,SINGLE-1,N,"Calle Jiménez de la Espada 17
30204 Murcia Cartagena
España",Delivered,2026-05-06 21:40,N,,,,,31.90,0.00,0.00,0.00,0.00,0.00,1.17,0.00,9.57,0.00,5.58,0.00,0.00,0.00,,0.00,,,15.58,0.00,0.00,15.58,0.00,0.00,9.57,0.00,0.00,"1 Pleasure For 2 Combo [2 Gula Cheeseburger, 1 Fritas bacon queso, 1 Coca-Cola Zero Azúcar lata 330ml., 1 Coca-Cola Zero Azúcar Zero Cafeína lata 330ml.]"
GULA - CAA - Calle Jimenez de la Espada,101644789853,925154,Platform delivery,Online,SINGLE-1,N,"Calle Jiménez de la Espada 17
30204 Murcia Cartagena
España",Delivered,2026-05-06 22:18,N,,,,,31.90,0.00,0.00,0.00,0.00,0.00,1.17,0.00,9.57,0.00,5.58,0.00,0.00,0.00,,0.00,,,15.58,0.00,0.00,15.58,0.00,0.00,9.57,0.00,0.00,"1 Pleasure For 2 Combo [2 Gula Cheeseburger, 1 Fritas bacon queso, 1 Coca-Cola Sabor Original lata 330ml., 1 Fuze Tea Limón Sabor Original Lata 330ml]"
GULA - CAA - Calle Jimenez de la Espada,101644797887,925154,Platform delivery,Online,SINGLE-1,N,"Calle Jiménez de la Espada 17
30204 Murcia Cartagena
España",Delivered,2026-05-06 22:31,N,,,,,13.29,0.00,0.00,0.00,0.00,0.00,0.52,0.00,3.39,0.00,2.48,0.00,0.00,0.00,,0.00,,,6.90,0.00,0.00,6.90,0.00,0.00,3.39,0.00,0.00,"1 Golden Slider, 1 Agua Mineral Natural Solán de Cabras Botella 0,5L"
GULA - CAA - Calle Jimenez de la Espada,101644801834,925154,Platform delivery,Online,SINGLE-1,N,"Calle Jiménez de la Espada 17
30204 Murcia Cartagena
España",Delivered,2026-05-06 22:32,N,,,,,41.80,0.00,0.00,0.00,0.00,0.00,1.40,0.00,15.14,0.00,6.67,0.00,0.00,0.00,,0.00,,,18.59,0.00,0.00,18.59,0.00,0.00,15.14,0.00,0.00,"1 The Trufa Corp, 1 The Sinner, 2 Fritas Bacon Queso"
GULA - CAA - Calle Jimenez de la Espada,101644803717,925154,Platform delivery,Online,SINGLE-1,N,"Calle Jiménez de la Espada 17
30204 Murcia Cartagena
España",Delivered,2026-05-06 22:31,N,,,,,40.80,0.00,0.00,0.00,0.00,0.00,1.36,0.00,14.84,0.00,6.49,0.00,0.00,0.00,,0.00,,,18.11,0.00,0.00,18.11,0.00,0.00,14.84,0.00,0.00,"2 Cheese Bacon, 2 Fritas Bacon Queso"
GULA - CAA - Calle Jimenez de la Espada,101645083587,925154,Platform delivery,Online,SINGLE-1,N,"Calle Jiménez de la Espada 17
30204 Murcia Cartagena
España",Delivered,2026-05-07 13:27,N,,,,,50.70,0.00,0.00,0.00,0.00,0.00,2.21,0.00,8.64,0.00,10.52,0.00,0.00,0.00,,0.00,,,29.33,0.00,0.00,29.33,0.00,0.00,8.64,0.00,0.00,"1 The Trufa Corp, 1 Cheese Bacon, 1 The Golden Bite Combo [1 Burger BBK, 1 Fritas bacon queso, 1 Fuze Tea Maracuyá (330 ml.)]"
GULA - CAA - Calle Jimenez de la Espada,101645163341,925154,Platform delivery,Online,SINGLE-1,N,"Calle Jiménez de la Espada 17
30204 Murcia Cartagena
España",Cancelled,2026-05-07 14:36,N,,,,,6.95,0.00,0.00,0.00,0.00,0.00,0.37,0.00,0.00,0.00,1.74,0.00,0.00,0.00,,0.00,,,4.84,0.00,0.00,4.84,0.00,0.00,0.00,0.00,0.00,1 Cheese Jr.
GULA - CAA - Calle Jimenez de la Espada,101645164771,925154,Platform delivery,Online,SINGLE-1,Y,"Calle Jiménez de la Espada 17
30204 Murcia Cartagena
España",Delivered,2026-05-07 14:37,Y,Missing item,,,,26.90,0.00,0.00,0.00,0.00,0.00,0.97,0.00,10.67,0.00,4.06,3.25,0.00,0.00,Prime Order Fee: 0.55,0.00,,,7.40,0.00,0.00,7.40,0.00,0.00,10.67,0.00,0.00,"1 Cheese Bacon, 2 Fritas Bacon Queso "
GULA - CAA - Calle Jimenez de la Espada,101645310579,925154,Platform delivery,Online,SINGLE-1,N,"Calle Jiménez de la Espada 17
30204 Murcia Cartagena
España",Delivered,2026-05-07 17:13,N,,,,,32.90,0.00,0.00,0.00,0.00,0.00,1.22,0.00,9.57,0.00,5.83,0.00,0.00,0.00,,0.00,,,16.28,0.00,0.00,16.28,0.00,0.00,9.57,0.00,0.00,"1 Pleasure For 2 Combo [1 Gula Cheeseburger, 1 Burger Cheese Bacon, 1 Fritas bacon queso, 1 Coca-Cola Zero Azúcar lata 330ml., 1 Cerveza Estrella Galicia (330 ml.)]"
GULA - CAA - Calle Jimenez de la Espada,101645399586,925154,Platform delivery,Cash,SINGLE-1,N,"Calle Jiménez de la Espada 17
30204 Murcia Cartagena
España",Delivered,2026-05-07 18:54,N,,,,,22.39,0.00,0.00,0.00,0.00,0.00,1.00,0.00,3.39,0.00,4.75,0.00,0.00,0.00,,0.00,,,13.25,0.00,0.00,13.25,0.00,0.00,3.39,0.00,0.00,"1 Golden Slider, 1 Fritas Bacon Queso, 1 Salsa Trufada, 1 Coca-Cola Sabor Original lata 330ml."
GULA - CAA - Calle Jimenez de la Espada,101645401803,925154,Platform delivery,Online,SINGLE-1,N,"Calle Jiménez de la Espada 17
30204 Murcia Cartagena
España",Delivered,2026-05-07 18:54,N,,,,,20.40,0.00,0.00,0.00,0.00,0.00,0.75,0.00,6.12,0.00,3.57,0.00,0.00,0.00,,0.00,,,9.96,0.00,0.00,9.96,0.00,0.00,6.12,0.00,0.00,"1 The Trufa Corp Chicken, 1 Fritas Trufadas"
GULA - CAA - Calle Jimenez de la Espada,101645444187,925154,Platform delivery,Online,SINGLE-1,Y,"Calle Jiménez de la Espada 17
30204 Murcia Cartagena
España",Delivered,2026-05-07 19:18,N,,,,,14.90,0.00,0.00,0.00,0.00,0.00,0.90,0.00,0.00,0.00,3.73,0.00,0.00,0.00,Prime Order Fee: 0.55,0.00,,,9.72,0.00,0.00,9.72,0.00,0.00,0.00,0.00,0.00,"1 The Sinner Combo [1 Gula Cheeseburger, 1 Fanta Naranja lata 330ml.]"
GULA - CAA - Calle Jimenez de la Espada,101645604047,925154,Platform delivery,Online,SINGLE-1,N,"Calle Jiménez de la Espada 17
30204 Murcia Cartagena
España",Delivered,2026-05-07 21:06,N,,,,,20.40,0.00,0.00,0.00,0.00,0.00,0.75,0.00,6.61,0.00,3.57,0.00,0.00,0.00,,0.00,,,9.47,0.00,0.00,9.47,0.00,0.00,6.61,0.00,0.00,"1 Cheese Bacon, 1 Fritas Trufadas"
GULA - CAA - Calle Jimenez de la Espada,101645632123,925154,Platform delivery,Online,SINGLE-1,N,"Calle Jiménez de la Espada 17
30204 Murcia Cartagena
España",Delivered,2026-05-07 21:25,N,,,,,32.90,0.00,0.00,0.00,0.00,0.00,1.22,0.00,10.06,0.00,5.83,0.00,0.00,0.00,,0.00,,,15.79,0.00,0.00,15.79,0.00,0.00,10.06,0.00,0.00,"1 Pleasure For 2 Combo [1 Gula Cheeseburger, 1 Burger BBK, 1 Fritas bacon queso, 2 Coca-Cola Zero Azúcar lata 330ml.]"
GULA - CAA - Calle Jimenez de la Espada,101645659353,925154,Platform delivery,Online,SINGLE-1,N,"Calle Jiménez de la Espada 17
30204 Murcia Cartagena
España",Delivered,2026-05-07 21:46,N,,,,,12.90,0.00,0.00,0.00,0.00,0.00,0.47,0.00,4.86,0.00,2.26,0.00,0.00,0.00,,0.00,,,5.31,0.00,0.00,5.31,0.00,0.00,4.86,0.00,0.00,1 The Pope'S Burger
GULA - CAA - Calle Jimenez de la Espada,101645667628,925154,Platform delivery,Online,SINGLE-1,Y,"Calle Jiménez de la Espada 17
30204 Murcia Cartagena
España",Delivered,2026-05-07 22:11,N,,,,,19.70,0.00,0.00,0.00,0.00,0.00,0.93,0.00,4.17,0.00,3.88,0.00,0.00,0.00,Prime Order Fee: 0.55,0.00,,,10.17,0.00,0.00,10.17,0.00,0.00,4.17,0.00,0.00,"1 The Trufa Corp Chicken, 1 Cheescake de Fresa"
GULA - CAA - Calle Jimenez de la Espada,101645672536,925154,Platform delivery,Online,SINGLE-1,N,"Calle Jiménez de la Espada 17
30204 Murcia Cartagena
España",Delivered,2026-05-07 21:57,N,,,,,19.30,0.00,0.00,0.00,0.00,0.00,1.01,0.00,0.19,0.00,4.83,0.00,0.00,0.00,,0.00,,,13.27,0.00,0.00,13.27,0.00,0.00,0.19,0.00,0.00,"1 Nuestras Fritas, 1 The Sinner Combo [1 The Pope's Burger, 1 Coca-Cola Zero Azúcar Zero Cafeína lata 330ml.]"
GULA - CAA - Calle Jimenez de la Espada,101645705551,925154,Platform delivery,Online,SINGLE-1,N,"Calle Jiménez de la Espada 17
30204 Murcia Cartagena
España",Delivered,2026-05-07 22:32,N,,,,,33.40,0.00,0.00,0.00,0.00,0.00,1.25,0.00,10.06,0.00,5.96,0.00,0.00,0.00,,0.00,,,16.13,0.00,0.00,16.13,0.00,0.00,10.06,0.00,0.00,"1 Pleasure For 2 Combo [2 Gula Cheeseburger, 1 Nuestras fritas, 2 Agua Cabreiroa (330 ml.), 1 Extra: Kétchup GULA, 1 Sin Extras]"
GULA - CAA - Calle Jimenez de la Espada,101646009931,925154,Platform delivery,Online,SINGLE-1,N,"Calle Jiménez de la Espada 17
30204 Murcia Cartagena
España",Delivered,2026-05-08 13:36,N,,,,,59.70,0.00,0.00,0.00,0.00,0.00,2.63,0.00,12.56,0.00,12.53,0.00,0.00,0.00,,0.00,,,31.98,0.00,0.00,31.98,0.00,0.00,12.56,0.00,0.00,"1 GULA Cheeseburger, 1 Fritas Bacon Queso [1 Extra: Salsa trufada], 1 Pleasure For 2 Combo [2 Gula Cheeseburger, 1 Fritas bacon queso, 1 Fanta Naranja lata 330ml., 1 Fanta Limón lata 330ml.], 1 Salsa Trufada, 1 Tarta de Oreo"
GULA - CAA - Calle Jimenez de la Espada,101646085735,925154,Platform delivery,Online,SINGLE-1,N,"Calle Jiménez de la Espada 17
30204 Murcia Cartagena
España",Delivered,2026-05-08 14:35,N,,,,,42.70,0.00,0.00,0.00,0.00,0.00,1.79,0.00,9.13,0.00,8.52,0.00,0.00,0.00,,0.00,,,23.26,0.00,0.00,23.26,0.00,0.00,9.13,0.00,0.00,"1 The Trufa Corp, 1 Cheese Bacon, 1 Buffalo Ranch"
GULA - CAA - Calle Jimenez de la Espada,101646166086,925154,Platform delivery,Online,SINGLE-1,N,"Calle Jiménez de la Espada 17
30204 Murcia Cartagena
España",Delivered,2026-05-08 15:46,N,,,,,39.80,0.00,0.00,0.00,0.00,0.00,1.89,0.00,4.06,0.00,8.98,0.00,0.00,0.00,,0.00,,,24.87,0.00,0.00,24.87,0.00,0.00,4.06,0.00,0.00,"1 The Pope'S Burger, 1 Spicy V [1 Extra: Fritas bacon queso], 1 Fritas Bacon Queso"
GULA - CAA - Calle Jimenez de la Espada,101646283065,925154,Platform delivery,Online,SINGLE-1,Y,"Calle Jiménez de la Espada 17
30204 Murcia Cartagena
España",Delivered,2026-05-08 17:45,N,,,,,18.79,0.00,0.00,0.00,0.00,0.00,0.93,0.00,3.39,0.00,3.85,0.00,0.00,0.00,Prime Order Fee: 0.55,0.00,,,10.07,0.00,0.00,10.07,0.00,0.00,3.39,0.00,0.00,"1 Golden Slider, 1 Fritas Buffalo Ranch"
GULA - CAA - Calle Jimenez de la Espada,101646293676,925154,Platform delivery,Cash,SINGLE-1,N,"Calle Jiménez de la Espada 17
30204 Murcia Cartagena
España",Delivered,2026-05-08 17:56,N,,,,,20.40,0.00,0.00,0.00,0.00,0.00,0.85,0.00,4.66,0.00,4.06,0.00,0.00,0.00,,0.00,,,10.83,0.00,0.00,10.83,0.00,0.00,4.66,0.00,0.00,"1 Cheese Bacon, 1 Fritas Bacon Queso"
GULA - CAA - Calle Jimenez de la Espada,101646498128,925154,Platform delivery,Online,SINGLE-1,N,"Calle Jiménez de la Espada 17
30204 Murcia Cartagena
España",Delivered,2026-05-08 20:14,N,,,,,34.90,0.00,0.00,0.00,0.00,0.00,1.33,0.00,11.56,0.00,6.33,0.00,0.00,0.00,,0.00,,,15.68,0.00,0.00,15.68,0.00,0.00,11.56,0.00,0.00,"1 Pleasure For 2 Combo [1 Burger The Trufa Corp, 1 Burger Cheese Bacon, 1 Fritas bacon queso, 1 Coca-Cola Zero Azúcar lata 330ml., 1 Fuze Tea Limón Sabor Original Lata 330ml]"
GULA - CAA - Calle Jimenez de la Espada,101646506972,925154,Platform delivery,Online,SINGLE-1,N,"Calle Jiménez de la Espada 17
30204 Murcia Cartagena
España",Delivered,2026-05-08 20:19,Y,Missing item,,,,38.19,0.00,0.00,0.00,0.00,0.00,1.40,0.00,14.95,0.00,6.68,4.55,0.00,0.00,,0.00,,,10.61,0.00,0.00,10.61,0.00,0.00,14.95,0.00,0.00,"1 The Trufa Corp Chicken, 1 Golden Slider, 2 Fritas Trufadas "
GULA - CAA - Calle Jimenez de la Espada,101646594570,925154,Platform delivery,Online,SINGLE-1,N,"Calle Jiménez de la Espada 17
30204 Murcia Cartagena
España",Delivered,2026-05-08 21:03,N,,,,,32.90,0.00,0.00,0.00,0.00,0.00,1.22,0.00,9.76,0.00,5.83,0.00,0.00,0.00,,0.00,,,16.09,0.00,0.00,16.09,0.00,0.00,9.76,0.00,0.00,"1 Pleasure For 2 Combo [2 Gula Cheeseburger, 1 Fritas buffalo ranch, 2 Coca-Cola Sabor Original lata 330ml.]"
GULA - CAA - Calle Jimenez de la Espada,101646595088,925154,Platform delivery,Online,SINGLE-1,N,"Calle Jiménez de la Espada 17
30204 Murcia Cartagena
España",Delivered,2026-05-08 21:08,Y,Missing item,,,,41.80,0.00,0.00,0.00,0.00,0.00,1.69,0.00,10.56,0.00,8.06,22.33,0.00,0.00,,0.00,,,-0.84,0.00,0.84,0.00,0.00,0.00,10.56,0.00,0.00,"1 Pollo Frito Al Estilo GULA [1 Salsa bacon], 1 Pleasure For 2 Combo  [2 Gula Cheeseburger, 1 Fritas bacon queso, 1 Coca-Cola Sabor Original lata 330ml., 1 Fanta Naranja lata 330ml., 1 Sin Extras]"
GULA - CAA - Calle Jimenez de la Espada,101646658046,925154,Platform delivery,Online,SINGLE-1,N,"Calle Jiménez de la Espada 17
30204 Murcia Cartagena
España",Delivered,2026-05-08 21:42,N,,,,,37.40,0.00,0.00,0.00,0.00,0.00,1.46,0.00,14.56,0.00,6.96,0.00,0.00,0.00,,0.00,,,14.42,0.00,0.00,14.42,0.00,0.00,14.56,0.00,0.00,"1 Pleasure For 2 Combo [1 Gula Cheeseburger, 1 Burger The Trufa Corp, 1 Fritas bacon queso, 1 Fuze Tea Limón Sabor Original Lata 330ml, 1 Fuze Tea Maracuyá (330 ml.)], 1 Cheesecake con cereales 3 chocolates"
GULA - CAA - Calle Jimenez de la Espada,101646668799,925154,Platform delivery,Cash,SINGLE-1,N,"Calle Jiménez de la Espada 17
30204 Murcia Cartagena
España",Delivered,2026-05-08 21:41,N,,,,,55.88,0.00,0.00,0.00,0.00,0.00,2.05,0.00,18.76,0.00,9.78,0.00,0.00,0.00,,0.00,,,25.29,0.00,0.00,25.29,0.00,0.00,18.76,0.00,0.00,"1 The Pope'S Burger, 1 Cheese Bacon, 2 Golden Slider, 1 Fritas Trufadas"
GULA - CAA - Calle Jimenez de la Espada,101646688243,925154,Platform delivery,Online,SINGLE-1,N,"Calle Jiménez de la Espada 17
30204 Murcia Cartagena
España",Delivered,2026-05-08 22:10,N,,,,,34.90,0.00,0.00,0.00,0.00,0.00,1.33,0.00,11.06,0.00,6.33,0.00,0.00,0.00,,0.00,,,16.18,0.00,0.00,16.18,0.00,0.00,11.06,0.00,0.00,"1 Pleasure For 2 Combo [1 Burger The Trufa Corp, 1 Burger Cheese Bacon, 1 Fritas bacon queso, 2 Fuze Tea Maracuyá (330 ml.)]"
GULA - CAA - Calle Jimenez de la Espada,101646751897,925154,Platform delivery,Online,SINGLE-1,N,"Calle Jiménez de la Espada 17
30204 Murcia Cartagena
España",Delivered,2026-05-08 22:41,N,,,,,106.20,0.00,0.00,0.00,0.00,0.00,4.07,0.00,29.20,0.00,19.37,0.00,0.00,0.00,,0.00,,,53.56,0.00,0.00,53.56,0.00,0.00,29.20,0.00,0.00,"1 Pleasure For 2 Combo [1 Burger The Trufa Corp, 1 Burger Spicy V, 1 Pollo frito al estilo GULA, 1 Coca-Cola Zero Azúcar lata 330ml., 1 Cerveza Estrella Galicia 1906 (330 ml.)], 1 Pleasure For 2 Combo [1 Gula Cheeseburger, 1 Burger Spicy V, 1 Fritas bacon queso, 1 Cerveza Estrella Galicia (330 ml.), 1 Cerveza Estrella Galicia 1906 (330 ml.)], 1 Pleasure For 2 Combo [1 Burger The Trufa Corp, 1 Burger Spicy V, 1 Fritas trufadas, 2 Cerveza Estrella Galicia 1906 (330 ml.)]"
GULA - CAA - Calle Jimenez de la Espada,101647087439,925154,Pickup,Online,SINGLE-1,N,"Calle Jiménez de la Espada 17
30204 Murcia Cartagena
España",Delivered,2026-05-09 13:39,N,,,,,1.80,0.00,0.00,0.00,0.00,0.00,0.06,0.00,0.00,0.00,0.27,0.00,0.00,0.00,,0.00,,,1.47,0.00,0.00,1.47,0.00,0.00,0.00,0.00,0.00,1 Salsa GULA
GULA - CAA - Calle Jimenez de la Espada,101647120153,925154,Platform delivery,Online,SINGLE-1,N,"Calle Jiménez de la Espada 17
30204 Murcia Cartagena
España",Delivered,2026-05-09 14:03,N,,,,,21.40,0.00,0.00,0.00,0.00,0.00,0.91,0.00,5.16,0.00,4.31,0.00,0.00,0.00,,0.00,,,11.02,0.00,0.00,11.02,0.00,0.00,5.16,0.00,0.00,"1 Cheese Bacon, 1 Fritas Buffalo Ranch"
GULA - CAA - Calle Jimenez de la Espada,101647121967,925154,Platform delivery,Online,SINGLE-1,N,"Calle Jiménez de la Espada 17
30204 Murcia Cartagena
España",Delivered,2026-05-09 14:06,N,,,,,34.60,0.00,0.00,0.00,0.00,0.00,1.20,0.00,12.23,0.00,5.72,0.00,0.00,0.00,,0.00,,,15.45,0.00,0.00,15.45,0.00,0.00,12.23,0.00,0.00,"2 The Sinner, 2 Nuestras Fritas"
GULA - CAA - Calle Jimenez de la Espada,101647132259,925154,Platform delivery,Online,SINGLE-1,N,"Calle Jiménez de la Espada 17
30204 Murcia Cartagena
España",Delivered,2026-05-09 14:18,N,,,,,13.90,0.00,0.00,0.00,0.00,0.00,0.51,0.00,4.66,0.00,2.43,0.00,0.00,0.00,,0.00,,,6.30,0.00,0.00,6.30,0.00,0.00,4.66,0.00,0.00,1 Cheese Bacon
GULA - CAA - Calle Jimenez de la Espada,101647151322,925154,Platform delivery,Online,SINGLE-1,N,"Calle Jiménez de la Espada 17
30204 Murcia Cartagena
España",Delivered,2026-05-09 14:24,N,,,,,35.60,0.00,0.00,0.00,0.00,0.00,1.46,0.00,8.36,0.00,6.93,0.00,0.00,0.00,,0.00,,,18.85,0.00,0.00,18.85,0.00,0.00,8.36,0.00,0.00,"1 The Trufa Corp, 1 Spicy V, 2 Nuestras Fritas"
GULA - CAA - Calle Jimenez de la Espada,101647188220,925154,Platform delivery,Online,SINGLE-1,N,"Calle Jiménez de la Espada 17
30204 Murcia Cartagena
España",Delivered,2026-05-09 14:52,N,,,,,24.50,0.00,0.00,0.00,0.00,0.00,1.11,0.00,4.39,0.00,5.28,0.00,0.00,0.00,,0.00,,,13.72,0.00,0.00,13.72,0.00,0.00,4.39,0.00,0.00,"1 GULA Cheeseburger [1 Extra: Fuze Tea Limón Sabor Original Lata 330ml], 2 Nuestras Fritas, 2 Salsa BBK"
GULA - CAA - Calle Jimenez de la Espada,101647206849,925154,Platform delivery,Online,SINGLE-1,N,"Calle Jiménez de la Espada 17
30204 Murcia Cartagena
España",Delivered,2026-05-09 15:08,N,,,,,31.10,0.00,0.00,0.00,0.00,0.00,1.23,0.00,7.76,0.00,5.88,0.00,0.00,0.00,,0.00,,,16.23,0.00,0.00,16.23,0.00,0.00,7.76,0.00,0.00,"1 The Trufa Corp Chicken [1 Extra: Tarta de Lotus], 2 Nuestras Fritas, 1 Salsa GULA, 1 Coca-Cola Zero Azúcar lata 330ml."
GULA - CAA - Calle Jimenez de la Espada,101647207649,925154,Platform delivery,Cash,SINGLE-1,N,"Calle Jiménez de la Espada 17
30204 Murcia Cartagena
España",Delivered,2026-05-09 15:08,N,,,,,31.90,0.00,0.00,0.00,0.00,0.00,1.17,0.00,10.06,0.00,5.58,0.00,0.00,0.00,,0.00,,,15.09,0.00,0.00,15.09,0.00,0.00,10.06,0.00,0.00,"1 Pleasure For 2 Combo [2 Gula Cheeseburger, 1 Fritas bacon queso, 1 Coca-Cola Sabor Original lata 330ml., 1 Fanta Naranja lata 330ml., 1 Sin Extras]"
GULA - CAA - Calle Jimenez de la Espada,101647216929,925154,Platform delivery,Online,SINGLE-1,N,"Calle Jiménez de la Espada 17
30204 Murcia Cartagena
España",Delivered,2026-05-09 15:14,N,,,,,31.90,0.00,0.00,0.00,0.00,0.00,1.17,0.00,10.06,0.00,5.58,0.00,0.00,0.00,,0.00,,,15.09,0.00,0.00,15.09,0.00,0.00,10.06,0.00,0.00,"1 Pleasure For 2 Combo [2 Gula Cheeseburger, 1 Fritas bacon queso, 1 Coca-Cola Zero Azúcar Zero Cafeína lata 330ml., 1 Fuze Tea Limón Sabor Original Lata 330ml, 1 Sin Extras]"
GULA - CAA - Calle Jimenez de la Espada,101647316599,925154,Platform delivery,Cash,SINGLE-1,N,"Calle Jiménez de la Espada 17
30204 Murcia Cartagena
España",Delivered,2026-05-09 16:45,N,,,,,15.90,0.00,0.00,0.00,0.00,0.00,0.84,0.00,0.19,0.00,3.98,0.00,0.00,0.00,,0.00,,,10.89,0.00,0.00,10.89,0.00,0.00,0.19,0.00,0.00,"1 The Sinner Combo [1 Burger Cheese Bacon, 1 Agua Cabreiroa (330 ml.)]"
GULA - CAA - Calle Jimenez de la Espada,101647368131,925154,Platform delivery,Online,SINGLE-1,N,"Calle Jiménez de la Espada 17
30204 Murcia Cartagena
España",Delivered,2026-05-09 17:33,N,,,,,28.80,0.00,0.00,0.00,0.00,0.00,1.06,0.00,8.83,0.00,5.04,0.00,0.00,0.00,,0.00,,,13.87,0.00,0.00,13.87,0.00,0.00,8.83,0.00,0.00,"1 The Trufa Corp, 1 Cheese Bacon"
GULA - CAA - Calle Jimenez de la Espada,101647551501,925154,Platform delivery,Online,SINGLE-1,Y,"Calle Jiménez de la Espada 17
30204 Murcia Cartagena
España",Delivered,2026-05-09 19:50,N,,,,,25.80,0.00,0.00,0.00,0.00,0.00,1.26,0.00,4.17,0.00,5.41,0.00,0.00,0.00,Prime Order Fee: 0.55,0.00,,,14.41,0.00,0.00,14.41,0.00,0.00,4.17,0.00,0.00,"1 GULA Cheeseburger, 1 Cheese Bacon"
GULA - CAA - Calle Jimenez de la Espada,101647571405,925154,Platform delivery,Cash,SINGLE-1,N,"Calle Jiménez de la Espada 17
30204 Murcia Cartagena
España",Delivered,2026-05-09 20:01,N,,,,,46.19,0.00,0.00,0.00,0.00,0.00,1.75,0.00,14.45,0.00,8.31,0.00,0.00,0.00,,0.00,,,21.68,0.00,0.00,21.68,0.00,0.00,14.45,0.00,0.00,"1 Golden Slider, 1 Pleasure For 2 Combo [1 Burger Spicy V, 1 Burger The Sinner, 1 Fritas trufadas, 1 Coca-Cola Zero Azúcar lata 330ml., 1 Coca-Cola Sabor Original lata 330ml.]"
GULA - CAA - Calle Jimenez de la Espada,101647601619,925154,Platform delivery,Online,SINGLE-1,N,"Calle Jiménez de la Espada 17
30204 Murcia Cartagena
España",Delivered,2026-05-09 20:20,N,,,,,34.90,0.00,0.00,0.00,0.00,0.00,1.33,0.00,12.56,0.00,6.33,0.00,0.00,0.00,,0.00,,,14.68,0.00,0.00,14.68,0.00,0.00,12.56,0.00,0.00,"1 Pleasure For 2 Combo [1 Burger Cheese Bacon, 1 Burger The Trufa Corp Chicken, 1 Fritas buffalo ranch, 1 Coca-Cola Zero Azúcar lata 330ml., 1 Fuze Tea Limón Sabor Original Lata 330ml]"
GULA - CAA - Calle Jimenez de la Espada,101647617110,925154,Platform delivery,Online,SINGLE-1,N,"Calle Jiménez de la Espada 17
30204 Murcia Cartagena
España",Delivered,2026-05-09 20:24,N,,,,,33.90,0.00,0.00,0.00,0.00,0.00,1.28,0.00,9.76,0.00,6.08,0.00,0.00,0.00,,0.00,,,16.78,0.00,0.00,16.78,0.00,0.00,9.76,0.00,0.00,"1 Pleasure For 2 Combo [1 Burger Cheese Bacon, 1 Burger Spicy V, 1 Fritas bacon queso, 2 Agua Cabreiroa (330 ml.)]"
GULA - CAA - Calle Jimenez de la Espada,101647668672,925154,Pickup,Online,SINGLE-1,N,"Calle Jiménez de la Espada 17
30204 Murcia Cartagena
España",Delivered,2026-05-09 20:49,N,,,,,1.50,0.00,0.00,0.00,0.00,0.00,0.05,0.00,0.00,0.00,0.23,0.00,0.00,0.00,,0.00,,,1.22,0.00,0.00,1.22,0.00,0.00,0.00,0.00,0.00,1 Salsa Chile Chipotle
GULA - CAA - Calle Jimenez de la Espada,101647697950,925154,Platform delivery,Online,SINGLE-1,N,"Calle Jiménez de la Espada 17
30204 Murcia Cartagena
España",Delivered,2026-05-09 21:15,Y,Wrong item,,,,41.40,0.00,0.00,0.00,0.00,0.00,1.67,0.00,9.76,0.00,7.96,13.81,0.00,0.00,,0.00,,,8.20,0.00,0.00,8.20,0.00,0.00,9.76,0.00,0.00,"1 Pleasure For 2 Combo  [2 Burger Cheese Bacon, 1 Fritas bacon queso, 1 Fuze Tea Limón Sabor Original Lata 330ml, 1 Fuze Tea Maracuyá (330 ml.), 1 Extra: Fritas buffalo ranch, 1 Sin Extras]"
GULA - CAA - Calle Jimenez de la Espada,101647716226,925154,Platform delivery,Online,SINGLE-1,N,"Calle Jiménez de la Espada 17
30204 Murcia Cartagena
España",Delivered,2026-05-09 21:24,N,,,,,11.29,0.00,0.00,0.00,0.00,0.00,0.42,0.00,3.88,0.00,1.98,0.00,0.00,0.00,,0.00,,,5.01,0.00,0.00,5.01,0.00,0.00,3.88,0.00,0.00,1 Golden Slider
GULA - CAA - Calle Jimenez de la Espada,101647736092,925154,Platform delivery,Online,SINGLE-1,N,"Calle Jiménez de la Espada 17
30204 Murcia Cartagena
España",Delivered,2026-05-09 21:31,N,,,,,34.40,0.00,0.00,0.00,0.00,0.00,1.30,0.00,9.76,0.00,6.21,0.00,0.00,0.00,,0.00,,,17.13,0.00,0.00,17.13,0.00,0.00,9.76,0.00,0.00,"1 Pleasure For 2 Combo [1 Burger Cheese Bacon, 1 Burger The Trufa Corp Chicken, 1 Fritas bacon queso, 1 Fuze Tea Maracuyá (330 ml.), 1 Cerveza Estrella Galicia 1906 (330 ml.)]"
GULA - CAA - Calle Jimenez de la Espada,101647758211,925154,Platform delivery,Online,SINGLE-1,N,"Calle Jiménez de la Espada 17
30204 Murcia Cartagena
España",Delivered,2026-05-09 21:48,Y,Wrong item,,,,35.90,0.00,0.00,0.00,0.00,0.00,1.38,0.00,9.76,0.00,6.58,0.74,0.00,0.00,,0.00,,,17.44,0.00,0.00,17.44,0.00,0.00,9.76,0.00,0.00,"1 Pleasure For 2 Combo  [1 Burger The Trufa Corp, 1 Burger Cheese Bacon, 1 Fritas buffalo ranch, 2 Coca-Cola Sabor Original lata 330ml.]"
GULA - CAA - Calle Jimenez de la Espada,101647777045,925154,Platform delivery,Online,SINGLE-1,N,"Calle Jiménez de la Espada 17
30204 Murcia Cartagena
España",Delivered,2026-05-09 21:44,Y,Missing item,,,,57.30,0.00,0.00,0.00,0.00,0.00,2.40,0.00,12.01,0.00,11.45,1.00,0.00,0.00,,0.00,,,30.44,0.00,0.00,30.44,0.00,0.00,12.01,0.00,0.00,"1 Fritas Trufadas, 1 The Sinner Combo  [1 Burger Cheese Bacon, 1 Coca-Cola Sabor Original lata 330ml.], 1 Pleasure For 2 Combo [1 Burger Cheese Bacon, 1 Burger Bohemian Chicken, 1 Fritas buffalo ranch, 2 Coca-Cola Sabor Original lata 330ml.]"
GULA - CAA - Calle Jimenez de la Espada,101647780672,925154,Platform delivery,Online,SINGLE-1,N,"Calle Jiménez de la Espada 17
30204 Murcia Cartagena
España",Delivered,2026-05-09 21:46,N,,,,,34.90,0.00,0.00,0.00,0.00,0.00,1.33,0.00,9.76,0.00,6.33,0.00,0.00,0.00,,0.00,,,17.48,0.00,0.00,17.48,0.00,0.00,9.76,0.00,0.00,"1 Pleasure For 2 Combo [1 Burger The Trufa Corp, 1 Burger Cheese Bacon, 1 Fritas bacon queso, 1 Coca-Cola Zero Azúcar lata 330ml., 1 Fuze Tea Maracuyá (330 ml.), 1 Sin Extras]"
GULA - CAA - Calle Jimenez de la Espada,101648182992,925154,Pickup,Online,SINGLE-1,N,"Calle Jiménez de la Espada 17
30204 Murcia Cartagena
España",Delivered,2026-05-10 13:21,N,,,,,1.50,0.00,0.00,0.00,0.00,0.00,0.05,0.00,0.00,0.00,0.23,0.00,0.00,0.00,,0.00,,,1.22,0.00,0.00,1.22,0.00,0.00,0.00,0.00,0.00,1 Salsa Queen
GULA - CAA - Calle Jimenez de la Espada,101648255686,925154,Platform delivery,Online,SINGLE-1,N,"Calle Jiménez de la Espada 17
30204 Murcia Cartagena
España",Delivered,2026-05-10 14:22,N,,,,,34.90,0.00,0.00,0.00,0.00,0.00,1.33,0.00,11.56,0.00,6.33,0.00,0.00,0.00,,0.00,,,15.68,0.00,0.00,15.68,0.00,0.00,11.56,0.00,0.00,"1 Pleasure For 2 Combo [1 Burger Spicy V, 1 Burger The Trufa Corp Chicken, 1 Fritas buffalo ranch, 2 Fuze Tea Maracuyá (330 ml.), 1 Sin Extras]"
GULA - CAA - Calle Jimenez de la Espada,101648295634,925154,Platform delivery,Online,SINGLE-1,N,"Calle Jiménez de la Espada 17
30204 Murcia Cartagena
España",Delivered,2026-05-10 14:36,N,,,,,34.90,0.00,0.00,0.00,0.00,0.00,1.33,0.00,10.06,0.00,6.33,0.00,0.00,0.00,,0.00,,,17.18,0.00,0.00,17.18,0.00,0.00,10.06,0.00,0.00,"1 Pleasure For 2 Combo [1 Burger The Trufa Corp, 1 Burger Spicy V, 1 Fritas bacon queso, 1 Coca-Cola Zero Azúcar Zero Cafeína lata 330ml., 1 Fuze Tea Maracuyá (330 ml.), 1 Sin Extras]"
GULA - CAA - Calle Jimenez de la Espada,101648300279,925154,Platform delivery,Online,SINGLE-1,N,"Calle Jiménez de la Espada 17
30204 Murcia Cartagena
España",Delivered,2026-05-10 14:38,N,,,,,11.29,0.00,0.00,0.00,0.00,0.00,0.42,0.00,4.38,0.00,1.98,0.00,0.00,0.00,,0.00,,,4.51,0.00,0.00,4.51,0.00,0.00,4.38,0.00,0.00,1 Golden Slider
GULA - CAA - Calle Jimenez de la Espada,101648317746,925154,Platform delivery,Online,SINGLE-1,N,"Calle Jiménez de la Espada 17
30204 Murcia Cartagena
España",Delivered,2026-05-10 14:50,N,,,,,22.40,0.00,0.00,0.00,0.00,0.00,1.18,0.00,0.49,0.00,5.60,0.00,0.00,0.00,,0.00,,,15.13,0.00,0.00,15.13,0.00,0.00,0.49,0.00,0.00,"1 The Sinner Combo [1 The Pope's Burger, 1 Fuze Tea Limón Sabor Original Lata 330ml, 1 Extra: Fritas trufadas, 1 Sin Extras]"
GULA - CAA - Calle Jimenez de la Espada,101648327326,925154,Platform delivery,Online,SINGLE-1,N,"Calle Jiménez de la Espada 17
30204 Murcia Cartagena
España",Delivered,2026-05-10 15:07,N,,,,,27.80,0.00,0.00,0.00,0.00,0.00,1.02,0.00,8.83,0.00,4.87,0.00,0.00,0.00,,0.00,,,13.08,0.00,0.00,13.08,0.00,0.00,8.83,0.00,0.00,"1 Cheese Bacon, 1 The Trufa Corp Chicken"
GULA - CAA - Calle Jimenez de la Espada,101648333177,925154,Platform delivery,Online,SINGLE-1,N,"Calle Jiménez de la Espada 17
30204 Murcia Cartagena
España",Delivered,2026-05-10 15:04,N,,,,,14.90,0.00,0.00,0.00,0.00,0.00,0.78,0.00,0.49,0.00,3.73,0.00,0.00,0.00,,0.00,,,9.90,0.00,0.00,9.90,0.00,0.00,0.49,0.00,0.00,"1 The Sinner Combo [1 Gula Cheeseburger, 1 Coca-Cola Zero Azúcar lata 330ml.]"
GULA - CAA - Calle Jimenez de la Espada,101648408164,925154,Platform delivery,Online,SINGLE-1,N,"Calle Jiménez de la Espada 17
30204 Murcia Cartagena
España",Delivered,2026-05-10 16:01,N,,,,,37.70,0.00,0.00,0.00,0.00,0.00,1.48,0.00,9.76,0.00,7.03,0.00,0.00,0.00,,0.00,,,19.43,0.00,0.00,19.43,0.00,0.00,9.76,0.00,0.00,"1 Pleasure For 2 Combo [2 Gula Cheeseburger, 1 Fritas bacon queso, 2 Fanta Naranja lata 330ml., 1 Extra: Tarta de Lotus]"
GULA - CAA - Calle Jimenez de la Espada,101648446010,925154,Platform delivery,Online,SINGLE-1,Y,"Calle Jiménez de la Espada 17
30204 Murcia Cartagena
España",Delivered,2026-05-10 16:34,N,,,,,32.40,0.00,0.00,0.00,0.00,0.00,1.32,0.00,9.57,0.00,5.71,0.00,0.00,0.00,Prime Order Fee: 0.55,0.00,,,15.25,0.00,0.00,15.25,0.00,0.00,9.57,0.00,0.00,"1 Pleasure For 2 Combo [2 Gula Cheeseburger, 1 Fritas trufadas, 1 Agua Cabreiroa (330 ml.), 1 Cerveza Estrella Galicia 1906 (330 ml.)]"
GULA - CAA - Calle Jimenez de la Espada,101648449257,925154,Platform delivery,Online,SINGLE-1,N,"Calle Jiménez de la Espada 17
30204 Murcia Cartagena
España",Delivered,2026-05-10 16:38,N,,,,,24.30,0.00,0.00,0.00,0.00,0.00,0.78,0.00,9.86,0.00,3.73,0.00,0.00,0.00,,0.00,,,9.93,0.00,0.00,9.93,0.00,0.00,9.86,0.00,0.00,"1 Cheese Bacon, 2 Nuestras Fritas [1 Extra: Salsa GULA]"
GULA - CAA - Calle Jimenez de la Espada,101648540428,925154,Platform delivery,Online,SINGLE-1,N,"Calle Jiménez de la Espada 17
30204 Murcia Cartagena
España",Delivered,2026-05-10 17:56,N,,,,,40.40,0.00,0.00,0.00,0.00,0.00,1.52,0.00,12.51,0.00,7.22,0.00,0.00,0.00,,0.00,,,19.15,0.00,0.00,19.15,0.00,0.00,12.51,0.00,0.00,"1 Fritas Trufadas, 1 Pleasure For 2 Combo [1 Burger Spicy V, 1 Burger The Trufa Corp Chicken, 1 Fritas trufadas, 1 Agua Cabreiroa (330 ml.), 1 Fanta Naranja lata 330ml.]"
GULA - CAA - Calle Jimenez de la Espada,101648649030,925154,Platform delivery,Online,SINGLE-1,N,"Calle Jiménez de la Espada 17
30204 Murcia Cartagena
España",Delivered,2026-05-10 19:17,N,,,,,13.90,0.00,0.00,0.00,0.00,0.00,0.51,0.00,4.36,0.00,2.43,0.00,0.00,0.00,,0.00,,,6.60,0.00,0.00,6.60,0.00,0.00,4.36,0.00,0.00,1 Cheese Bacon
GULA - CAA - Calle Jimenez de la Espada,101648670863,925154,Platform delivery,Online,SINGLE-1,N,"Calle Jiménez de la Espada 17
30204 Murcia Cartagena
España",Delivered,2026-05-10 19:35,N,,,,,18.09,0.00,0.00,0.00,0.00,0.00,0.59,0.00,7.28,0.00,2.83,0.00,0.00,0.00,,0.00,,,7.39,0.00,0.00,7.39,0.00,0.00,7.28,0.00,0.00,"1 Golden Slider, 2 Nuestras Fritas"
GULA - CAA - Calle Jimenez de la Espada,101648720825,925154,Platform delivery,Online,SINGLE-1,N,"Calle Jiménez de la Espada 17
30204 Murcia Cartagena
España",Delivered,2026-05-10 19:56,N,,,,,32.90,0.00,0.00,0.00,0.00,0.00,1.22,0.00,10.06,0.00,5.83,0.00,0.00,0.00,,0.00,,,15.79,0.00,0.00,15.79,0.00,0.00,10.06,0.00,0.00,"1 Pleasure For 2 Combo [1 Gula Cheeseburger, 1 Burger Spicy V, 1 Fritas trufadas, 2 Cerveza Estrella Galicia (330 ml.)]"
GULA - CAA - Calle Jimenez de la Espada,101648761523,925154,Platform delivery,Online,SINGLE-1,N,"Calle Jiménez de la Espada 17
30204 Murcia Cartagena
España",Delivered,2026-05-10 20:16,N,,,,,18.40,0.00,0.00,0.00,0.00,0.00,0.97,0.00,0.99,0.00,4.60,0.00,0.00,0.00,,0.00,,,11.84,0.00,0.00,11.84,0.00,0.00,0.99,0.00,0.00,1 GULA Cheeseburger [1 Extra: Fritas bacon queso]
GULA - CAA - Calle Jimenez de la Espada,101648766167,925154,Platform delivery,Online,SINGLE-1,N,"Calle Jiménez de la Espada 17
30204 Murcia Cartagena
España",Delivered,2026-05-10 20:20,N,,,,,68.80,0.00,0.00,0.00,0.00,0.00,2.61,0.00,21.13,0.00,12.42,0.00,0.00,0.00,,0.00,,,32.64,0.00,0.00,32.64,0.00,0.00,21.13,0.00,0.00,"1 Pleasure For 2 Combo [1 Burger The Trufa Corp, 1 Burger Cheese Bacon, 1 Fritas trufadas, 2 Agua Cabreiroa (330 ml.)], 1 Pleasure For 2 Combo [1 Burger Cheese Bacon, 1 Burger The Trufa Corp Chicken, 1 Fritas bacon queso, 2 Agua Cabreiroa (330 ml.)]"
GULA - CAA - Calle Jimenez de la Espada,101648774567,925154,Platform delivery,Online,SINGLE-1,N,"Calle Jiménez de la Espada 17
30204 Murcia Cartagena
España",Delivered,2026-05-10 20:21,Y,Wrong item,,,,39.40,0.00,0.00,0.00,0.00,0.00,1.46,0.00,12.51,0.00,6.97,0.72,0.00,0.00,,0.00,,,17.74,0.00,0.00,17.74,0.00,0.00,12.51,0.00,0.00,"1 Fritas Trufadas, 1 Pleasure For 2 Combo  [1 Gula Cheeseburger, 1 Burger The Trufa Corp Chicken, 1 Fritas trufadas, 1 Agua Cabreiroa (330 ml.), 1 Coca-Cola Sabor Original lata 330ml.]"
GULA - CAA - Calle Jimenez de la Espada,101648780006,925154,Platform delivery,Online,SINGLE-1,N,"Calle Jiménez de la Espada 17
30204 Murcia Cartagena
España",Delivered,2026-05-10 20:24,N,,,,,34.30,0.00,0.00,0.00,0.00,0.00,1.60,0.00,8.36,0.00,7.61,0.00,0.00,0.00,,0.00,,,16.73,0.00,0.00,16.73,0.00,0.00,8.36,0.00,0.00,"1 The Pope'S Burger, 1 Spicy V, 1 Fritas Buffalo Ranch"
GULA - CAA - Calle Jimenez de la Espada,101648791476,925154,Platform delivery,Online,SINGLE-1,N,"Calle Jiménez de la Espada 17
30204 Murcia Cartagena
España",Delivered,2026-05-10 21:55,N,,,,,20.70,0.00,0.00,0.00,0.00,0.00,0.69,0.00,7.76,0.00,3.28,0.00,0.00,0.00,,0.00,,,8.97,0.00,0.00,8.97,0.00,0.00,7.76,0.00,0.00,"1 The Sinner, 2 Nuestras Fritas"
GULA - CAA - Calle Jimenez de la Espada,101648827845,925154,Platform delivery,Online,SINGLE-1,N,"Calle Jiménez de la Espada 17
30204 Murcia Cartagena
España",Delivered,2026-05-10 20:44,N,,,,,20.70,0.00,0.00,0.00,0.00,0.00,0.69,0.00,8.06,0.00,3.28,0.00,0.00,0.00,,0.00,,,8.67,0.00,0.00,8.67,0.00,0.00,8.06,0.00,0.00,"1 Cheese Bacon, 2 Nuestras Fritas"
GULA - CAA - Calle Jimenez de la Espada,101648831527,925154,Platform delivery,Online,SINGLE-1,N,"Calle Jiménez de la Espada 17
30204 Murcia Cartagena
España",Delivered,2026-05-10 20:54,Y,Bad Rating,,,,32.30,0.00,0.00,0.00,0.00,0.00,1.59,0.00,2.44,0.00,7.59,0.00,0.00,0.00,,0.00,,,20.68,0.00,0.00,20.68,0.00,0.00,2.44,0.00,0.00,"1 GULA Cheeseburger, 1 Buffalo Ranch, 1 Fritas Trufadas"
GULA - CAA - Calle Jimenez de la Espada,101648836655,925154,Platform delivery,Online,SINGLE-1,N,"Calle Jiménez de la Espada 17
30204 Murcia Cartagena
España",Delivered,2026-05-10 21:01,N,,,,,20.70,0.00,0.00,0.00,0.00,0.00,0.69,0.00,9.56,0.00,3.28,0.00,0.00,0.00,,0.00,,,7.17,0.00,0.00,7.17,0.00,0.00,9.56,0.00,0.00,"1 Cheese Bacon, 2 Nuestras Fritas"
GULA - CAA - Calle Jimenez de la Espada,101648837738,925154,Platform delivery,Online,SINGLE-1,N,"Calle Jiménez de la Espada 17
30204 Murcia Cartagena
España",Delivered,2026-05-10 20:54,N,,,,,21.40,0.00,0.00,0.00,0.00,0.00,0.79,0.00,6.91,0.00,3.75,0.00,0.00,0.00,,0.00,,,9.95,0.00,0.00,9.95,0.00,0.00,6.91,0.00,0.00,"1 The Trufa Corp, 1 Fritas Trufadas"
GULA - CAA - Calle Jimenez de la Espada,101648851918,925154,Platform delivery,Online,SINGLE-1,N,"Calle Jiménez de la Espada 17
30204 Murcia Cartagena
España",Delivered,2026-05-10 21:07,N,,,,,33.90,0.00,0.00,0.00,0.00,0.00,1.28,0.00,9.76,0.00,6.08,0.00,0.00,0.00,,0.00,,,16.78,0.00,0.00,16.78,0.00,0.00,9.76,0.00,0.00,"1 Pleasure For 2 Combo [1 The Pope's Burger, 1 Burger Buffalo Ranch, 1 Fritas trufadas, 1 Coca-Cola Zero Azúcar lata 330ml., 1 Aquarius Limón lata 330ml.]"
GULA - CAA - Calle Jimenez de la Espada,101648885635,925154,Platform delivery,Online,SINGLE-1,N,"Calle Jiménez de la Espada 17
30204 Murcia Cartagena
España",Delivered,2026-05-10 21:32,N,,,,,31.90,0.00,0.00,0.00,0.00,0.00,1.17,0.00,9.76,0.00,5.58,0.00,0.00,0.00,,0.00,,,15.39,0.00,0.00,15.39,0.00,0.00,9.76,0.00,0.00,"1 Pleasure For 2 Combo [2 Gula Cheeseburger, 1 Fritas trufadas, 2 Coca-Cola Zero Azúcar lata 330ml.]"
GULA - CAA - Calle Jimenez de la Espada,101648923035,925154,Platform delivery,Online,SINGLE-1,N,"Calle Jiménez de la Espada 17
30204 Murcia Cartagena
España",Delivered,2026-05-10 21:38,N,,,,,18.09,0.00,0.00,0.00,0.00,0.00,0.59,0.00,7.28,0.00,2.83,0.00,0.00,0.00,,0.00,,,7.39,0.00,0.00,7.39,0.00,0.00,7.28,0.00,0.00,"1 Golden Slider, 2 Nuestras Fritas"
GULA - CAA - Calle Jimenez de la Espada,101648942419,925154,Platform delivery,,,N,"Calle Jiménez de la Espada 17
30204 Murcia Cartagena
España",Cancelled,2026-05-10 21:56,N,,,,,36.30,0.00,0.00,0.00,0.00,0.00,0.00,0.00,0.00,0.00,0.00,0.00,0.00,0.00,,0.00,,,0.00,0.00,0.00,0.00,0.00,0.00,0.00,0.00,0.00,"2 The Trufa Corp, 1 Fritas Trufadas"
GULA - CAA - Calle Jimenez de la Espada,101648998891,925154,Pickup,Online,SINGLE-1,N,"Calle Jiménez de la Espada 17
30204 Murcia Cartagena
España",Delivered,2026-05-10 22:11,N,,,,,1.50,0.00,0.00,0.00,0.00,0.00,0.05,0.00,0.00,0.00,0.23,0.00,0.00,0.00,,0.00,,,1.22,0.00,0.00,1.22,0.00,0.00,0.00,0.00,0.00,1 Salsa Queen
GULA - CAA - Calle Jimenez de la Espada,101648999676,925154,Pickup,Online,SINGLE-1,N,"Calle Jiménez de la Espada 17
30204 Murcia Cartagena
España",Delivered,2026-05-10 22:11,N,,,,,1.50,0.00,0.00,0.00,0.00,0.00,0.05,0.00,0.00,0.00,0.23,0.00,0.00,0.00,,0.00,,,1.22,0.00,0.00,1.22,0.00,0.00,0.00,0.00,0.00,1 Salsa Queen
GULA - CAA - Calle Jimenez de la Espada,101649000431,925154,Pickup,Online,SINGLE-1,N,"Calle Jiménez de la Espada 17
30204 Murcia Cartagena
España",Delivered,2026-05-10 22:12,N,,,,,1.50,0.00,0.00,0.00,0.00,0.00,0.05,0.00,0.00,0.00,0.23,0.00,0.00,0.00,,0.00,,,1.22,0.00,0.00,1.22,0.00,0.00,0.00,0.00,0.00,1 Salsa Queen
GULA - CAA - Calle Jimenez de la Espada,101649001155,925154,Pickup,Online,SINGLE-1,N,"Calle Jiménez de la Espada 17
30204 Murcia Cartagena
España",Delivered,2026-05-10 22:12,N,,,,,1.50,0.00,0.00,0.00,0.00,0.00,0.05,0.00,0.00,0.00,0.23,0.00,0.00,0.00,,0.00,,,1.22,0.00,0.00,1.22,0.00,0.00,0.00,0.00,0.00,1 Salsa Queen
GULA - CAA - Calle Jimenez de la Espada,101649037023,925154,Platform delivery,,,N,"Calle Jiménez de la Espada 17
30204 Murcia Cartagena
España",Cancelled,2026-05-10 22:48,N,,,,,35.90,0.00,0.00,0.00,0.00,0.00,0.00,0.00,0.00,0.00,0.00,0.00,0.00,0.00,,0.00,,,0.00,0.00,0.00,0.00,0.00,0.00,0.00,0.00,0.00,"1 Pleasure For 2 Combo [2 Burger The Trufa Corp, 1 Fritas trufadas, 2 Coca-Cola Zero Azúcar Zero Cafeína lata 330ml.]"
GULA - SEV - Calle Chucena,101639895476,925205,Platform delivery,Online,SINGLE-1,N,"Calle Chucena S/N
41006 Sevilla Sevilla
España",Delivered,2026-05-01 21:03,N,,,,,21.40,0.00,0.00,0.00,0.00,0.00,1.02,0.00,1.95,0.00,4.86,0.00,0.00,0.00,,0.00,,,13.57,0.00,0.00,13.57,0.00,0.00,1.95,0.00,0.00,"1 Fritas Trufadas, 1 The Sinner Combo [1 Gula Cheeseburger, 1 Agua Cabreiroa (330 ml.)]"
GULA - SEV - Calle Chucena,101639916346,925205,Platform delivery,Online,SINGLE-1,N,"Calle Chucena S/N
41006 Sevilla Sevilla
España",Delivered,2026-05-01 21:18,Y,Missing item,,,,43.80,0.00,0.00,0.00,0.00,0.00,1.80,0.00,9.57,0.00,8.56,9.90,0.00,0.00,,0.00,,,13.97,0.00,0.00,13.97,0.00,0.00,9.57,0.00,0.00,"1 Pleasure For 2 Combo [1 Gula Cheeseburger, 1 Burger The Trufa Corp, 1 Fritas bacon queso, 2 Coca-Cola Zero Azúcar Zero Cafeína lata 330ml., 1 Extra: Pollo frito al estilo GULA]"
GULA - SEV - Calle Chucena,101640055712,925205,Platform delivery,Online,SINGLE-1,N,"Calle Chucena S/N
41006 Sevilla Sevilla
España",Delivered,2026-05-01 22:45,N,,,,,41.80,0.00,0.00,0.00,0.00,0.00,1.70,0.00,9.57,0.00,8.06,0.00,0.00,0.00,,0.00,,,22.47,0.00,0.00,22.47,0.00,0.00,9.57,0.00,0.00,"1 Pleasure For 2 Combo [2 Gula Cheeseburger, 1 Fritas bacon queso, 2 Fuze Tea Maracuyá (330 ml.), 1 Extra: Pollo frito al estilo GULA]"
GULA - SEV - Calle Chucena,101640064675,925205,Platform delivery,Online,SINGLE-1,N,"Calle Chucena S/N
41006 Sevilla Sevilla
España",Delivered,2026-05-01 22:45,N,,,,,20.40,0.00,0.00,0.00,0.00,0.00,0.85,0.00,4.17,0.00,4.06,0.00,0.00,0.00,,0.00,,,11.32,0.00,0.00,11.32,0.00,0.00,4.17,0.00,0.00,"1 Cheese Bacon [1 Sin Extra], 1 Fritas Bacon Queso [1 Sin Extra]"
GULA - SEV - Calle Chucena,101640415618,925205,Platform delivery,Online,SINGLE-1,Y,"Calle Chucena S/N
41006 Sevilla Sevilla
España",Delivered,2026-05-02 14:03,N,,,,,32.90,0.00,0.00,0.00,0.00,0.00,1.34,0.00,9.57,0.00,5.83,0.00,0.00,0.00,Prime Order Fee: 0.55,0.00,,,15.61,0.00,0.00,15.61,0.00,0.00,9.57,0.00,0.00,"1 Pleasure For 2 Combo [1 Gula Cheeseburger, 1 Burger Cheese Bacon, 1 Fritas trufadas, 2 Coca-Cola Zero Azúcar lata 330ml.]"
GULA - SEV - Calle Chucena,101640480666,925205,Platform delivery,Online,SINGLE-1,N,"Calle Chucena S/N
41006 Sevilla Sevilla
España",Delivered,2026-05-02 14:54,N,,,,,20.40,0.00,0.00,0.00,0.00,0.00,0.97,0.00,1.95,0.00,4.61,0.00,0.00,0.00,,0.00,,,12.87,0.00,0.00,12.87,0.00,0.00,1.95,0.00,0.00,"1 BBK, 1 Fritas Trufadas"
GULA - SEV - Calle Chucena,101640577529,925205,Platform delivery,Online,SINGLE-1,Y,"Calle Chucena S/N
41006 Sevilla Sevilla
España",Delivered,2026-05-02 16:26,N,,,,,21.40,0.00,0.00,0.00,0.00,0.00,1.25,0.00,0.00,0.00,5.35,0.00,0.00,0.00,Prime Order Fee: 0.55,0.00,,,14.25,0.00,0.00,14.25,0.00,0.00,0.00,0.00,0.00,"1 The Sinner Combo [1 Gula Cheeseburger, 1 Fuze Tea Maracuyá (330 ml.), 1 Extra: Fritas bacon queso]"
GULA - SEV - Calle Chucena,101640943233,925205,Platform delivery,Online,SINGLE-1,N,"Calle Chucena S/N
41006 Sevilla Sevilla
España",Delivered,2026-05-02 21:01,N,,,,,15.90,0.00,0.00,0.00,0.00,0.00,0.84,0.00,0.00,0.00,3.98,0.00,0.00,0.00,,0.00,,,11.08,0.00,0.00,11.08,0.00,0.00,0.00,0.00,0.00,"1 The Sinner Combo [1 Burger Cheese Bacon, 1 Fuze Tea Maracuyá (330 ml.), 1 Sin Extra]"
GULA - SEV - Calle Chucena,101640955939,925205,Platform delivery,Cash,SINGLE-1,Y,"Calle Chucena S/N
41006 Sevilla Sevilla
España",Delivered,2026-05-02 21:08,N,,,,,23.20,0.00,0.00,0.00,0.00,0.00,1.02,0.00,6.12,0.00,4.27,0.00,0.00,0.00,Prime Order Fee: 0.55,0.00,,,11.24,0.00,0.00,11.24,0.00,0.00,6.12,0.00,0.00,"1 Cheese Bacon [1 Extra: Coca-Cola Sabor Original lata 330ml.], 1 Fritas Trufadas"
GULA - SEV - Calle Chucena,101640977906,925205,Platform delivery,Cash,SINGLE-1,N,"Calle Chucena S/N
41006 Sevilla Sevilla
España",Delivered,2026-05-02 21:22,N,,,,,21.85,0.00,0.00,0.00,0.00,0.00,1.15,0.00,0.00,0.00,5.46,0.00,0.00,0.00,,0.00,,,15.24,0.00,0.00,15.24,0.00,0.00,0.00,0.00,0.00,"1 Cheese Jr., 1 The Sinner Combo [1 Gula Cheeseburger, 1 Coca-Cola Zero Azúcar lata 330ml.]"
GULA - SEV - Calle Chucena,101640983080,925205,Platform delivery,Cash,SINGLE-1,N,"Calle Chucena S/N
41006 Sevilla Sevilla
España",Delivered,2026-05-02 21:23,N,,,,,25.20,0.00,0.00,0.00,0.00,0.00,1.32,0.00,0.00,0.00,6.30,0.00,0.00,0.00,,0.00,,,17.58,0.00,0.00,17.58,0.00,0.00,0.00,0.00,0.00,"1 Alitas BBK [1 Sin Extra], 1 The Sinner Combo [1 Gula Cheeseburger, 1 Coca-Cola Sabor Original lata 330ml., 1 Sin Extra], 1 Salsa GULA"
GULA - SEV - Calle Chucena,101641004343,925205,Platform delivery,Online,SINGLE-1,N,"Calle Chucena S/N
41006 Sevilla Sevilla
España",Delivered,2026-05-02 21:35,N,,,,,33.90,0.00,0.00,0.00,0.00,0.00,1.28,0.00,9.57,0.00,6.08,0.00,0.00,0.00,,0.00,,,16.97,0.00,0.00,16.97,0.00,0.00,9.57,0.00,0.00,"1 Pleasure For 2 Combo [1 Gula Cheeseburger, 1 Burger The Trufa Corp, 1 Fritas trufadas, 1 Coca-Cola Sabor Original lata 330ml., 1 Fuze Tea Maracuyá (330 ml.)]"
GULA - SEV - Calle Chucena,101641005308,925205,Platform delivery,Online,SINGLE-1,Y,"Calle Chucena S/N
41006 Sevilla Sevilla
España",Delivered,2026-05-02 21:35,N,,,,,34.40,0.00,0.00,0.00,0.00,0.00,1.42,0.00,9.57,0.00,6.21,0.00,0.00,0.50,Prime Order Fee: 0.55,0.00,,,16.15,0.00,0.00,16.15,0.00,0.00,9.57,0.00,0.00,"1 Pleasure For 2 Combo [1 Gula Cheeseburger, 1 Burger Cheese Bacon, 1 Pollo frito al estilo GULA, 2 Coca-Cola Zero Azúcar lata 330ml.]"
GULA - SEV - Calle Chucena,101641022534,925205,Platform delivery,Online,SINGLE-1,N,"Calle Chucena S/N
41006 Sevilla Sevilla
España",Delivered,2026-05-02 21:45,Y,Missing item,,,,52.70,0.00,0.00,0.00,0.00,0.00,1.75,0.00,19.47,0.00,8.31,5.66,0.00,2.50,,0.00,,,15.01,0.00,0.00,15.01,0.00,0.00,19.47,0.00,0.00,"2 Pollo Frito Al Estilo GULA [1 Salsa GULA], 1 Pleasure For 2 Combo  [1 Gula Cheeseburger, 1 Burger Cheese Bacon, 1 Fritas bacon queso, 1 Coca-Cola Zero Azúcar lata 330ml., 1 Aquarius Naranja lata 330ml., 1 Sin Extra]"
GULA - SEV - Calle Chucena,101641028490,925205,Platform delivery,Online,SINGLE-1,N,"Calle Chucena S/N
41006 Sevilla Sevilla
España",Delivered,2026-05-02 21:49,N,,,,,32.90,0.00,0.00,0.00,0.00,0.00,1.22,0.00,9.57,0.00,5.83,0.00,0.00,1.00,,0.00,,,15.28,0.00,0.00,15.28,0.00,0.00,9.57,0.00,0.00,"1 Pleasure For 2 Combo [1 Gula Cheeseburger, 1 Burger Spicy V, 1 Fritas bacon queso, 1 Agua Cabreiroa (330 ml.), 1 Cerveza Estrella Galicia 0.0 (330 ml.)]"
GULA - SEV - Calle Chucena,101641123861,925205,Platform delivery,Online,SINGLE-1,N,"Calle Chucena S/N
41006 Sevilla Sevilla
España",Delivered,2026-05-02 23:12,N,,,,,15.90,0.00,0.00,0.00,0.00,0.00,0.84,0.00,0.00,0.00,3.98,0.00,0.00,0.00,,0.00,,,11.08,0.00,0.00,11.08,0.00,0.00,0.00,0.00,0.00,"1 The Sinner Combo [1 Burger Cheese Bacon, 1 Coca-Cola Zero Azúcar lata 330ml.]"
GULA - SEV - Calle Chucena,101641132510,925205,Platform delivery,Online,SINGLE-1,N,"Calle Chucena S/N
41006 Sevilla Sevilla
España",Delivered,2026-05-02 23:24,N,,,,,13.90,0.00,0.00,0.00,0.00,0.00,0.51,0.00,4.17,0.00,2.43,0.00,0.00,0.00,,0.00,,,6.79,0.00,0.00,6.79,0.00,0.00,4.17,0.00,0.00,1 Cheese Bacon
GULA - SEV - Calle Chucena,101641492047,925205,Platform delivery,Online,SINGLE-1,N,"Calle Chucena S/N
41006 Sevilla Sevilla
España",Delivered,2026-05-03 14:22,N,,,,,29.00,0.00,0.00,0.00,0.00,0.00,1.20,0.00,6.12,0.00,5.72,0.00,0.00,0.00,,0.00,,,15.96,0.00,0.00,15.96,0.00,0.00,6.12,0.00,0.00,"1 Cheese Bacon, 1 Fritas Trufadas, 1 Coca-Cola Sabor Original lata 330ml., 1 Brownie"
GULA - SEV - Calle Chucena,101642028767,925205,Platform delivery,Online,SINGLE-1,N,"Calle Chucena S/N
41006 Sevilla Sevilla
España",Delivered,2026-05-03 20:48,N,,,,,11.30,0.00,0.00,0.00,0.00,0.00,0.59,0.00,0.00,0.00,2.83,0.00,0.00,0.00,,0.00,,,7.88,0.00,0.00,7.88,0.00,0.00,0.00,0.00,0.00,"1 Golden Slider, 1 Nuestras Fritas"
GULA - SEV - Calle Chucena,101642031187,925205,Platform delivery,Online,SINGLE-1,Y,"Calle Chucena S/N
41006 Sevilla Sevilla
España",Delivered,2026-05-03 20:47,N,,,,,20.90,0.00,0.00,0.00,0.00,0.00,1.22,0.00,0.00,0.00,5.23,0.00,0.00,0.00,Prime Order Fee: 0.55,0.00,,,13.90,0.00,0.00,13.90,0.00,0.00,0.00,0.00,0.00,"1 The Golden Bite Combo [1 Gula Cheeseburger, 1 Fritas trufadas, 1 Cerveza Estrella Galicia (330 ml.)]"
GULA - SEV - Calle Chucena,101642034937,925205,Platform delivery,Online,SINGLE-1,N,"Calle Chucena S/N
41006 Sevilla Sevilla
España",Delivered,2026-05-03 20:48,N,,,,,40.20,0.00,0.00,0.00,0.00,0.00,1.27,0.00,16.02,0.00,6.05,0.00,0.00,0.00,,0.00,,,16.86,0.00,0.00,16.86,0.00,0.00,16.02,0.00,0.00,"1 Cheese Bacon, 1 Fritas Trufadas, 2 Pollo Frito Al Estilo GULA [1 Salsa trufada]"
GULA - SEV - Calle Chucena,101642067693,925205,Platform delivery,Cash,SINGLE-1,N,"Calle Chucena S/N
41006 Sevilla Sevilla
España",Delivered,2026-05-03 21:03,N,,,,,13.90,0.00,0.00,0.00,0.00,0.00,0.51,0.00,4.17,0.00,2.43,0.00,0.00,0.00,,0.00,,,6.79,0.00,0.00,6.79,0.00,0.00,4.17,0.00,0.00,1 Cheese Bacon
GULA - SEV - Calle Chucena,101642136887,925205,Platform delivery,Online,SINGLE-1,N,"Calle Chucena S/N
41006 Sevilla Sevilla
España",Delivered,2026-05-03 22:00,N,,,,,34.90,0.00,0.00,0.00,0.00,0.00,1.33,0.00,9.57,0.00,6.33,0.00,0.00,0.00,,0.00,,,17.67,0.00,0.00,17.67,0.00,0.00,9.57,0.00,0.00,"1 Pleasure For 2 Combo [1 Burger The Trufa Corp, 1 Burger Cheese Bacon, 1 Fritas bacon queso, 1 Aquarius Naranja lata 330ml., 1 Fuze Tea Maracuyá (330 ml.)]"
GULA - SEV - Calle Chucena,101644249847,925205,Platform delivery,Online,SINGLE-1,Y,"Calle Chucena S/N
41006 Sevilla Sevilla
España",Delivered,2026-05-06 14:20,N,,,,,20.40,0.00,0.00,0.00,0.00,0.00,0.87,0.00,6.12,0.00,3.57,0.00,0.00,0.00,Prime Order Fee: 0.55,0.00,,,9.29,0.00,0.00,9.29,0.00,0.00,6.12,0.00,0.00,"1 Cheese Bacon, 1 Fritas Trufadas"
GULA - SEV - Calle Chucena,101644805566,925205,Platform delivery,Online,SINGLE-1,Y,"Calle Chucena S/N
41006 Sevilla Sevilla
España",Delivered,2026-05-06 22:41,N,,,,,35.40,0.00,0.00,0.00,0.00,0.00,1.48,0.00,9.57,0.00,6.46,0.00,0.00,0.00,Prime Order Fee: 0.55,0.00,,,17.34,0.00,0.00,17.34,0.00,0.00,9.57,0.00,0.00,"1 Pleasure For 2 Combo [1 Burger Buffalo Ranch, 1 Burger BBK, 1 Pollo frito al estilo GULA, 2 Coca-Cola Zero Azúcar Zero Cafeína lata 330ml.]"
GULA - SEV - Calle Chucena,101644811005,925205,Platform delivery,Online,SINGLE-1,N,"Calle Chucena S/N
41006 Sevilla Sevilla
España",Delivered,2026-05-06 22:46,N,,,,,76.10,0.00,0.00,0.00,0.00,0.00,2.99,0.00,19.14,0.00,14.24,0.00,0.00,0.00,,0.00,,,39.73,0.00,0.00,39.73,0.00,0.00,19.14,0.00,0.00,"1 Pleasure For 2 Combo [1 Gula Cheeseburger, 1 Burger Cheese Bacon, 1 Fritas bacon queso, 1 Coca-Cola Sabor Original lata 330ml., 1 Fanta Naranja lata 330ml., 1 Extra: Tarta de Oreo], 1 Pleasure For 2 Combo [1 Burger The Trufa Corp, 1 Burger The Sinner, 1 Pollo frito al estilo GULA, 1 Coca-Cola Sabor Original lata 330ml., 1 Fanta Naranja lata 330ml.]"
GULA - SEV - Calle Chucena,101644824475,925205,Platform delivery,Cash,SINGLE-1,N,"Calle Chucena S/N
41006 Sevilla Sevilla
España",Delivered,2026-05-06 23:04,N,,,,,55.70,0.00,0.00,0.00,0.00,0.00,1.82,0.00,20.97,0.00,8.68,0.00,0.00,0.00,,0.00,,,24.23,0.00,0.00,24.23,0.00,0.00,20.97,0.00,0.00,"2 Pollo Frito Al Estilo GULA [1 Extra: Salsa Queen, 1 Salsa GULA], 1 Pleasure For 2 Combo [1 Gula Cheeseburger, 1 Burger Cheese Bacon, 1 Fritas bacon queso, 2 Coca-Cola Sabor Original lata 330ml.]"
GULA - SEV - Calle Chucena,101645696925,925205,Platform delivery,Cash,SINGLE-1,N,"Calle Chucena S/N
41006 Sevilla Sevilla
España",Delivered,2026-05-07 22:21,N,,,,,31.90,0.00,0.00,0.00,0.00,0.00,1.17,0.00,9.57,0.00,5.58,0.00,0.00,0.00,,0.00,,,15.58,0.00,0.00,15.58,0.00,0.00,9.57,0.00,0.00,"1 Pleasure For 2 Combo [2 Gula Cheeseburger, 1 Fritas bacon queso, 2 Agua Cabreiroa (330 ml.), 1 Sin Extra]"
GULA - SEV - Calle Chucena,101646169667,925205,Platform delivery,Cash,SINGLE-1,N,"Calle Chucena S/N
41006 Sevilla Sevilla
España",Delivered,2026-05-08 15:49,N,,,,,33.70,0.00,0.00,0.00,0.00,0.00,1.03,0.00,14.56,0.00,4.91,0.00,0.00,0.00,,0.00,,,13.20,0.00,0.00,13.20,0.00,0.00,14.56,0.00,0.00,"1 Cheese Bacon [1 Sin Extra], 2 Pollo Frito Al Estilo GULA [1 Salsa bacon]"
GULA - SEV - Calle Chucena,101646647401,925205,Platform delivery,Online,SINGLE-1,N,"Calle Chucena S/N
41006 Sevilla Sevilla
España",Delivered,2026-05-08 21:30,N,,,,,33.90,0.00,0.00,0.00,0.00,0.00,1.28,0.00,10.56,0.00,6.08,0.00,0.00,0.00,,0.00,,,15.98,0.00,0.00,15.98,0.00,0.00,10.56,0.00,0.00,"1 Pleasure For 2 Combo [2 Burger Cheese Bacon, 1 Fritas bacon queso, 1 Coca-Cola Sabor Original lata 330ml., 1 Fanta Naranja lata 330ml., 1 Sin Extra]"
GULA - SEV - Calle Chucena,101646676076,925205,Platform delivery,Online,SINGLE-1,N,"Calle Chucena S/N
41006 Sevilla Sevilla
España",Delivered,2026-05-08 21:50,N,,,,,38.40,0.00,0.00,0.00,0.00,0.00,1.41,0.00,12.51,0.00,6.72,0.00,0.00,0.00,,0.00,,,17.76,0.00,0.00,17.76,0.00,0.00,12.51,0.00,0.00,"1 Fritas Trufadas, 1 Pleasure For 2 Combo [2 Gula Cheeseburger, 1 Fritas bacon queso, 1 Coca-Cola Sabor Original lata 330ml., 1 Fuze Tea Limón Sabor Original Lata 330ml]"
GULA - SEV - Calle Chucena,101646692761,925205,Platform delivery,Online,SINGLE-1,Y,"Calle Chucena S/N
41006 Sevilla Sevilla
España",Delivered,2026-05-08 21:56,N,,,,,34.30,0.00,0.00,0.00,0.00,0.00,1.60,0.00,6.12,0.00,7.05,0.00,0.00,0.00,Prime Order Fee: 0.55,0.00,,,18.98,0.00,0.00,18.98,0.00,0.00,6.12,0.00,0.00,"1 Cheese Bacon, 1 Buffalo Ranch, 1 Fritas Trufadas"
GULA - SEV - Calle Chucena,101646769366,925205,Platform delivery,Online,SINGLE-1,N,"Calle Chucena S/N
41006 Sevilla Sevilla
España",Delivered,2026-05-08 22:58,N,,,,,34.90,0.00,0.00,0.00,0.00,0.00,1.33,0.00,9.57,0.00,6.33,0.00,0.00,0.00,,0.00,,,17.67,0.00,0.00,17.67,0.00,0.00,9.57,0.00,0.00,"1 Pleasure For 2 Combo [1 Burger Cheese Bacon, 1 Burger The Sinner, 1 Fritas bacon queso, 2 Fanta Naranja lata 330ml., 1 Sin Extra]"
GULA - SEV - Calle Chucena,101647082837,925205,Platform delivery,Online,SINGLE-1,N,"Calle Chucena S/N
41006 Sevilla Sevilla
España",Delivered,2026-05-09 13:36,N,,,,,53.70,0.00,0.00,0.00,0.00,0.00,1.80,0.00,19.47,0.00,8.56,0.00,0.00,0.00,,0.00,,,23.87,0.00,0.00,23.87,0.00,0.00,19.47,0.00,0.00,"2 Pollo Frito Al Estilo GULA [1 Salsa chile chipotle], 1 Pleasure For 2 Combo [1 Burger Cheese Bacon, 1 Burger Buffalo Ranch, 1 Fritas trufadas, 1 Coca-Cola Zero Azúcar lata 330ml., 1 Fuze Tea Maracuyá (330 ml.)]"
GULA - SEV - Calle Chucena,101647106350,925205,Platform delivery,Cash,SINGLE-1,N,"Calle Chucena S/N
41006 Sevilla Sevilla
España",Delivered,2026-05-09 13:54,N,,,,,13.90,0.00,0.00,0.00,0.00,0.00,0.51,0.00,4.17,0.00,2.43,0.00,0.00,0.00,,0.00,,,6.79,0.00,0.00,6.79,0.00,0.00,4.17,0.00,0.00,1 Cheese Bacon
GULA - SEV - Calle Chucena,101647280923,925205,Platform delivery,Online,SINGLE-1,N,"Calle Chucena S/N
41006 Sevilla Sevilla
España",Delivered,2026-05-09 16:11,N,,,,,15.90,0.00,0.00,0.00,0.00,0.00,0.84,0.00,0.00,0.00,3.98,0.00,0.00,0.00,,0.00,,,11.08,0.00,0.00,11.08,0.00,0.00,0.00,0.00,0.00,"1 The Sinner Combo [1 Burger The Trufa Corp Chicken, 1 Coca-Cola Zero Azúcar lata 330ml.]"
GULA - SEV - Calle Chucena,101647686881,925205,Platform delivery,Online,SINGLE-1,Y,"Calle Chucena S/N
41006 Sevilla Sevilla
España",Delivered,2026-05-09 20:58,N,,,,,32.90,0.00,0.00,0.00,0.00,0.00,1.34,0.00,9.57,0.00,5.83,0.00,0.00,0.00,Prime Order Fee: 0.55,0.00,,,15.61,0.00,0.00,15.61,0.00,0.00,9.57,0.00,0.00,"1 Pleasure For 2 Combo [1 Gula Cheeseburger, 1 Burger Cheese Bacon, 1 Fritas trufadas, 2 Coca-Cola Zero Azúcar lata 330ml., 1 Sin Extra]"
GULA - SEV - Calle Chucena,101647784792,925205,Platform delivery,Online,SINGLE-1,N,"Calle Chucena S/N
41006 Sevilla Sevilla
España",Delivered,2026-05-09 22:01,N,,,,,45.70,0.00,0.00,0.00,0.00,0.00,2.18,0.00,4.36,0.00,10.38,0.00,0.00,0.00,,0.00,,,28.78,0.00,0.00,28.78,0.00,0.00,4.36,0.00,0.00,"1 Cheese Bacon, 1 The Sinner Combo [1 Burger Bohemian Chicken, 1 Fanta Limón lata 330ml.], 1 The Sinner Combo [1 Burger Buffalo Ranch, 1 Agua Cabreiroa (330 ml.)]"
GULA - SEV - Calle Chucena,101647832303,925205,Platform delivery,Online,SINGLE-1,N,"Calle Chucena S/N
41006 Sevilla Sevilla
España",Delivered,2026-05-09 22:45,N,,,,,13.90,0.00,0.00,0.00,0.00,0.00,0.51,0.00,4.17,0.00,2.43,0.00,0.00,0.00,,0.00,,,6.79,0.00,0.00,6.79,0.00,0.00,4.17,0.00,0.00,1 Cheese Bacon
GULA - SEV - Calle Chucena,101648976000,925205,Platform delivery,Cash,SINGLE-1,N,"Calle Chucena S/N
41006 Sevilla Sevilla
España",Delivered,2026-05-10 22:26,N,,,,,31.90,0.00,0.00,0.00,0.00,0.00,1.17,0.00,9.57,0.00,5.58,0.00,0.00,0.00,,0.00,,,15.58,0.00,0.00,15.58,0.00,0.00,9.57,0.00,0.00,"1 Pleasure For 2 Combo [2 Gula Cheeseburger, 1 Fritas trufadas, 1 Coca-Cola Sabor Original lata 330ml., 1 Fanta Naranja lata 330ml.]"
GULA - SEV - Calle Chucena,101649054576,925205,Platform delivery,Online,SINGLE-1,N,"Calle Chucena S/N
41006 Sevilla Sevilla
España",Delivered,2026-05-10 23:13,N,,,,,34.90,0.00,0.00,0.00,0.00,0.00,1.33,0.00,9.57,0.00,6.33,0.00,0.00,0.00,,0.00,,,17.67,0.00,0.00,17.67,0.00,0.00,9.57,0.00,0.00,"1 Pleasure For 2 Combo [1 Burger The Trufa Corp, 1 Burger The Trufa Corp Chicken, 1 Fritas trufadas, 2 Fanta Naranja lata 330ml.]"
GULA - MOS - Calle Río Segura,101642126254,927123,Platform delivery,Cash,SINGLE-1,N,"Calle Río Segura 30
28935 Madrid Móstoles
España",Delivered,2026-05-03 21:53,N,,,,,15.90,0.00,0.00,0.00,0.00,0.00,0.96,0.00,2.49,0.00,3.98,0.00,0.00,0.00,Prime Order Fee: 0.55,0.00,,,7.92,0.00,0.00,7.92,0.00,0.00,2.49,0.00,0.00,"1 The Sinner Combo [1 Cheese Bacon V, 1 Aquarius Limón lata 330ml.]"
GULA - MOS - Calle Río Segura,101642132914,927123,Platform delivery,Online,SINGLE-1,N,"Calle Río Segura 30
28935 Madrid Móstoles
España",Delivered,2026-05-03 21:58,N,,,,,31.20,0.00,0.00,0.00,0.00,0.00,1.20,0.00,10.33,0.00,5.72,0.00,0.00,0.00,,0.00,,,13.95,0.00,0.00,13.95,0.00,0.00,10.33,0.00,0.00,"2 Cheese Bacon V, 1 Nuestras Fritas"
GULA - MOS - Calle Río Segura,101642217852,927123,Platform delivery,Cash,SINGLE-1,N,"Calle Río Segura 30
28935 Madrid Móstoles
España",Delivered,2026-05-03 22:38,N,,,,,18.40,0.00,0.00,0.00,0.00,0.00,0.96,0.00,1.99,0.00,4.60,0.00,0.00,0.00,,0.00,,,10.85,0.00,0.00,10.85,0.00,0.00,1.99,0.00,0.00,"1 Gula Cheeseburger [1 Extra: Fritas bacon queso, 1 Sin extras, 1 Sin Extras]"
GULA - MOS - Calle Río Segura,101642961051,927123,Platform delivery,Online,SINGLE-1,N,"Calle Río Segura 30
28935 Madrid Móstoles
España",Delivered,2026-05-04 21:00,N,,,,,47.20,0.00,0.00,0.00,0.00,0.00,1.73,0.00,15.65,0.00,8.26,0.00,0.00,0.00,,0.00,,,21.56,0.00,0.00,21.56,0.00,0.00,15.65,0.00,0.00,"1 The Pope's Burger, 2 BBK, 1 Fritas Bacon Queso"
GULA - MOS - Calle Río Segura,101643075409,927123,Platform delivery,Online,SINGLE-1,N,"Calle Río Segura 30
28935 Madrid Móstoles
España",Delivered,2026-05-04 22:31,N,,,,,13.90,0.00,0.00,0.00,0.00,0.00,0.51,0.00,4.36,0.00,2.43,0.00,0.00,0.00,,0.00,,,6.60,0.00,0.00,6.60,0.00,0.00,4.36,0.00,0.00,1 BBK
GULA - MOS - Calle Río Segura,101643077946,927123,Platform delivery,Online,SINGLE-1,N,"Calle Río Segura 30
28935 Madrid Móstoles
España",Delivered,2026-05-04 22:43,N,,,,,19.80,0.00,0.00,0.00,0.00,0.00,1.04,0.00,2.49,0.00,4.95,0.00,0.00,0.00,,0.00,,,11.32,0.00,0.00,11.32,0.00,0.00,2.49,0.00,0.00,"1 Golden Slider, 1 Nuestras Fritas, 1 Alitas BBK"
GULA - MOS - Calle Río Segura,101643745949,927123,Platform delivery,Online,SINGLE-1,N,"Calle Río Segura 30
28935 Madrid Móstoles
España",Delivered,2026-05-05 20:15,N,,,,,14.90,0.00,0.00,0.00,0.00,0.00,0.78,0.00,1.49,0.00,3.73,0.00,0.00,0.00,,0.00,,,8.90,0.00,0.00,8.90,0.00,0.00,1.49,0.00,0.00,"1 The Sinner Combo [1 Gula Cheeseburger, 1 Coca-Cola Zero Azúcar Zero Cafeína lata 330ml., 1 Sin extras, 1 Sin extras]"
GULA - MOS - Calle Río Segura,101643839105,927123,Platform delivery,Cash,SINGLE-1,N,"Calle Río Segura 30
28935 Madrid Móstoles
España",Cancelled,2026-05-05 21:09,N,,,,,63.30,0.00,0.00,0.00,0.00,0.00,2.33,0.00,20.98,0.00,11.08,0.00,0.00,0.00,,0.00,,,28.91,0.00,0.00,28.91,0.00,0.00,20.98,0.00,0.00,"3 The Pope's Burger, 2 Fritas Bacon Queso, 2 Cheesecake de fresa"
GULA - MOS - Calle Río Segura,101643954128,927123,Platform delivery,Online,SINGLE-1,Y,"Calle Río Segura 30
28935 Madrid Móstoles
España",Delivered,2026-05-05 23:14,N,,,,,20.40,0.00,0.00,0.00,0.00,0.00,0.87,0.00,6.12,0.00,3.57,0.00,0.00,0.00,Prime Order Fee: 0.55,0.00,,,9.29,0.00,0.00,9.29,0.00,0.00,6.12,0.00,0.00,"1 BBK [1 Sin extras, 1 Sin extras, 1 Sin Extras], 1 Fritas Bacon Queso [1 Sin extras, 1 Sin extras, 1 Sin Extras]"
GULA - MOS - Calle Río Segura,101644765605,927123,Platform delivery,Online,SINGLE-1,N,"Calle Río Segura 30
28935 Madrid Móstoles
España",Delivered,2026-05-06 21:51,Y,Missing item,,,,41.80,0.00,0.00,0.00,0.00,0.00,2.19,0.00,1.99,0.00,10.45,9.90,0.00,0.00,,0.00,,,17.27,0.00,0.00,17.27,0.00,0.00,1.99,0.00,0.00,"1 Pleasure For 2 Combo  [2 Gula Cheeseburger, 1 Fritas bacon queso, 2 Coca-Cola Zero Azúcar lata 330ml., 1 Extra: Pollo frito al estilo GULA, 1 Sin extras, 1 Sin extras]"
GULA - MOS - Calle Río Segura,101644770358,927123,Platform delivery,Online,SINGLE-1,N,"Calle Río Segura 30
28935 Madrid Móstoles
España",Delivered,2026-05-06 21:56,N,,,,,29.20,0.00,0.00,0.00,0.00,0.00,1.13,0.00,8.73,0.00,5.37,0.00,0.00,0.00,,0.00,,,13.97,0.00,0.00,13.97,0.00,0.00,8.73,0.00,0.00,"2 The Pope's Burger, 1 Nuestras Fritas"
GULA - MOS - Calle Río Segura,101644779904,927123,Platform delivery,Online,SINGLE-1,N,"Calle Río Segura 30
28935 Madrid Móstoles
España",Delivered,2026-05-06 22:05,N,,,,,26.80,0.00,0.00,0.00,0.00,0.00,0.98,0.00,9.53,0.00,4.69,0.00,0.00,0.00,,0.00,,,11.60,0.00,0.00,11.60,0.00,0.00,9.53,0.00,0.00,"1 The Pope's Burger, 1 Cheese Bacon V"
GULA - MOS - Calle Río Segura,101644790901,927123,Platform delivery,Online,SINGLE-1,N,"Calle Río Segura 30
28935 Madrid Móstoles
España",Delivered,2026-05-06 22:16,N,,,,,46.50,0.00,0.00,0.00,0.00,0.00,1.71,0.00,15.94,0.00,8.14,0.00,0.00,0.00,,0.00,,,20.71,0.00,0.00,20.71,0.00,0.00,15.94,0.00,0.00,"1 The Pope's Burger, 1 Cheese Bacon V, 1 BBK, 1 Cheesecake de fresa"
GULA - MOS - Calle Río Segura,101644815900,927123,Platform delivery,Online,SINGLE-1,N,"Calle Río Segura 30
28935 Madrid Móstoles
España",Delivered,2026-05-06 22:49,N,,,,,14.90,0.00,0.00,0.00,0.00,0.00,0.78,0.00,2.99,0.00,3.73,0.00,0.00,0.00,,0.00,,,7.40,0.00,0.00,7.40,0.00,0.00,2.99,0.00,0.00,1 The Trufa Corp
GULA - MOS - Calle Río Segura,101644819116,927123,Platform delivery,Online,SINGLE-1,N,"Calle Río Segura 30
28935 Madrid Móstoles
España",Delivered,2026-05-06 22:54,N,,,,,14.90,0.00,0.00,0.00,0.00,0.00,0.78,0.00,2.99,0.00,3.73,0.00,0.00,0.00,,0.00,,,7.40,0.00,0.00,7.40,0.00,0.00,2.99,0.00,0.00,1 The Trufa Corp
GULA - MOS - Calle Río Segura,101645556949,927123,Platform delivery,Online,SINGLE-1,Y,"Calle Río Segura 30
28935 Madrid Móstoles
España",Delivered,2026-05-07 20:37,Y,Missing item,,,,35.40,0.00,0.00,0.00,0.00,0.00,1.98,0.00,0.00,0.00,8.85,1.50,0.00,0.00,Prime Order Fee: 0.55,0.00,,,22.52,0.00,0.00,22.52,0.00,0.00,0.00,0.00,0.00,"1 Pleasure For 2 Combo  [1 Spicy V, 1 Bohemian Chicken, 1 Fritas bacon queso, 2 Coca-Cola Sabor Original lata 330ml., 1 Extra: Salsa chile chipotle]"
GULA - MOS - Calle Río Segura,101645574869,927123,Platform delivery,Cash,SINGLE-1,N,"Calle Río Segura 30
28935 Madrid Móstoles
España",Cancelled,2026-05-07 20:51,N,,,,,55.10,0.00,0.00,0.00,0.00,0.00,2.28,0.00,13.60,0.00,10.87,0.00,0.00,0.00,,0.00,,,28.35,0.00,0.00,28.35,0.00,0.00,13.60,0.00,0.00,"3 The Pope's Burger, 1 Fritas Trufadas, 1 Pollo Frito Al Estilo Gula [1 Salsa GULA]"
GULA - MOS - Calle Río Segura,101645673316,927123,Platform delivery,Online,SINGLE-1,N,"Calle Río Segura 30
28935 Madrid Móstoles
España",Delivered,2026-05-07 21:59,N,,,,,39.10,0.00,0.00,0.00,0.00,0.00,1.95,0.00,4.44,0.00,9.29,0.00,0.00,0.00,,0.00,,,23.42,0.00,0.00,23.42,0.00,0.00,4.44,0.00,0.00,"1 Spicy V, 1 Fritas Bacon Queso [1 Extra: Fuze Tea Limón Sabor Original Lata 330ml], 1 The Sinner Combo [1 BBK, 1 Fuze Tea Limón Sabor Original Lata 330ml]"
GULA - MOS - Calle Río Segura,101645673565,927123,Platform delivery,Online,SINGLE-1,N,"Calle Río Segura 30
28935 Madrid Móstoles
España",Delivered,2026-05-07 21:58,N,,,,,20.90,0.00,0.00,0.00,0.00,0.00,1.10,0.00,1.99,0.00,5.23,0.00,0.00,0.00,,0.00,,,12.58,0.00,0.00,12.58,0.00,0.00,1.99,0.00,0.00,"1 The Golden Bite Combo [1 Gula Cheeseburger, 1 Fritas bacon queso, 1 Aquarius Naranja lata 330ml.]"
GULA - MOS - Calle Río Segura,101646521578,927123,Platform delivery,Online,SINGLE-1,N,"Calle Río Segura 30
28935 Madrid Móstoles
España",Delivered,2026-05-08 20:26,N,,,,,19.40,0.00,0.00,0.00,0.00,0.00,0.71,0.00,6.81,0.00,3.40,0.00,0.00,0.00,,0.00,,,8.48,0.00,0.00,8.48,0.00,0.00,6.81,0.00,0.00,"1 The Pope's Burger, 1 Fritas Bacon Queso"
GULA - MOS - Calle Río Segura,101646585533,927123,Platform delivery,Online,SINGLE-1,N,"Calle Río Segura 30
28935 Madrid Móstoles
España",Delivered,2026-05-08 20:58,N,,,,,80.20,0.00,0.00,0.00,0.00,0.00,3.42,0.00,17.11,0.00,16.27,0.00,0.00,0.00,,0.00,,,43.40,0.00,0.00,43.40,0.00,0.00,17.11,0.00,0.00,"2 The Trufa Corp, 2 The Pope's Burger, 2 Fritas Bacon Queso, 2 Cheesecake de fresa"
GULA - MOS - Calle Río Segura,101647100579,927123,Platform delivery,Online,SINGLE-1,N,"Calle Río Segura 30
28935 Madrid Móstoles
España",Delivered,2026-05-09 13:57,N,,,,,34.30,0.00,0.00,0.00,0.00,0.00,1.48,0.00,6.61,0.00,7.05,0.00,0.00,0.00,,0.00,,,19.16,0.00,0.00,19.16,0.00,0.00,6.61,0.00,0.00,"1 Buffalo Ranch, 1 BBK, 1 Fritas Bacon Queso"
GULA - MOS - Calle Río Segura,101647720920,927123,Platform delivery,Online,SINGLE-1,N,"Calle Río Segura 30
28935 Madrid Móstoles
España",Delivered,2026-05-09 21:15,N,,,,,27.80,0.00,0.00,0.00,0.00,0.00,1.46,0.00,2.49,0.00,6.95,0.00,0.00,0.00,,0.00,,,16.90,0.00,0.00,16.90,0.00,0.00,2.49,0.00,0.00,"1 Spicy V, 1 BBK"
GULA - MOS - Calle Río Segura,101647728219,927123,Platform delivery,Online,SINGLE-1,Y,"Calle Río Segura 30
28935 Madrid Móstoles
España",Delivered,2026-05-09 21:19,N,,,,,31.60,0.00,0.00,0.00,0.00,0.00,1.72,0.00,1.16,0.00,7.61,0.00,0.00,0.00,Prime Order Fee: 0.55,0.00,,,20.56,0.00,0.00,20.56,0.00,0.00,1.16,0.00,0.00,"1 The Sinner Combo [1 The Pope's Burger, 1 Fanta Naranja lata 330ml., 1 Extra: Pollo frito al estilo GULA, 1 Sin extras, 1 Sin extras], 1 Tarta de Oreo"
GULA - MOS - Calle Río Segura,101647880105,927123,Platform delivery,Online,SINGLE-1,N,"Calle Río Segura 30
28935 Madrid Móstoles
España",Delivered,2026-05-09 23:03,Y,Missing item,,,,54.60,0.00,0.00,0.00,0.00,0.00,2.55,0.00,7.45,0.00,12.16,13.90,0.00,0.00,,0.00,,,18.54,0.00,0.00,18.54,0.00,0.00,7.45,0.00,0.00,"2 The Trufa Corp, 1 Cheese Bacon V , 1 Nuestras Fritas, 1 Fritas Buffalo Ranch"
GULA - MOS - Calle Río Segura,101647894105,927123,Platform delivery,Online,SINGLE-1,N,"Calle Río Segura 30
28935 Madrid Móstoles
España",Delivered,2026-05-09 23:20,N,,,,,27.80,0.00,0.00,0.00,0.00,0.00,1.46,0.00,1.49,0.00,6.95,0.00,0.00,0.00,,0.00,,,17.90,0.00,0.00,17.90,0.00,0.00,1.49,0.00,0.00,"1 Buffalo Ranch, 1 The Sinner"
GULA - MOS - Calle Río Segura,101647900507,927123,Platform delivery,Online,SINGLE-1,N,"Calle Río Segura 30
28935 Madrid Móstoles
España",Delivered,2026-05-09 23:29,N,,,,,20.40,0.00,0.00,0.00,0.00,0.00,1.00,0.00,3.29,0.00,4.78,0.00,0.00,0.00,,0.00,,,11.33,0.00,0.00,11.33,0.00,0.00,3.29,0.00,0.00,"1 Cheese Bacon V, 1 Fritas Bacon Queso"
GULA - MOS - Calle Río Segura,101648290243,927123,Platform delivery,Online,SINGLE-1,N,"Calle Río Segura 30
28935 Madrid Móstoles
España",Delivered,2026-05-10 14:31,N,,,,,29.80,0.00,0.00,0.00,0.00,0.00,1.56,0.00,0.99,0.00,7.45,0.00,0.00,0.00,,0.00,,,19.80,0.00,0.00,19.80,0.00,0.00,0.99,0.00,0.00,"2 The Sinner Combo [1 Gula Cheeseburger, 1 Coca-Cola Sabor Original lata 330ml.]"
GULA - MOS - Calle Río Segura,101648870702,927123,Platform delivery,Online,SINGLE-1,N,"Calle Río Segura 30
28935 Madrid Móstoles
España",Delivered,2026-05-10 21:02,N,,,,,46.65,0.00,0.00,0.00,0.00,0.00,2.14,0.00,7.45,0.00,10.17,0.00,0.00,0.00,,0.00,,,26.89,0.00,0.00,26.89,0.00,0.00,7.45,0.00,0.00,"2 The Trufa Corp, 1 Cheese Jr., 1 Nuestras Fritas, 1 Fritas Trufadas"
GULA - MOS - Calle Río Segura,101649001043,927123,Platform delivery,Online,SINGLE-1,N,"Calle Río Segura 30
28935 Madrid Móstoles
España",Delivered,2026-05-10 22:20,N,,,,,38.80,0.00,0.00,0.00,0.00,0.00,1.97,0.00,3.79,0.00,9.38,0.00,0.00,0.00,,0.00,,,23.66,0.00,0.00,23.66,0.00,0.00,3.79,0.00,0.00,"1 Gula Cheeseburger [1 Extra: Fritas trufadas], 1 Spicy V, 1 Fritas Bacon Queso [1 Sin extras, 1 Sin extras, 1 Sin Extras]"
